25/07/24 09:03:22,?,6796536.000,?,?
25/07/24 09:03:23,707.606,6782608.000,55.461,43.986
25/07/24 09:03:24,345.864,6781120.000,51.356,39.827
25/07/24 09:03:25,1050.036,6778532.000,56.002,47.002
25/07/24 09:03:26,2149.850,7231164.000,72.995,63.996
25/07/24 09:03:27,13367.870,7752944.000,85.187,76.762
25/07/24 09:03:28,1588.540,7764044.000,62.254,49.374
25/07/24 09:03:29,590.089,7764532.000,55.008,45.007
25/07/24 09:03:30,589.589,7525516.000,57.960,46.967
25/07/24 09:03:31,1381.137,7514964.000,57.047,47.039
25/07/24 09:03:32,289.894,7515004.000,52.981,44.983
25/07/24 09:03:33,359.996,7513568.000,53.999,43.999
25/07/24 09:03:34,179.978,7513720.000,49.994,40.995
25/07/24 09:03:35,6792.221,7532416.000,64.021,54.018
25/07/24 09:03:36,8007.982,8734692.000,62.984,51.987
25/07/24 09:03:37,48240.621,7563596.000,93.943,72.956
25/07/24 09:03:38,86190.515,8385060.000,138.295,86.559
25/07/24 09:03:39,73164.159,21157228.000,165.917,145.805
25/07/24 09:03:40,88167.861,8374260.000,180.057,175.055
25/07/24 09:03:41,76525.863,8953988.000,177.534,172.880
25/07/24 09:03:42,88093.311,10545016.000,177.906,173.908
25/07/24 09:03:43,73913.085,11078024.000,177.081,171.814
25/07/24 09:03:44,0.000,11080540.000,758.725,0.000
25/07/24 09:03:45,358744.395,11082052.000,0.000,1494.768
25/07/24 09:03:46,93629.265,10892720.000,177.341,172.134
25/07/24 09:03:47,88178.562,10892944.000,275.558,0.000
25/07/24 09:03:48,0.000,10892944.000,0.000,898.473
25/07/24 09:03:49,90762.958,10986928.000,169.433,166.158
25/07/24 09:03:50,3974983.756,10996236.000,7472.385,5035.737
25/07/24 09:03:51,95338.649,11001284.000,176.600,170.293
25/07/24 09:03:52,89558.163,11003040.000,186.063,186.063
25/07/24 09:03:53,66527.381,11002788.000,164.944,164.944
25/07/24 09:03:54,13743.783,11003064.000,11.647,0.000
25/07/24 09:03:55,2476370.510,11001724.000,5671.078,5671.078
25/07/24 09:03:56,93660.506,11193480.000,177.851,173.899
25/07/24 09:03:57,59320.257,11477548.000,177.380,174.155
25/07/24 09:03:58,50600.280,11625512.000,137.258,156.795
25/07/24 09:03:59,597408.968,11643520.000,553.023,312.578
25/07/24 09:04:00,95510.264,11614212.000,178.076,176.364
25/07/24 09:04:01,?,?,?,?
25/07/24 09:04:02,?,?,?,?
25/07/24 09:04:03,?,?,?,?
25/07/24 09:04:04,?,?,?,?
25/07/24 09:04:05,?,?,?,?
25/07/24 09:04:06,?,?,?,?
25/07/24 09:04:07,?,?,?,?
25/07/24 09:04:08,?,?,?,?
25/07/24 09:04:09,?,?,?,?
25/07/24 09:04:10,?,?,?,?
25/07/24 09:04:11,?,?,?,?
25/07/24 09:04:12,?,?,?,?
25/07/24 09:04:13,?,?,?,?
25/07/24 09:04:14,?,?,?,?
25/07/24 09:04:15,?,?,?,?
25/07/24 09:04:16,?,?,?,?
25/07/24 09:04:17,?,?,?,?
25/07/24 09:04:18,?,?,?,?
25/07/24 09:04:19,?,?,?,?
25/07/24 09:04:20,?,?,?,?
25/07/24 09:04:21,?,?,?,?
25/07/24 09:04:22,?,?,?,?
25/07/24 09:04:23,?,?,?,?
25/07/24 09:04:24,?,?,?,?
25/07/24 09:04:25,?,?,?,?
25/07/24 09:04:26,?,?,?,?
25/07/24 09:04:27,?,?,?,?
25/07/24 09:04:28,?,?,?,?
25/07/24 09:04:29,?,?,?,?
25/07/24 09:04:30,?,?,?,?
25/07/24 09:04:31,?,?,?,?
25/07/24 09:04:32,?,?,?,?
25/07/24 09:04:33,?,?,?,?
25/07/24 09:04:34,?,?,?,?
25/07/24 09:04:35,?,?,?,?
25/07/24 09:04:36,?,?,?,?
25/07/24 09:04:37,?,?,?,?
25/07/24 09:04:38,?,?,?,?
25/07/24 09:04:39,?,?,?,?
25/07/24 09:04:40,?,?,?,?
25/07/24 09:04:41,?,?,?,?
25/07/24 09:04:42,?,?,?,?
25/07/24 09:04:43,?,?,?,?
25/07/24 09:04:44,?,?,?,?
25/07/24 09:04:45,?,?,?,?
25/07/24 09:04:46,?,?,?,?
25/07/24 09:04:47,?,?,?,?
25/07/24 09:04:48,?,?,?,?
25/07/24 09:04:49,?,?,?,?
25/07/24 09:04:50,?,?,?,?
25/07/24 09:04:51,?,?,?,?
25/07/24 09:04:52,?,?,?,?
25/07/24 09:04:53,?,?,?,?
25/07/24 09:04:54,?,?,?,?
25/07/24 09:04:55,?,?,?,?
25/07/24 09:04:56,?,?,?,?
25/07/24 09:04:57,?,?,?,?
25/07/24 09:04:58,?,?,?,?
25/07/24 09:04:59,?,?,?,?
25/07/24 09:05:00,?,?,?,?
25/07/24 09:05:01,?,?,?,?
25/07/24 09:05:02,?,?,?,?
25/07/24 09:05:03,?,?,?,?
25/07/24 09:05:04,?,?,?,?
25/07/24 09:05:05,?,?,?,?
25/07/24 09:05:06,?,?,?,?
25/07/24 09:05:07,?,?,?,?
25/07/24 09:05:08,?,?,?,?
25/07/24 09:05:09,?,?,?,?
25/07/24 09:05:10,?,12299532.000,?,?
25/07/24 09:05:11,0.000,12299532.000,0.000,0.000
25/07/24 09:05:12,0.000,12299532.000,0.000,0.000
25/07/24 09:05:13,0.000,12299532.000,721.501,0.000
25/07/24 09:05:14,16528.926,12299532.000,0.000,0.000
25/07/24 09:05:15,20872.099,13406980.000,102.769,91.855
25/07/24 09:05:16,11472.308,13932540.000,88.999,73.150
25/07/24 09:05:17,1290.352,13955964.000,65.018,52.014
25/07/24 09:05:18,1559.760,13340344.000,63.990,50.992
25/07/24 09:05:19,903.279,13325524.000,61.709,50.977
25/07/24 09:05:20,2641.654,13364412.000,64.624,52.153
25/07/24 09:05:21,3068.794,13395012.000,61.976,49.980
25/07/24 09:05:22,2821.346,13423100.000,62.030,47.022
25/07/24 09:05:23,1093.727,13419120.000,58.394,47.271
25/07/24 09:05:24,1106.795,13422448.000,58.595,49.914
25/07/24 09:05:25,2741.099,13425192.000,65.026,53.021
25/07/24 09:05:26,1133.164,13429648.000,60.314,47.520
25/07/24 09:05:27,1627.449,13443896.000,65.299,54.248
25/07/24 09:05:28,3031.225,13453292.000,66.994,52.717
25/07/24 09:05:29,574.041,13447448.000,58.377,45.729
25/07/24 09:05:30,2252.850,13491304.000,62.751,49.378
25/07/24 09:05:31,2323.733,13516372.000,62.595,48.018
25/07/24 09:05:32,2267.217,13507232.000,58.780,46.784
25/07/24 09:05:33,1202.977,13512140.000,58.658,45.733
25/07/24 09:05:34,1267.296,13509480.000,62.359,50.290
25/07/24 09:05:35,2130.635,13515756.000,67.020,55.016
25/07/24 09:05:36,2479.551,13534444.000,67.988,53.990
25/07/24 09:05:37,1290.106,13537668.000,58.005,47.004
25/07/24 09:05:38,1419.324,13550352.000,63.970,49.976
25/07/24 09:05:39,1941.801,13563752.000,66.353,55.619
25/07/24 09:05:40,2328.762,13575556.000,69.760,58.476
25/07/24 09:05:41,1870.649,13578748.000,64.245,53.852
25/07/24 09:05:42,1996.663,13578532.000,66.909,56.289
25/07/24 09:05:43,2568.700,13583496.000,67.966,53.973
25/07/24 09:05:44,896.733,13581332.000,59.477,44.837
25/07/24 09:05:45,3110.581,13072588.000,73.904,61.770
25/07/24 09:05:46,39659.605,8099952.000,89.683,76.728
25/07/24 09:05:47,5077.400,7661312.000,80.275,69.237
25/07/24 09:05:48,1289.670,7645044.000,59.985,48.987
25/07/24 09:05:49,929.950,7642988.000,54.997,46.997
25/07/24 09:05:50,510.032,7641384.000,54.003,46.003
25/07/24 09:05:51,269.989,7638700.000,54.998,44.998
25/07/24 09:05:52,80.009,7637424.000,53.006,42.005
25/07/24 09:05:53,749.934,7633320.000,56.995,46.996
25/07/24 09:05:54,80.004,7626476.000,50.003,41.002
25/07/24 09:05:55,280.064,7623932.000,54.012,44.010
25/07/24 09:05:56,1019.608,7617572.000,59.977,48.981
25/07/24 09:05:57,930.129,7612736.000,61.008,50.007
25/07/24 09:05:58,1360.170,7614076.000,58.007,47.006
25/07/24 09:05:59,499.447,7613688.000,54.939,43.951
25/07/24 09:06:00,1221.116,7606616.000,56.051,46.042
25/07/24 09:06:01,1380.235,7609124.000,60.010,47.008
25/07/24 09:06:02,650.265,7607524.000,54.022,43.018
25/07/24 09:06:03,621.622,7603056.000,59.248,48.564
25/07/24 09:06:04,329.517,7603000.000,54.576,42.219
25/07/24 09:06:05,650.059,7599580.000,55.005,46.004
25/07/24 09:06:06,1030.099,7605360.000,61.006,51.005
25/07/24 09:06:07,189.977,7604436.000,50.994,40.995
25/07/24 09:06:08,310.038,7594824.000,56.007,44.005
25/07/24 09:06:09,1229.988,7596832.000,58.999,48.000
25/07/24 09:06:10,1180.172,7597948.000,57.008,44.006
25/07/24 09:06:11,1399.885,7595192.000,66.995,55.995
25/07/24 09:06:12,1430.046,7595220.000,64.002,53.002
25/07/24 09:06:13,769.922,7592376.000,60.994,47.995
25/07/24 09:06:14,259.903,7591060.000,53.980,44.983
25/07/24 09:06:15,120.019,7590184.000,52.008,41.007
25/07/24 09:06:16,1659.851,7590624.000,63.994,53.995
25/07/24 09:06:17,1380.065,7592132.000,59.003,50.002
25/07/24 09:06:18,440.083,7594856.000,57.011,46.009
25/07/24 09:06:19,1170.099,7592608.000,58.005,50.004
25/07/24 09:06:20,1379.211,7600084.000,60.459,49.123
25/07/24 09:06:21,3007.544,7877652.000,72.266,60.576
25/07/24 09:06:22,13690.452,8342376.000,94.003,83.003
25/07/24 09:06:23,2168.712,8422696.000,64.961,51.969
25/07/24 09:06:24,759.897,8420584.000,56.992,47.994
25/07/24 09:06:25,790.312,8189848.000,58.023,48.019
25/07/24 09:06:26,930.026,8186304.000,60.002,47.001
25/07/24 09:06:27,759.875,8185364.000,56.991,45.992
25/07/24 09:06:28,700.057,8178872.000,57.005,47.004
25/07/24 09:06:29,519.982,8175140.000,57.998,47.998
25/07/24 09:06:30,4350.022,8332312.000,58.000,46.000
25/07/24 09:06:31,18500.814,10220952.000,72.003,58.003
25/07/24 09:06:32,16011.962,9904820.000,63.968,52.973
25/07/24 09:06:33,87707.369,8202656.000,95.997,121.996
25/07/24 09:06:34,87083.527,15317476.000,148.057,146.056
25/07/24 09:06:35,70844.643,8399960.000,178.432,162.483
25/07/24 09:06:36,83184.071,11534156.000,176.439,174.457
25/07/24 09:06:37,82012.770,8833224.000,180.203,175.141
25/07/24 09:06:38,83170.979,10187908.000,179.024,176.023
25/07/24 09:06:39,59494.655,9650440.000,147.994,174.001
25/07/24 09:06:40,213145.391,9936504.000,305.864,173.668
25/07/24 09:06:41,93888.638,11041432.000,179.016,174.016
25/07/24 09:06:42,67253.621,10517080.000,148.235,165.136
25/07/24 09:06:43,151920.553,10656672.000,248.039,192.919
25/07/24 09:06:44,0.000,10657176.000,0.000,0.000
25/07/24 09:06:45,141528.508,10658688.000,404.367,404.367
25/07/24 09:06:46,0.000,10659192.000,49.409,158.544
25/07/24 09:06:47,128163.707,10715972.000,219.519,161.790
25/07/24 09:06:48,67932.399,10741540.000,142.274,176.461
25/07/24 09:06:49,531794.734,10746052.000,781.697,365.021
25/07/24 09:06:50,0.000,10746052.000,0.000,0.000
25/07/24 09:06:51,784.196,10749804.000,52.280,136.351
25/07/24 09:06:52,339669.935,10821240.000,507.276,266.693
25/07/24 09:06:53,108407.531,10823940.000,169.918,158.590
25/07/24 09:06:54,116850.960,10826360.000,203.514,195.034
25/07/24 09:06:55,7268.217,10827872.000,93.353,133.362
25/07/24 09:06:56,109098.566,10832852.000,179.857,166.697
25/07/24 09:06:57,127719.412,10849384.000,227.619,217.502
25/07/24 09:06:58,76538.010,10863304.000,129.725,156.434
25/07/24 09:06:59,88183.488,10864400.000,231.065,189.398
25/07/24 09:07:00,190179.102,10865800.000,194.965,177.241
25/07/24 09:07:01,83576.167,10957632.000,170.057,171.829
25/07/24 09:07:02,58381.421,11941744.000,128.538,153.445
25/07/24 09:07:03,124837.807,12044620.000,?,?
25/07/24 09:07:04,299.666,12046356.000,?,?
25/07/24 09:07:05,?,?,?,?
25/07/24 09:07:06,?,?,?,?
25/07/24 09:07:07,?,?,?,?
25/07/24 09:07:08,?,?,?,?
25/07/24 09:07:09,?,?,?,?
25/07/24 09:07:10,?,?,?,?
25/07/24 09:07:11,?,?,?,?
25/07/24 09:07:12,?,?,?,?
25/07/24 09:07:13,?,?,?,?
25/07/24 09:07:14,?,?,?,?
25/07/24 09:07:15,?,?,?,?
25/07/24 09:07:16,?,?,?,?
25/07/24 09:07:17,?,?,?,?
25/07/24 09:07:18,?,?,?,?
25/07/24 09:07:19,?,?,?,?
25/07/24 09:07:20,?,?,?,?
25/07/24 09:07:21,?,?,?,?
25/07/24 09:07:22,?,?,?,?
25/07/24 09:07:23,?,?,?,?
25/07/24 09:07:24,?,?,?,?
25/07/24 09:07:25,?,?,?,?
25/07/24 09:07:26,?,?,?,?
25/07/24 09:07:27,?,?,?,?
25/07/24 09:07:28,?,?,?,?
25/07/24 09:07:29,?,?,?,?
25/07/24 09:07:30,?,?,?,?
25/07/24 09:07:31,?,?,?,?
25/07/24 09:07:32,?,?,?,?
25/07/24 09:07:33,?,?,?,?
25/07/24 09:07:34,?,?,?,?
25/07/24 09:07:35,?,?,?,?
25/07/24 09:07:36,?,?,?,?
25/07/24 09:07:37,?,?,?,?
25/07/24 09:07:38,?,?,?,?
25/07/24 09:07:39,?,?,?,?
25/07/24 09:07:40,?,?,?,?
25/07/24 09:07:41,?,?,?,?
25/07/24 09:07:42,?,?,?,?
25/07/24 09:07:43,?,?,?,?
25/07/24 09:07:44,?,?,?,?
25/07/24 09:07:45,?,?,?,?
25/07/24 09:07:46,?,?,?,?
25/07/24 09:07:47,?,?,?,?
25/07/24 09:07:48,?,?,?,?
25/07/24 09:07:49,?,?,?,?
25/07/24 09:07:50,?,?,?,?
25/07/24 09:07:51,?,?,?,?
25/07/24 09:07:52,?,?,?,?
25/07/24 09:07:53,?,?,?,?
25/07/24 09:07:54,?,?,?,?
25/07/24 09:07:55,?,?,?,?
25/07/24 09:07:56,?,?,?,?
25/07/24 09:07:57,?,?,?,?
25/07/24 09:07:58,?,?,?,?
25/07/24 09:07:59,?,?,?,?
25/07/24 09:08:00,?,?,?,?
25/07/24 09:08:01,?,?,?,?
25/07/24 09:08:02,?,?,?,?
25/07/24 09:08:03,?,?,?,?
25/07/24 09:08:04,?,?,?,?
25/07/24 09:08:05,?,?,?,?
25/07/24 09:08:06,?,?,?,?
25/07/24 09:08:07,?,?,?,?
25/07/24 09:08:08,?,?,?,?
25/07/24 09:08:09,?,?,?,?
25/07/24 09:08:10,?,?,?,?
25/07/24 09:08:11,?,?,?,?
25/07/24 09:08:12,?,?,?,?
25/07/24 09:08:13,?,?,?,?
25/07/24 09:08:14,?,?,?,?
25/07/24 09:08:15,?,?,?,?
25/07/24 09:08:16,?,?,?,?
25/07/24 09:08:17,?,?,?,?
25/07/24 09:08:18,?,?,?,?
25/07/24 09:08:19,?,13548732.000,?,?
25/07/24 09:08:20,919.732,13568292.000,60.982,49.985
25/07/24 09:08:21,2430.571,13564188.000,64.015,51.012
25/07/24 09:08:22,1065.216,13566112.000,59.918,49.456
25/07/24 09:08:23,1275.696,13568092.000,61.852,51.221
25/07/24 09:08:24,1728.646,13561240.000,61.268,51.422
25/07/24 09:08:25,830.194,13566072.000,66.015,57.013
25/07/24 09:08:26,509.620,13563704.000,54.959,44.966
25/07/24 09:08:27,3039.204,13077224.000,72.268,60.388
25/07/24 09:08:28,19196.244,8841240.000,92.222,80.193
25/07/24 09:08:29,6635.006,7727520.000,80.696,69.737
25/07/24 09:08:30,1619.827,7710936.000,63.781,53.657
25/07/24 09:08:31,729.772,7703516.000,57.982,47.985
25/07/24 09:08:32,290.088,7701888.000,54.016,45.014
25/07/24 09:08:33,690.063,7696208.000,56.005,47.004
25/07/24 09:08:34,279.978,7694520.000,53.996,44.996
25/07/24 09:08:35,190.004,7694396.000,51.001,42.001
25/07/24 09:08:36,230.018,7691036.000,49.004,40.003
25/07/24 09:08:37,789.852,7683008.000,58.989,49.991
25/07/24 09:08:38,270.048,7678360.000,56.010,45.008
25/07/24 09:08:39,1149.817,7672932.000,57.991,46.993
25/07/24 09:08:40,1301.235,7677828.000,56.869,44.338
25/07/24 09:08:41,2058.708,7673728.000,61.761,50.438
25/07/24 09:08:42,897.379,7671796.000,54.787,45.341
25/07/24 09:08:43,1577.074,7670108.000,63.298,53.642
25/07/24 09:08:44,688.058,7667580.000,53.300,45.547
25/07/24 09:08:45,206.535,7661796.000,51.634,44.405
25/07/24 09:08:46,800.060,7656660.000,57.004,46.003
25/07/24 09:08:47,229.966,7653420.000,52.992,44.993
25/07/24 09:08:48,420.074,7648612.000,55.010,47.008
25/07/24 09:08:49,409.980,7648480.000,53.997,44.998
25/07/24 09:08:50,870.023,7642736.000,57.001,46.001
25/07/24 09:08:51,769.957,7639508.000,55.997,45.997
25/07/24 09:08:52,790.009,7641484.000,54.001,44.000
25/07/24 09:08:53,1780.281,7630580.000,59.009,49.008
25/07/24 09:08:54,559.928,7624736.000,58.992,48.994
25/07/24 09:08:55,710.110,7621996.000,60.009,51.008
25/07/24 09:08:56,679.689,7617904.000,53.975,43.980
25/07/24 09:08:57,630.046,7607644.000,57.004,48.004
25/07/24 09:08:58,789.890,7599912.000,58.992,49.993
25/07/24 09:08:59,750.076,7592152.000,55.006,46.005
25/07/24 09:09:00,987.744,7596304.000,60.926,52.618
25/07/24 09:09:01,1407.001,7599252.000,56.716,44.719
25/07/24 09:09:02,750.419,7600596.000,55.031,46.026
25/07/24 09:09:03,1170.123,7598076.000,58.006,47.005
25/07/24 09:09:04,459.883,7599952.000,54.986,46.988
25/07/24 09:09:05,429.968,7594716.000,55.996,45.997
25/07/24 09:09:06,230.007,7593356.000,53.002,44.001
25/07/24 09:09:07,380.007,7592812.000,58.001,49.001
25/07/24 09:09:08,670.096,7579620.000,54.008,45.006
25/07/24 09:09:09,1029.729,7574812.000,61.984,49.987
25/07/24 09:09:10,1210.278,7573440.000,59.014,49.011
25/07/24 09:09:11,1399.929,7572996.000,58.997,47.998
25/07/24 09:09:12,1209.892,7567688.000,57.995,47.996
25/07/24 09:09:13,1299.968,7569200.000,59.999,50.999
25/07/24 09:09:14,390.012,7566824.000,52.002,44.001
25/07/24 09:09:15,309.998,7564468.000,52.000,42.000
25/07/24 09:09:16,380.027,7554920.000,52.004,44.003
25/07/24 09:09:17,849.743,7545140.000,56.983,46.986
25/07/24 09:09:18,1397.980,7533888.000,56.918,45.934
25/07/24 09:09:19,597.106,7529480.000,54.816,43.070
25/07/24 09:09:20,1331.100,7531380.000,62.459,51.196
25/07/24 09:09:21,2329.238,7525604.000,61.980,50.983
25/07/24 09:09:22,1630.502,7522756.000,66.020,56.017
25/07/24 09:09:23,1050.246,7522812.000,55.013,47.011
25/07/24 09:09:24,1509.665,7515556.000,63.986,51.988
25/07/24 09:09:25,199.993,7514752.000,50.998,42.998
25/07/24 09:09:26,399.931,7517408.000,56.990,46.992
25/07/24 09:09:27,390.001,7509184.000,52.000,44.000
25/07/24 09:09:28,1180.218,7509072.000,58.011,49.009
25/07/24 09:09:29,469.984,7509488.000,53.998,44.999
25/07/24 09:09:30,169.997,7508296.000,52.999,43.999
25/07/24 09:09:31,1289.930,7499936.000,54.997,45.998
25/07/24 09:09:32,329.975,7496064.000,52.996,42.997
25/07/24 09:09:33,570.101,7497168.000,53.009,45.008
25/07/24 09:09:34,739.854,7496824.000,55.989,46.991
25/07/24 09:09:35,460.087,7496144.000,52.010,43.008
25/07/24 09:09:36,240.004,7494776.000,50.001,41.001
25/07/24 09:09:37,420.003,7495416.000,53.000,45.000
25/07/24 09:09:38,290.031,7491344.000,52.006,43.005
25/07/24 09:09:39,1629.255,7495780.000,61.972,50.977
25/07/24 09:09:40,1645.049,7498044.000,58.061,47.416
25/07/24 09:09:41,1697.278,7497284.000,61.061,50.711
25/07/24 09:09:42,873.357,7497500.000,57.562,46.645
25/07/24 09:09:43,2257.325,7505860.000,64.495,53.410
25/07/24 09:09:44,1200.029,7504800.000,65.002,53.001
25/07/24 09:09:45,1164.495,7506156.000,60.198,48.356
25/07/24 09:09:46,709.409,7507232.000,53.712,45.605
25/07/24 09:09:47,430.040,7510940.000,57.005,45.004
25/07/24 09:09:48,189.971,7507928.000,51.992,42.993
25/07/24 09:09:49,529.985,7512740.000,52.999,42.999
25/07/24 09:09:50,230.009,7508676.000,49.002,40.002
25/07/24 09:09:51,930.014,7507812.000,56.001,46.001
25/07/24 09:09:52,489.944,7509912.000,51.994,43.995
25/07/24 09:09:53,510.015,7506872.000,56.002,47.001
25/07/24 09:09:54,330.012,7504816.000,54.002,45.002
25/07/24 09:09:55,859.927,7503172.000,59.995,49.996
25/07/24 09:09:56,369.964,7503556.000,50.995,41.996
25/07/24 09:09:57,650.120,7506112.000,57.011,47.009
25/07/24 09:09:58,559.950,7507008.000,56.995,46.996
25/07/24 09:09:59,900.053,7508288.000,57.003,46.003
25/07/24 09:10:00,680.272,7513116.000,56.022,45.018
25/07/24 09:10:01,1269.627,7509380.000,59.982,47.986
25/07/24 09:10:02,880.122,7511660.000,59.008,48.007
25/07/24 09:10:03,1259.725,7514896.000,56.988,46.990
25/07/24 09:10:04,429.997,7511756.000,50.000,42.000
25/07/24 09:10:05,320.006,7508628.000,54.001,45.001
25/07/24 09:10:06,219.986,7501576.000,50.997,41.997
25/07/24 09:10:07,980.054,7504960.000,59.003,49.003
25/07/24 09:10:08,1180.153,7500392.000,57.007,46.006
25/07/24 09:10:09,1629.917,7496980.000,64.997,54.997
25/07/24 09:10:10,1339.862,7497572.000,55.994,43.995
25/07/24 09:10:11,760.066,7498656.000,57.005,44.004
25/07/24 09:10:12,1187.051,7501696.000,58.870,49.219
25/07/24 09:10:13,1494.430,7503248.000,56.041,47.739
25/07/24 09:10:14,369.810,7500600.000,55.971,46.976
25/07/24 09:10:15,310.030,7496268.000,56.005,47.005
25/07/24 09:10:16,499.929,7495268.000,53.992,44.994
25/07/24 09:10:17,750.128,7494512.000,57.010,48.008
25/07/24 09:10:18,789.701,7500692.000,53.980,46.982
25/07/24 09:10:19,560.320,7498800.000,55.031,47.027
25/07/24 09:10:20,1580.043,7504848.000,61.002,48.001
25/07/24 09:10:21,1479.343,7501464.000,59.973,49.978
25/07/24 09:10:22,8371.281,8101160.000,86.013,77.012
25/07/24 09:10:23,5482.127,8348248.000,70.027,63.024
25/07/24 09:10:24,1419.705,8354064.000,61.987,49.990
25/07/24 09:10:25,1059.824,8357116.000,59.990,48.992
25/07/24 09:10:26,720.050,8109932.000,56.004,48.003
25/07/24 09:10:27,1309.996,8109560.000,57.000,47.000
25/07/24 09:10:28,780.094,8105348.000,54.007,44.005
25/07/24 09:10:29,799.918,8102880.000,54.994,45.995
25/07/24 09:10:30,960.016,8101072.000,59.001,50.001
25/07/24 09:10:31,68054.011,8857532.000,85.992,76.993
25/07/24 09:10:32,86594.375,18948088.000,107.291,95.006
25/07/24 09:10:33,65636.942,15917820.000,156.707,147.715
25/07/24 09:10:34,89796.783,11411340.000,180.873,177.875
25/07/24 09:10:35,79584.964,8793676.000,176.988,174.435
25/07/24 09:10:36,89969.496,11011256.000,179.437,173.455
25/07/24 09:10:37,81606.979,16026076.000,164.523,174.521
25/07/24 09:10:38,91897.276,12386968.000,180.296,166.891
25/07/24 09:10:39,106349.433,10540712.000,203.215,203.215
25/07/24 09:10:40,96676.043,9040736.000,?,171.747
25/07/24 09:10:41,95333.517,9072008.000,177.988,173.988
25/07/24 09:10:42,94713.280,9085604.000,177.600,168.670
25/07/24 09:10:43,94708.149,9095012.000,180.842,174.746
25/07/24 09:10:44,82815.993,9110980.000,177.531,172.544
25/07/24 09:10:45,140983.683,9115176.000,177.694,167.931
25/07/24 09:10:46,94792.004,9129576.000,180.074,174.005
25/07/24 09:10:47,94728.015,9141592.000,178.262,172.287
25/07/24 09:10:48,95997.651,9166936.000,178.582,173.291
25/07/24 09:10:49,94163.788,9176780.000,177.707,167.375
25/07/24 09:10:50,96348.509,9183820.000,180.451,173.354
25/07/24 09:10:51,89025.227,9188532.000,177.991,173.019
25/07/24 09:10:52,72774.117,9212012.000,162.842,170.487
25/07/24 09:10:53,96914.760,9232456.000,144.270,157.478
25/07/24 09:10:54,133534.262,9237560.000,251.395,193.813
25/07/24 09:10:55,95153.737,9248260.000,179.763,172.733
25/07/24 09:10:56,87209.382,9274524.000,163.025,160.278
25/07/24 09:10:57,95257.323,9283392.000,176.902,170.905
25/07/24 09:10:58,91803.801,9279412.000,196.239,188.270
25/07/24 09:10:59,104585.057,9293508.000,179.251,173.718
25/07/24 09:11:00,86654.309,9306104.000,161.818,171.818
25/07/24 09:11:01,105467.949,9307240.000,197.323,171.826
25/07/24 09:11:02,94580.296,9309116.000,178.359,172.347
25/07/24 09:11:03,92787.061,9328664.000,176.916,170.986
25/07/24 09:11:04,94863.001,9342100.000,178.703,170.671
25/07/24 09:11:05,93615.751,9335888.000,178.703,174.641
25/07/24 09:11:06,92133.232,9339820.000,177.217,171.374
25/07/24 09:11:07,96748.984,9365216.000,180.265,173.095
25/07/24 09:11:08,94440.360,9380340.000,177.306,172.326
25/07/24 09:11:09,93795.848,9384016.000,178.289,171.317
25/07/24 09:11:10,60334.273,9375132.000,170.413,157.226
25/07/24 09:11:11,10589.955,9105228.000,113.106,100.094
25/07/24 09:11:12,84715.260,9165732.000,137.807,126.928
25/07/24 09:11:13,86689.778,9176404.000,189.108,181.835
25/07/24 09:11:14,116051.812,9182992.000,181.350,173.998
25/07/24 09:11:15,58948.736,9161976.000,118.994,173.811
25/07/24 09:11:16,153446.921,9189516.000,287.532,151.713
25/07/24 09:11:17,92422.699,9177028.000,194.124,187.543
25/07/24 09:11:18,96426.793,9185612.000,161.541,157.477
25/07/24 09:11:19,92613.382,9203864.000,193.149,189.227
25/07/24 09:11:20,106302.356,9212576.000,180.173,171.165
25/07/24 09:11:21,84250.098,9205528.000,159.839,155.374
25/07/24 09:11:22,106156.196,9212816.000,199.727,193.705
25/07/24 09:11:23,94306.294,9233600.000,178.344,173.800
25/07/24 09:11:24,93751.246,9242512.000,177.397,174.407
25/07/24 09:11:25,92892.727,9263432.000,178.167,172.261
25/07/24 09:11:26,77070.128,9275796.000,171.783,?
25/07/24 09:11:27,98641.143,9302184.000,151.577,147.880
25/07/24 09:11:28,187848.336,9306016.000,349.561,388.764
25/07/24 09:11:29,129095.394,9308004.000,250.237,174.272
25/07/24 09:11:30,67193.252,9308748.000,178.705,178.705
25/07/24 09:11:31,67807.771,9317092.000,166.863,161.625
25/07/24 09:11:32,98683.805,9327904.000,197.072,192.145
25/07/24 09:11:33,115378.491,9341200.000,177.888,174.156
25/07/24 09:11:34,86937.818,9342356.000,165.456,173.729
25/07/24 09:11:35,88870.676,9351580.000,185.194,174.327
25/07/24 09:11:36,5291145.972,9364748.000,797.660,265.887
25/07/24 09:11:37,92684.421,9370864.000,175.592,171.378
25/07/24 09:11:38,93932.074,9379916.000,179.618,173.495
25/07/24 09:11:39,76255.690,9387536.000,148.692,173.687
25/07/24 09:11:40,69062.618,9418456.000,152.760,175.194
25/07/24 09:11:41,?,?,191.254,174.289
25/07/24 09:11:42,?,?,174.715,171.289
25/07/24 09:11:43,?,?,216.068,216.068
25/07/24 09:11:44,?,?,246.792,246.792
25/07/24 09:11:45,?,?,125.149,187.723
25/07/24 09:11:46,?,?,247.663,123.831
25/07/24 09:11:47,?,?,111.115,154.689
25/07/24 09:11:48,?,?,425.888,241.936
25/07/24 09:11:49,?,?,169.200,166.675
25/07/24 09:11:50,?,?,125.645,128.134
25/07/24 09:11:51,?,?,77.088,61.070
25/07/24 09:11:52,?,?,87.056,77.081
25/07/24 09:11:53,?,?,96.759,87.861
25/07/24 09:11:54,?,?,92.893,82.733
25/07/24 09:11:55,?,?,120.559,96.447
25/07/24 09:11:56,?,?,148.375,116.785
25/07/24 09:11:57,?,?,141.040,117.884
25/07/24 09:11:58,?,?,85.988,77.989
25/07/24 09:11:59,?,?,73.984,60.987
25/07/24 09:12:00,?,?,72.017,62.015
25/07/24 09:12:01,?,?,100.999,109.999
25/07/24 09:12:02,?,?,115.007,115.007
25/07/24 09:12:03,?,?,74.986,72.987
25/07/24 09:12:04,?,?,71.003,58.002
25/07/24 09:12:05,?,?,65.005,54.004
25/07/24 09:12:06,?,?,59.993,50.994
25/07/24 09:12:07,?,?,54.985,45.988
25/07/24 09:12:08,?,?,56.013,47.011
25/07/24 09:12:09,?,?,52.997,43.998
25/07/24 09:12:10,?,?,59.992,49.993
25/07/24 09:12:11,?,?,55.000,45.000
25/07/24 09:12:12,?,?,54.915,46.089
25/07/24 09:12:13,?,?,59.179,49.996
25/07/24 09:12:14,?,?,54.994,45.995
25/07/24 09:12:15,?,?,56.003,47.003
25/07/24 09:12:16,?,?,57.991,48.993
25/07/24 09:12:17,?,?,53.004,45.003
25/07/24 09:12:18,?,?,51.003,44.003
25/07/24 09:12:19,?,10905368.000,55.984,45.987
25/07/24 09:12:20,2650.292,10920492.000,68.007,57.006
25/07/24 09:12:21,1450.017,10925588.000,61.001,50.001
25/07/24 09:12:22,830.182,10922540.000,59.013,49.011
25/07/24 09:12:23,1589.499,10921884.000,62.980,51.984
25/07/24 09:12:24,889.955,10923344.000,56.997,46.998
25/07/24 09:12:25,630.004,10923016.000,58.000,50.000
25/07/24 09:12:26,670.076,10921376.000,55.006,45.005
25/07/24 09:12:27,539.975,10920748.000,57.997,48.998
25/07/24 09:12:28,1029.885,10920920.000,57.994,47.995
25/07/24 09:12:29,1009.982,10919896.000,58.999,49.999
25/07/24 09:12:30,1000.158,10917888.000,59.009,49.008
25/07/24 09:12:31,509.920,10912292.000,55.991,47.993
25/07/24 09:12:32,580.003,10896308.000,54.000,46.000
25/07/24 09:12:33,670.015,10886924.000,60.001,51.001
25/07/24 09:12:34,9709.602,10820092.000,62.997,53.998
25/07/24 09:12:35,10400.510,7724812.000,84.004,74.004
25/07/24 09:12:36,1740.139,7698028.000,63.005,53.004
25/07/24 09:12:37,890.185,7704040.000,61.013,48.010
25/07/24 09:12:38,879.954,7696028.000,51.997,42.998
25/07/24 09:12:39,1309.815,7703692.000,56.992,46.993
25/07/24 09:12:40,1396.177,7697196.000,54.508,41.120
25/07/24 09:12:41,2422.183,7703700.000,60.295,47.820
25/07/24 09:12:42,1144.220,7693168.000,56.722,45.964
25/07/24 09:12:43,997.357,7688720.000,57.791,45.673
25/07/24 09:12:44,769.049,7684508.000,55.728,45.697
25/07/24 09:12:45,969.897,7674176.000,57.994,48.995
25/07/24 09:12:46,579.997,7669012.000,57.000,48.000
25/07/24 09:12:47,439.976,7664780.000,53.997,44.998
25/07/24 09:12:48,190.017,7661736.000,50.004,41.004
25/07/24 09:12:49,520.113,7656772.000,55.012,46.010
25/07/24 09:12:50,659.826,7652224.000,54.986,45.988
25/07/24 09:12:51,740.009,7641752.000,55.001,46.001
25/07/24 09:12:52,399.957,7641540.000,54.994,45.995
25/07/24 09:12:53,449.945,7640440.000,52.994,44.995
25/07/24 09:12:54,1190.334,7663280.000,58.016,47.013
25/07/24 09:12:55,759.877,7641960.000,52.991,44.993
25/07/24 09:12:56,299.988,7640224.000,55.998,44.998
25/07/24 09:12:57,680.227,7639560.000,59.020,50.017
25/07/24 09:12:58,3740.071,8009904.000,76.001,64.001
25/07/24 09:12:59,11138.897,8433684.000,83.992,75.992
25/07/24 09:13:00,1789.895,8437116.000,57.769,47.352
25/07/24 09:13:01,1768.770,8432668.000,61.430,50.839
25/07/24 09:13:02,1363.609,8208108.000,62.151,51.947
25/07/24 09:13:03,2072.354,8204216.000,58.590,47.740
25/07/24 09:13:04,790.000,8201652.000,52.000,42.000
25/07/24 09:13:05,639.973,8198532.000,54.998,42.998
25/07/24 09:13:06,630.069,8198220.000,53.006,44.005
25/07/24 09:13:07,69532.356,9503244.000,89.930,82.024
25/07/24 09:13:08,87543.116,16536980.000,107.253,92.076
25/07/24 09:13:09,72076.352,11959632.000,165.670,136.728
25/07/24 09:13:10,87647.565,12133588.000,178.730,175.734
25/07/24 09:13:11,81080.050,8185764.000,179.687,175.672
25/07/24 09:13:12,88821.712,12093412.000,178.155,175.312
25/07/24 09:13:13,80216.747,9076360.000,176.562,172.431
25/07/24 09:13:14,85303.030,11368420.000,172.348,176.136
25/07/24 09:13:15,92544.635,22668528.000,188.933,174.817
25/07/24 09:13:16,76611.794,14915916.000,179.074,175.073
25/07/24 09:13:17,89402.414,12547204.000,179.005,175.005
25/07/24 09:13:18,91388.081,14165896.000,178.996,174.996
25/07/24 09:13:19,90806.447,11369876.000,178.013,175.012
25/07/24 09:13:20,90157.060,13184592.000,177.654,172.692
25/07/24 09:13:21,89938.400,13087760.000,180.259,176.231
25/07/24 09:13:22,88566.418,12203896.000,178.449,175.458
25/07/24 09:13:23,86861.682,20656524.000,179.603,175.590
25/07/24 09:13:24,90315.730,12443040.000,177.972,173.973
25/07/24 09:13:25,91454.781,10771548.000,179.107,174.104
25/07/24 09:13:26,89764.830,16190924.000,178.970,174.970
25/07/24 09:13:27,85615.926,15922256.000,177.618,173.627
25/07/24 09:13:28,76397.709,11276372.000,178.438,173.426
25/07/24 09:13:29,39291.946,9483124.000,135.903,120.914
25/07/24 09:13:30,87990.081,11095232.000,167.101,156.225
25/07/24 09:13:31,89154.264,13284480.000,182.133,172.015
25/07/24 09:13:32,82856.291,18411736.000,176.561,172.638
25/07/24 09:13:33,81581.035,39608432.000,181.246,177.173
25/07/24 09:13:34,79038.124,58601880.000,179.245,174.238
25/07/24 09:13:35,80731.405,19589200.000,179.070,175.068
25/07/24 09:13:36,91599.359,11157248.000,178.999,174.999
25/07/24 09:13:37,91177.661,12960512.000,177.956,174.957
25/07/24 09:13:38,89833.462,19454492.000,178.848,174.851
25/07/24 09:13:39,88589.600,21804688.000,179.080,175.078
25/07/24 09:13:40,89797.698,21572496.000,178.975,174.976
25/07/24 09:13:41,88772.465,14673136.000,179.252,175.458
25/07/24 09:13:42,87456.272,12364596.000,177.432,174.283
25/07/24 09:13:43,88275.636,13697896.000,176.887,173.923
25/07/24 09:13:44,90767.085,14416732.000,182.513,177.415
25/07/24 09:13:45,89992.406,14960120.000,177.394,175.400
25/07/24 09:13:46,91179.143,13771060.000,178.314,174.329
25/07/24 09:13:47,88138.463,11530296.000,177.163,174.210
25/07/24 09:13:48,92311.819,10973504.000,182.228,177.109
25/07/24 09:13:49,90622.002,11678296.000,177.304,174.349
25/07/24 09:13:50,73020.816,9931824.000,177.852,169.721
25/07/24 09:13:51,11240.019,9252548.000,88.921,81.927
25/07/24 09:13:52,9609.856,10332248.000,75.999,51.999
25/07/24 09:13:53,8667.356,9373340.000,71.978,56.983
25/07/24 09:13:54,8110.777,10513316.000,68.569,51.917
25/07/24 09:13:55,22629.591,9586416.000,81.769,61.327
25/07/24 09:13:56,21375.703,13273328.000,85.983,59.988
25/07/24 09:13:57,8339.591,9542820.000,71.996,57.997
25/07/24 09:13:58,7971.244,10958364.000,69.011,56.009
25/07/24 09:13:59,9528.990,9795108.000,66.993,51.994
25/07/24 09:14:00,5137.703,10940852.000,61.972,47.979
25/07/24 09:14:01,1430.783,9261424.000,65.036,54.030
25/07/24 09:14:02,643.323,9259136.000,55.425,45.527
25/07/24 09:14:03,1637.123,9255536.000,58.613,49.518
25/07/24 09:14:04,459.908,9255376.000,56.989,48.990
25/07/24 09:14:05,370.022,9250912.000,54.003,46.003
25/07/24 09:14:06,729.977,9249116.000,59.998,49.998
25/07/24 09:14:07,410.027,9248044.000,53.003,45.003
25/07/24 09:14:08,310.066,9248000.000,53.011,43.009
25/07/24 09:14:09,1179.618,9247644.000,56.982,47.984
25/07/24 09:14:10,1140.399,9247848.000,53.019,42.015
25/07/24 09:14:11,749.969,9247072.000,55.998,45.998
25/07/24 09:14:12,679.993,9245012.000,54.999,44.000
25/07/24 09:14:13,1829.694,9238276.000,60.990,50.991
25/07/24 09:14:14,859.997,9243032.000,56.000,47.000
25/07/24 09:14:15,710.012,9244648.000,51.001,42.001
25/07/24 09:14:16,610.009,9239728.000,56.001,49.001
25/07/24 09:14:17,1080.048,9246616.000,54.002,44.002
25/07/24 09:14:18,1186.201,9241492.000,54.824,45.853
25/07/24 09:14:19,932.835,9238556.000,56.171,45.137
25/07/24 09:14:20,1578.955,9240964.000,65.542,55.611
25/07/24 09:14:21,2497.563,9241980.000,65.460,51.361
25/07/24 09:14:22,1070.299,9237532.000,54.015,44.012
25/07/24 09:14:23,459.992,9235724.000,54.999,43.999
25/07/24 09:14:24,1699.733,9235700.000,63.990,53.992
25/07/24 09:14:25,319.999,9234568.000,53.000,44.000
25/07/24 09:14:26,479.900,9234564.000,51.989,42.991
25/07/24 09:14:27,770.145,9232948.000,55.010,44.008
25/07/24 09:14:28,1239.991,9229316.000,56.000,47.000
25/07/24 09:14:29,359.996,9225380.000,53.999,44.999
25/07/24 09:14:30,3741.156,9160692.000,58.018,49.015
25/07/24 09:14:31,3929.100,7645504.000,75.983,65.985
25/07/24 09:14:32,619.251,7636404.000,52.936,42.948
25/07/24 09:14:33,300.210,7639824.000,51.036,47.033
25/07/24 09:14:34,1080.110,7636440.000,55.006,45.005
25/07/24 09:14:35,419.978,7636276.000,51.997,43.998
25/07/24 09:14:36,260.033,7632864.000,53.007,42.005
25/07/24 09:14:37,579.912,7630324.000,52.992,43.993
25/07/24 09:14:38,420.147,7628664.000,53.019,42.015
25/07/24 09:14:39,1110.031,7636884.000,56.002,46.001
25/07/24 09:14:40,1346.993,7639256.000,51.360,40.701
25/07/24 09:14:41,1311.864,7635500.000,57.846,45.450
25/07/24 09:14:42,779.874,7631036.000,52.991,42.993
25/07/24 09:14:43,2370.597,7635808.000,68.017,56.014
25/07/24 09:14:44,1565.493,7633612.000,62.422,50.532
25/07/24 09:14:45,1079.737,7623668.000,57.519,48.437
25/07/24 09:14:46,563.083,7622612.000,57.202,46.477
25/07/24 09:14:47,1010.060,7619016.000,53.340,43.126
25/07/24 09:14:48,150.009,7617336.000,50.003,42.003
25/07/24 09:14:49,320.028,7615328.000,52.005,44.004
25/07/24 09:14:50,179.989,7615128.000,50.997,41.997
25/07/24 09:14:51,730.084,7611064.000,57.007,48.006
25/07/24 09:14:52,180.008,7607072.000,48.002,39.002
25/07/24 09:14:53,609.942,7606584.000,51.995,43.996
25/07/24 09:14:54,990.226,7605348.000,57.013,46.010
25/07/24 09:14:55,489.937,7605208.000,55.993,46.994
25/07/24 09:14:56,520.027,7600924.000,55.003,44.002
25/07/24 09:14:57,339.920,7596024.000,51.988,43.990
25/07/24 09:14:58,560.085,7596176.000,53.008,46.007
25/07/24 09:14:59,409.993,7594012.000,53.999,43.999
25/07/24 09:15:00,999.920,7592988.000,51.996,42.997
25/07/24 09:15:01,1180.254,7591648.000,56.012,45.010
25/07/24 09:15:02,670.153,7591496.000,57.013,48.011
25/07/24 09:15:03,559.915,7591992.000,53.992,42.994
25/07/24 09:15:04,299.941,7590396.000,51.990,41.992
25/07/24 09:15:05,1229.962,7588412.000,56.998,47.999
25/07/24 09:15:06,290.044,7584360.000,52.008,43.007
25/07/24 09:15:07,799.773,7586376.000,55.984,46.987
25/07/24 09:15:08,1170.316,7582456.000,55.015,44.012
25/07/24 09:15:09,1529.835,7579884.000,57.994,45.995
25/07/24 09:15:10,1330.153,7585124.000,61.007,47.005
25/07/24 09:15:11,730.049,7585104.000,58.004,45.003
25/07/24 09:15:12,589.966,7584680.000,52.997,41.998
25/07/24 09:15:13,2170.234,7652304.000,68.007,58.006
25/07/24 09:15:14,11180.481,8309064.000,91.004,80.003
25/07/24 09:15:15,2079.522,8412124.000,62.986,53.988
25/07/24 09:15:16,289.927,8412224.000,51.987,43.989
25/07/24 09:15:17,600.016,8218568.000,55.001,46.001
25/07/24 09:15:18,169.980,8215676.000,52.994,41.995
25/07/24 09:15:19,660.124,8208832.000,56.011,47.009
25/07/24 09:15:20,1122.555,8208520.000,58.982,47.566
25/07/24 09:15:21,1833.526,8200960.000,63.225,52.688
25/07/24 09:15:22,800.278,8190780.000,55.019,46.016
25/07/24 09:15:23,31357.545,9142852.000,72.925,60.937
25/07/24 09:15:24,87091.531,14999704.000,95.914,84.923
25/07/24 09:15:25,86411.150,24091916.000,134.395,111.498
25/07/24 09:15:26,67730.191,8952764.000,177.577,172.561
25/07/24 09:15:27,90023.958,12342748.000,178.504,175.495
25/07/24 09:15:28,84083.848,15842196.000,165.844,172.403
25/07/24 09:15:29,84728.532,8814296.000,181.128,174.274
25/07/24 09:15:30,5797463.090,8820076.000,831.774,623.830
25/07/24 09:15:31,0.000,8822092.000,0.000,0.000
25/07/24 09:15:32,68448.265,8829856.000,129.800,125.709
25/07/24 09:15:33,127245.016,8841456.000,239.032,229.894
25/07/24 09:15:34,92758.945,8856548.000,?,?
25/07/24 09:15:35,89230.769,8856548.000,?,?
25/07/24 09:15:36,125575.555,8856548.000,?,?
25/07/24 09:15:37,0.000,8856548.000,?,?
25/07/24 09:15:38,151041.667,8856548.000,?,?
25/07/24 09:15:39,0.000,8856548.000,?,?
25/07/24 09:15:40,150492.994,8856548.000,?,?
25/07/24 09:15:41,91371.450,8870028.000,?,?
25/07/24 09:15:42,131532.172,8871540.000,?,?
25/07/24 09:15:43,91935.484,8872044.000,?,?
25/07/24 09:15:44,150958.792,8872044.000,?,?
25/07/24 09:15:45,94039.193,8895944.000,?,?
25/07/24 09:15:46,108128.326,8895940.000,204.016,187.014
25/07/24 09:15:47,64439.631,8918512.000,177.067,173.905
25/07/24 09:15:48,52230.973,8927520.000,123.561,150.646
25/07/24 09:15:49,129554.977,8967832.000,225.179,189.159
25/07/24 09:15:50,91917.796,8984472.000,?,?
25/07/24 09:15:51,119375.574,8984472.000,?,?
25/07/24 09:15:52,154033.239,8984472.000,?,?
25/07/24 09:15:53,86907.449,8984472.000,?,?
25/07/24 09:15:54,126287.803,8984472.000,?,?
25/07/24 09:15:55,128726.287,8984472.000,?,?
25/07/24 09:15:56,73882.048,8984472.000,?,?
25/07/24 09:15:57,105886.451,8984132.000,?,?
25/07/24 09:15:58,120826.709,8984132.000,?,?
25/07/24 09:15:59,120405.577,8984132.000,?,?
25/07/24 09:16:00,93573.012,8984132.000,?,?
25/07/24 09:16:01,0.000,8984132.000,?,?
25/07/24 09:16:02,120980.579,8984132.000,?,?
25/07/24 09:16:03,?,?,?,?
25/07/24 09:16:04,?,?,?,?
25/07/24 09:16:05,?,?,?,?
25/07/24 09:16:06,?,?,?,?
25/07/24 09:16:07,?,?,?,?
25/07/24 09:16:08,?,?,?,?
25/07/24 09:16:09,?,?,?,?
25/07/24 09:16:10,?,?,?,?
25/07/24 09:16:11,?,?,?,?
25/07/24 09:16:12,?,?,?,?
25/07/24 09:16:13,?,?,?,?
25/07/24 09:16:14,?,?,?,?
25/07/24 09:16:15,?,?,?,?
25/07/24 09:16:16,?,?,?,?
25/07/24 09:16:17,?,?,?,?
25/07/24 09:16:18,?,?,?,?
25/07/24 09:16:19,?,?,?,?
25/07/24 09:16:20,?,?,?,?
25/07/24 09:16:21,?,?,?,?
25/07/24 09:16:22,?,?,?,?
25/07/24 09:16:23,?,?,?,?
25/07/24 09:16:24,?,?,?,?
25/07/24 09:16:25,?,?,?,?
25/07/24 09:16:26,?,?,?,?
25/07/24 09:16:27,?,?,?,?
25/07/24 09:16:28,?,?,?,?
25/07/24 09:16:29,?,?,?,?
25/07/24 09:16:30,?,?,?,?
25/07/24 09:16:31,?,?,?,?
25/07/24 09:16:32,?,?,?,?
25/07/24 09:16:33,?,?,?,?
25/07/24 09:16:34,?,?,?,?
25/07/24 09:16:35,?,?,?,?
25/07/24 09:16:36,?,?,?,?
25/07/24 09:16:37,?,?,?,?
25/07/24 09:16:38,?,?,?,?
25/07/24 09:16:39,?,?,?,?
25/07/24 09:16:40,?,?,?,?
25/07/24 09:16:41,?,?,?,?
25/07/24 09:16:42,?,?,?,?
25/07/24 09:16:43,?,?,?,?
25/07/24 09:16:44,?,?,?,?
25/07/24 09:16:45,?,?,?,?
25/07/24 09:16:46,?,?,?,?
25/07/24 09:16:47,?,?,?,?
25/07/24 09:16:48,?,?,?,?
25/07/24 09:16:49,?,?,?,?
25/07/24 09:16:50,?,?,?,?
25/07/24 09:16:51,?,?,?,?
25/07/24 09:16:52,?,?,?,?
25/07/24 09:16:53,?,?,?,?
25/07/24 09:16:54,?,?,?,?
25/07/24 09:16:55,?,?,?,?
25/07/24 09:16:56,?,?,?,?
25/07/24 09:16:57,?,?,?,?
25/07/24 09:16:58,?,?,?,?
25/07/24 09:16:59,?,?,?,?
25/07/24 09:17:00,?,?,?,?
25/07/24 09:17:01,?,?,?,?
25/07/24 09:17:02,?,?,?,?
25/07/24 09:17:03,?,?,?,?
25/07/24 09:17:04,?,?,?,?
25/07/24 09:17:05,?,?,?,?
25/07/24 09:17:06,?,?,?,?
25/07/24 09:17:07,?,?,?,?
25/07/24 09:17:08,?,?,?,?
25/07/24 09:17:09,?,?,?,?
25/07/24 09:17:10,?,?,?,?
25/07/24 09:17:11,?,?,?,?
25/07/24 09:17:12,?,?,?,?
25/07/24 09:17:13,?,?,?,?
25/07/24 09:17:14,?,?,?,?
25/07/24 09:17:15,?,?,?,?
25/07/24 09:17:16,?,?,?,?
25/07/24 09:17:17,?,?,?,?
25/07/24 09:17:18,?,?,?,?
25/07/24 09:17:19,?,?,?,?
25/07/24 09:17:20,?,?,?,?
25/07/24 09:17:21,?,?,?,?
25/07/24 09:17:22,?,?,?,?
25/07/24 09:17:23,?,?,?,?
25/07/24 09:17:24,?,?,?,?
25/07/24 09:17:25,?,?,?,?
25/07/24 09:17:26,?,?,?,?
25/07/24 09:17:27,?,?,?,?
25/07/24 09:17:28,?,?,?,?
25/07/24 09:17:29,?,?,?,?
25/07/24 09:17:30,?,?,?,?
25/07/24 09:17:31,?,?,?,?
25/07/24 09:17:32,?,?,?,?
25/07/24 09:17:33,?,?,?,?
25/07/24 09:17:34,?,?,?,?
25/07/24 09:17:35,?,?,?,?
25/07/24 09:17:36,?,?,?,?
25/07/24 09:17:37,?,?,?,?
25/07/24 09:17:38,?,?,?,?
25/07/24 09:17:39,?,?,?,?
25/07/24 09:17:40,?,?,?,?
25/07/24 09:17:41,?,?,?,?
25/07/24 09:17:42,?,?,?,?
25/07/24 09:17:43,?,?,?,?
25/07/24 09:17:44,?,?,?,?
25/07/24 09:17:45,?,?,?,?
25/07/24 09:17:46,?,?,?,?
25/07/24 09:17:47,?,?,?,?
25/07/24 09:17:48,?,?,?,?
25/07/24 09:17:49,?,?,?,?
25/07/24 09:17:50,?,?,?,?
25/07/24 09:17:51,?,?,?,?
25/07/24 09:17:52,?,?,?,?
25/07/24 09:17:53,?,?,?,?
25/07/24 09:17:54,?,?,?,?
25/07/24 09:17:55,?,?,?,?
25/07/24 09:17:56,?,?,?,?
25/07/24 09:17:57,?,?,?,?
25/07/24 09:17:58,?,?,?,?
25/07/24 09:17:59,?,?,?,?
25/07/24 09:18:00,?,?,?,?
25/07/24 09:18:01,?,?,?,?
25/07/24 09:18:02,?,?,?,?
25/07/24 09:18:03,?,?,?,?
25/07/24 09:18:04,?,?,?,?
25/07/24 09:18:05,?,?,?,?
25/07/24 09:18:06,?,?,?,?
25/07/24 09:18:07,?,?,?,?
25/07/24 09:18:08,?,?,?,?
25/07/24 09:18:09,?,?,?,?
25/07/24 09:18:10,?,?,?,?
25/07/24 09:18:11,?,?,?,?
25/07/24 09:18:12,?,?,?,?
25/07/24 09:18:13,?,?,?,?
25/07/24 09:18:14,?,?,?,?
25/07/24 09:18:15,?,?,?,?
25/07/24 09:18:16,?,?,?,?
25/07/24 09:18:17,?,?,?,?
25/07/24 09:18:18,?,?,?,?
25/07/24 09:18:19,?,?,?,?
25/07/24 09:18:20,?,?,?,?
25/07/24 09:18:21,?,?,?,?
25/07/24 09:18:22,?,?,?,?
25/07/24 09:18:23,?,?,?,?
25/07/24 09:18:24,?,?,?,?
25/07/24 09:18:25,?,?,?,?
25/07/24 09:18:26,?,?,?,?
25/07/24 09:18:27,?,?,?,?
25/07/24 09:18:28,?,?,?,?
25/07/24 09:18:29,?,?,?,?
25/07/24 09:18:30,?,?,?,?
25/07/24 09:18:31,?,?,?,?
25/07/24 09:18:32,?,?,?,?
25/07/24 09:18:33,?,?,?,?
25/07/24 09:18:34,?,?,?,?
25/07/24 09:18:35,?,?,?,?
25/07/24 09:18:36,?,?,?,?
25/07/24 09:18:37,?,?,?,?
25/07/24 09:18:38,?,?,?,?
25/07/24 09:18:39,?,?,?,?
25/07/24 09:18:40,?,?,?,?
25/07/24 09:18:41,?,?,?,?
25/07/24 09:18:42,?,?,?,?
25/07/24 09:18:43,?,?,?,?
25/07/24 09:18:44,?,?,?,?
25/07/24 09:18:45,?,?,?,?
25/07/24 09:18:46,?,?,?,?
25/07/24 09:18:47,?,?,?,?
25/07/24 09:18:48,?,?,?,?
25/07/24 09:18:49,?,?,?,?
25/07/24 09:18:50,?,?,?,?
25/07/24 09:18:51,?,?,?,?
25/07/24 09:18:52,?,?,?,?
25/07/24 09:18:53,?,?,?,?
25/07/24 09:18:54,?,?,?,?
25/07/24 09:18:55,?,?,?,?
25/07/24 09:18:56,?,?,?,?
25/07/24 09:18:57,?,?,?,?
25/07/24 09:18:58,?,?,?,?
25/07/24 09:18:59,?,?,?,?
25/07/24 09:19:00,?,?,?,?
25/07/24 09:19:01,?,?,?,?
25/07/24 09:19:02,?,?,?,?
25/07/24 09:19:03,?,?,?,?
25/07/24 09:19:04,?,?,?,?
25/07/24 09:19:05,?,?,?,?
25/07/24 09:19:06,?,?,?,?
25/07/24 09:19:07,?,?,?,?
25/07/24 09:19:08,?,?,?,?
25/07/24 09:19:09,?,?,?,?
25/07/24 09:19:10,?,?,?,?
25/07/24 09:19:11,?,?,?,?
25/07/24 09:19:12,?,?,?,?
25/07/24 09:19:13,?,?,?,?
25/07/24 09:19:14,?,?,?,?
25/07/24 09:19:15,?,?,?,?
25/07/24 09:19:16,?,?,?,?
25/07/24 09:19:17,?,?,?,?
25/07/24 09:19:18,?,?,?,?
07/24 09:17:48,?,?,?,?
25/07/24 09:17:49,?,?,?,?
25/07/24 09:17:50,?,?,?,?
25/07/24 09:17:51,?,?,?,?
25/07/24 09:17:52,?,?,?,?
25/07/24 09:17:53,?,?,?,?
25/07/24 09:17:54,?,?,?,?
25/07/24 09:17:55,?,?,?,?
25/07/24 09:17:56,?,?,?,?
25/07/24 09:17:57,?,?,?,?
25/07/24 09:17:58,?,?,?,?
25/07/24 09:17:59,?,?,?,?
25/07/24 09:18:00,?,?,?,?
25/07/24 09:18:01,?,?,?,?
25/07/24 09:18:02,?,?,?,?
25/07/24 09:18:03,?,?,?,?
25/07/24 09:18:04,?,?,?,?
25/07/24 09:18:05,?,?,?,?
25/07/24 09:18:06,?,?,?,?
25/07/24 09:18:07,?,?,?,?
25/07/24 09:18:08,?,?,?,?
25/07/24 09:18:09,?,?,?,?
25/07/24 09:18:10,?,?,?,?
25/07/24 09:18:11,?,?,?,?
25/07/24 09:18:12,?,?,?,?
25/07/24 09:18:13,?,?,?,?
25/07/24 09:18:14,?,?,?,?
25/07/24 09:18:15,?,?,?,?
25/07/24 09:18:16,?,?,?,?
25/07/24 09:18:17,?,?,?,?
25/07/24 09:18:18,?,?,?,?
25/07/24 09:18:19,?,?,?,?
25/07/24 09:18:20,?,?,?,?
25/07/24 09:18:21,?,?,?,?
25/07/24 09:18:22,?,?,?,?
25/07/24 09:18:23,?,?,?,?
25/07/24 09:18:24,?,?,?,?
25/07/24 09:18:25,?,?,?,?
25/07/24 09:18:26,?,?,?,?
25/07/24 09:18:27,?,?,?,?
25/07/24 09:18:28,?,?,?,?
25/07/24 09:18:29,?,?,?,?
25/07/24 09:18:30,?,?,?,?
25/07/24 09:18:31,?,?,?,?
25/07/24 09:18:32,?,?,?,?
25/07/24 09:18:33,?,?,?,?
25/07/24 09:18:34,?,?,?,?
25/07/24 09:18:35,?,?,?,?
25/07/24 09:18:36,?,?,?,?
25/07/24 09:18:37,?,?,?,?
25/07/24 09:18:38,?,?,?,?
25/07/24 09:18:39,?,?,?,?
25/07/24 09:18:40,?,?,?,?
25/07/24 09:18:41,?,?,?,?
25/07/24 09:18:42,?,?,?,?
25/07/24 09:18:43,?,?,?,?
25/07/24 09:18:44,?,?,?,?
25/07/24 09:18:45,?,?,?,?
25/07/24 09:18:46,?,?,?,?
25/07/24 09:18:47,?,?,?,?
25/07/24 09:18:48,?,?,?,?
25/07/24 09:18:49,?,?,?,?
25/07/24 09:18:50,?,?,?,?
25/07/24 09:18:51,?,?,?,?
25/07/24 09:18:52,?,?,?,?
25/07/24 09:18:53,?,?,?,?
25/07/24 09:18:54,?,?,?,?
25/07/24 09:18:55,?,?,?,?
25/07/24 09:18:56,?,?,?,?
25/07/24 09:18:57,?,?,?,?
25/07/24 09:18:58,?,?,?,?
25/07/24 09:18:59,?,?,?,?
25/07/24 09:19:00,?,?,?,?
25/07/24 09:19:01,?,?,?,?
25/07/24 09:19:02,?,?,?,?
25/07/24 09:19:03,?,?,?,?
25/07/24 09:19:04,?,?,?,?
25/07/24 09:19:05,?,?,?,?
25/07/24 09:19:06,?,?,?,?
25/07/24 09:19:07,?,?,?,?
25/07/24 09:19:08,?,?,?,?
25/07/24 09:19:09,?,?,?,?
25/07/24 09:19:10,?,?,?,?
25/07/24 09:19:11,?,?,?,?
25/07/24 09:19:12,?,?,?,?
25/07/24 09:19:13,?,?,?,?
25/07/24 09:19:14,?,?,?,?
25/07/24 09:19:15,?,?,?,?
25/07/24 09:19:16,?,?,?,?
25/07/24 09:19:17,?,?,?,?
25/07/24 09:19:18,?,?,?,?
