22/07/24 06:01:15,?,25015580.000,?,?
22/07/24 06:01:16,679.857,25008192.000,66.986,54.988
22/07/24 06:01:17,1219.980,25011992.000,62.999,52.999
22/07/24 06:01:18,68572.490,26103308.000,93.867,83.881
22/07/24 06:01:19,87541.363,27336224.000,105.556,95.597
22/07/24 06:01:20,82823.173,34921920.000,159.446,142.714
22/07/24 06:01:21,82886.910,29514900.000,183.034,178.944
22/07/24 06:01:22,86154.831,26977828.000,180.989,175.989
22/07/24 06:01:23,68638.215,26043728.000,163.996,156.996
22/07/24 06:01:24,89813.535,28097760.000,178.601,174.654
22/07/24 06:01:25,86498.123,30123688.000,181.429,175.348
22/07/24 06:01:26,87250.175,28399624.000,180.000,174.000
22/07/24 06:01:27,75471.207,25325772.000,175.049,169.048
22/07/24 06:01:28,9755.512,25845216.000,100.954,71.967
22/07/24 06:01:29,1200.138,25177808.000,59.007,56.006
22/07/24 06:01:30,9476.418,25755652.000,69.974,55.979
22/07/24 06:01:31,2881.031,26932632.000,65.023,53.019
22/07/24 06:01:32,19524.120,25236184.000,76.016,64.014
22/07/24 06:01:33,1469.439,27468948.000,70.973,58.977
22/07/24 06:01:34,1290.066,25420180.000,69.004,58.003
22/07/24 06:01:35,9682.082,25138744.000,73.016,61.013
22/07/24 06:01:36,1679.738,26712612.000,67.989,58.991
22/07/24 06:01:37,9260.333,25171748.000,70.003,60.002
22/07/24 06:01:38,999.739,25883416.000,64.983,51.986
22/07/24 06:01:39,1350.327,25076860.000,67.016,56.014
22/07/24 06:01:40,929.533,25073536.000,61.969,50.974
22/07/24 06:01:41,1040.535,25069260.000,66.034,56.029
22/07/24 06:01:42,2349.765,25074280.000,63.994,54.995
22/07/24 06:01:43,779.966,25066368.000,61.997,50.998
22/07/24 06:01:44,1250.115,25067848.000,61.006,51.005
22/07/24 06:01:45,1479.979,25067532.000,64.999,53.999
22/07/24 06:01:46,1940.173,25065688.000,68.006,56.005
22/07/24 06:01:47,779.898,25065748.000,58.992,50.993
22/07/24 06:01:48,680.128,25056304.000,61.011,51.010
22/07/24 06:01:49,899.834,25057536.000,59.989,48.991
22/07/24 06:01:50,2269.984,25073300.000,65.000,54.000
22/07/24 06:01:51,669.985,25072108.000,59.999,49.999
22/07/24 06:01:52,15532.405,25431604.000,75.963,64.968
22/07/24 06:01:53,90406.198,27091160.000,109.056,95.049
22/07/24 06:01:54,85665.848,28386364.000,117.458,100.818
22/07/24 06:01:55,83836.094,32592344.000,181.986,171.762
22/07/24 06:01:56,80294.219,30141476.000,178.987,174.987
22/07/24 06:01:57,85924.349,31109260.000,178.030,174.029
22/07/24 06:01:58,87857.101,28521888.000,178.994,171.994
22/07/24 06:01:59,88414.341,27956748.000,177.989,174.989
22/07/24 06:02:00,90248.050,27797064.000,178.036,173.035
22/07/24 06:02:01,85813.781,27142316.000,178.966,173.967
22/07/24 06:02:02,52350.995,25607508.000,138.003,120.002
22/07/24 06:02:03,91411.061,27356936.000,171.021,157.019
22/07/24 06:02:04,84587.042,29897096.000,179.440,169.951
22/07/24 06:02:05,89087.813,28731260.000,178.366,175.988
22/07/24 06:02:06,88556.968,27841752.000,178.933,173.935
22/07/24 06:02:07,88678.930,27753624.000,178.078,174.076
22/07/24 06:02:08,88737.588,27827288.000,178.806,172.846
22/07/24 06:02:09,88834.134,27879364.000,178.010,172.982
22/07/24 06:02:10,89600.910,27466472.000,179.162,172.155
22/07/24 06:02:11,76689.709,25412228.000,173.044,168.043
22/07/24 06:02:12,11064.224,25698036.000,89.953,78.959
22/07/24 06:02:13,2539.992,25199820.000,65.000,57.000
22/07/24 06:02:14,11231.763,25510156.000,80.013,73.011
22/07/24 06:02:15,2889.613,26696528.000,62.992,54.993
22/07/24 06:02:16,11536.758,25215908.000,73.979,64.982
22/07/24 06:02:17,3461.059,26331104.000,71.022,63.019
22/07/24 06:02:18,26820.165,25266080.000,85.032,81.031
22/07/24 06:02:19,20190.545,25184100.000,97.003,91.002
22/07/24 06:02:20,4539.650,25423944.000,73.994,65.995
22/07/24 06:02:21,2870.339,26655652.000,71.008,62.007
22/07/24 06:02:22,9419.444,25181148.000,75.996,55.997
22/07/24 06:02:23,1309.297,25926448.000,63.966,54.970
22/07/24 06:02:24,3310.122,25811444.000,65.002,56.002
22/07/24 06:02:25,9023.600,25162740.000,65.026,63.025
22/07/24 06:02:26,4380.753,25632356.000,68.012,64.011
22/07/24 06:02:27,4368.410,26343852.000,77.972,71.974
22/07/24 06:02:28,9538.111,25123232.000,70.986,62.988
22/07/24 06:02:29,1170.034,25978448.000,58.002,50.001
22/07/24 06:02:30,1169.669,25132412.000,65.981,55.984
22/07/24 06:02:31,26234.271,26097564.000,83.045,68.037
22/07/24 06:02:32,1159.740,27948476.000,66.985,59.987
22/07/24 06:02:33,7761.684,25148056.000,67.015,57.012
22/07/24 06:02:34,2019.358,25771792.000,70.977,57.982
22/07/24 06:02:35,1100.021,25473844.000,66.001,55.001
22/07/24 06:02:36,1239.974,25069392.000,65.999,53.999
22/07/24 06:02:37,2750.443,25077828.000,67.011,57.009
22/07/24 06:02:38,1059.904,25080480.000,61.994,51.995
22/07/24 06:02:39,1070.043,25072968.000,62.002,52.002
22/07/24 06:02:40,1759.859,25067300.000,60.995,50.996
22/07/24 06:02:41,609.982,25066832.000,58.998,47.999
22/07/24 06:02:42,2069.427,25061884.000,63.982,55.984
22/07/24 06:02:43,890.393,25062944.000,57.025,46.020
22/07/24 06:02:44,859.830,25061488.000,57.989,50.990
22/07/24 06:02:45,1070.068,25059420.000,59.004,49.003
22/07/24 06:02:46,1509.869,25058876.000,65.994,53.995
22/07/24 06:02:47,1870.355,25055740.000,62.012,52.010
22/07/24 06:02:48,1179.910,25055592.000,60.995,49.996
22/07/24 06:02:49,510.025,25050604.000,58.003,49.002
22/07/24 06:02:50,1319.524,25047016.000,63.977,52.981
22/07/24 06:02:51,930.402,25042372.000,62.027,53.023
22/07/24 06:02:52,950.005,25045592.000,61.000,52.000
22/07/24 06:02:53,739.950,25044996.000,58.996,47.997
22/07/24 06:02:54,919.998,25044720.000,64.000,54.000
22/07/24 06:02:55,660.004,25040124.000,60.000,50.000
22/07/24 06:02:56,1239.800,25041152.000,66.989,55.991
22/07/24 06:02:57,2130.292,25041040.000,66.009,57.008
22/07/24 06:02:58,1759.782,25043884.000,61.992,51.994
22/07/24 06:02:59,1060.098,25046220.000,61.006,52.005
22/07/24 06:03:00,509.965,25044780.000,59.996,48.997
22/07/24 06:03:01,1750.114,25035956.000,62.004,52.003
22/07/24 06:03:02,1109.947,25035292.000,61.997,51.998
22/07/24 06:03:03,1029.966,25038492.000,59.998,49.998
22/07/24 06:03:04,1040.027,25036704.000,64.002,54.001
22/07/24 06:03:05,819.995,25031540.000,62.000,53.000
22/07/24 06:03:06,1529.916,25029212.000,65.996,55.997
22/07/24 06:03:07,1610.203,25033732.000,63.008,52.007
22/07/24 06:03:08,2409.677,25034468.000,67.991,56.992
22/07/24 06:03:09,820.084,25031032.000,60.006,47.005
22/07/24 06:03:10,679.975,25030920.000,61.998,51.998
22/07/24 06:03:11,1439.981,25023740.000,60.999,50.999
22/07/24 06:03:12,2000.146,25025492.000,63.005,54.004
22/07/24 06:03:13,849.889,25026188.000,62.992,51.993
22/07/24 06:03:14,920.086,25022400.000,58.005,50.005
22/07/24 06:03:15,1049.899,25023004.000,64.994,50.995
22/07/24 06:03:16,1140.276,25027356.000,64.015,55.013
22/07/24 06:03:17,749.902,25033624.000,63.992,51.993
22/07/24 06:03:18,1949.819,25038172.000,62.994,51.995
22/07/24 06:03:19,1019.958,25037612.000,60.997,50.998
22/07/24 06:03:20,1300.151,25027228.000,63.007,53.006
22/07/24 06:03:21,489.981,25026328.000,64.997,53.998
22/07/24 06:03:22,900.145,25026812.000,67.011,56.009
22/07/24 06:03:23,1019.783,25024004.000,61.987,51.989
22/07/24 06:03:24,1270.055,25023588.000,64.003,55.002
22/07/24 06:03:25,900.120,25024384.000,62.008,51.007
22/07/24 06:03:26,619.963,25024564.000,60.996,53.997
22/07/24 06:03:27,2560.297,25024412.000,68.008,58.007
22/07/24 06:03:28,1129.805,25024852.000,64.989,52.991
22/07/24 06:03:29,2600.114,25026596.000,66.003,56.002
22/07/24 06:03:30,770.074,25023328.000,62.006,52.005
22/07/24 06:03:31,1150.001,25018836.000,69.000,58.000
22/07/24 06:03:32,979.953,25018984.000,62.997,49.998
22/07/24 06:03:33,1000.057,25022608.000,63.004,52.003
22/07/24 06:03:34,869.826,25020216.000,62.987,51.990
22/07/24 06:03:35,1190.145,25015556.000,61.007,49.006
22/07/24 06:03:36,659.927,25019692.000,59.993,49.995
22/07/24 06:03:37,1049.912,25019160.000,57.995,49.996
22/07/24 06:03:38,1090.117,25025188.000,61.007,53.006
22/07/24 06:03:39,1609.931,25031456.000,61.997,51.998
22/07/24 06:03:40,1270.300,25035880.000,64.015,52.012
22/07/24 06:03:41,829.867,25019192.000,62.990,52.992
22/07/24 06:03:42,1840.077,25021900.000,64.003,54.002
22/07/24 06:03:43,1350.074,25023644.000,59.003,49.003
22/07/24 06:03:44,620.003,25024568.000,62.000,53.000
22/07/24 06:03:45,869.961,25026692.000,60.997,50.998
22/07/24 06:03:46,1010.130,25030372.000,62.008,52.007
22/07/24 06:03:47,879.762,25027648.000,64.982,51.986
22/07/24 06:03:48,1360.155,25023540.000,62.007,54.006
22/07/24 06:03:49,1940.223,25027356.000,64.007,54.006
22/07/24 06:03:50,1099.852,25030464.000,59.992,48.993
22/07/24 06:03:51,1230.161,25031812.000,66.009,55.007
22/07/24 06:03:52,959.988,25031460.000,63.999,53.999
22/07/24 06:03:53,1079.940,25027728.000,66.996,55.997
22/07/24 06:03:54,950.096,25030848.000,64.006,54.005
22/07/24 06:03:55,839.828,25031160.000,59.988,53.989
22/07/24 06:03:56,1200.415,25031024.000,65.022,55.019
22/07/24 06:03:57,2159.108,25031664.000,65.973,54.977
22/07/24 06:03:58,1260.541,25034788.000,67.029,56.024
22/07/24 06:03:59,2099.387,25029112.000,62.982,53.984
22/07/24 06:04:00,1140.035,25037808.000,64.002,55.002
22/07/24 06:04:01,979.921,25032496.000,60.995,50.996
22/07/24 06:04:02,920.086,25033104.000,60.006,49.005
22/07/24 06:04:03,579.959,25034772.000,62.996,51.996
22/07/24 06:04:04,1449.688,25041548.000,63.986,53.988
22/07/24 06:04:05,1610.308,25075760.000,60.011,54.010
22/07/24 06:04:06,899.978,25088568.000,59.999,50.999
22/07/24 06:04:07,1840.079,25054136.000,65.003,56.002
22/07/24 06:04:08,1380.057,25052048.000,68.003,57.002
22/07/24 06:04:09,1100.047,25051044.000,65.003,54.002
22/07/24 06:04:10,1519.930,25047824.000,65.997,55.997
22/07/24 06:04:11,979.871,25046848.000,62.992,51.993
22/07/24 06:04:12,2030.416,25050852.000,64.013,55.011
22/07/24 06:04:13,689.886,25051560.000,58.990,47.992
22/07/24 06:04:14,1120.038,25050528.000,62.002,50.002
22/07/24 06:04:15,600.049,25040808.000,57.005,49.004
22/07/24 06:04:16,859.786,25040384.000,67.983,56.986
22/07/24 06:04:17,1220.129,25045516.000,60.006,50.005
22/07/24 06:04:18,1510.024,25047692.000,63.001,53.001
22/07/24 06:04:19,770.009,25047728.000,61.001,51.001
22/07/24 06:04:20,2330.049,25056108.000,68.001,56.001
22/07/24 06:04:21,1130.081,25056184.000,64.005,54.004
22/07/24 06:04:22,1149.875,25054004.000,59.993,50.994
22/07/24 06:04:23,930.123,25054776.000,65.009,55.007
22/07/24 06:04:24,780.021,25055520.000,66.002,54.001
22/07/24 06:04:25,920.026,25051948.000,65.002,54.002
22/07/24 06:04:26,879.857,25051532.000,64.989,54.991
22/07/24 06:04:27,2019.921,25053028.000,65.997,56.998
22/07/24 06:04:28,940.115,25052672.000,60.007,48.006
22/07/24 06:04:29,699.907,25055772.000,61.992,51.993
22/07/24 06:04:30,2200.726,25054384.000,65.021,55.018
22/07/24 06:04:31,1559.771,25055052.000,60.991,50.993
22/07/24 06:04:32,999.866,25055376.000,61.992,49.993
22/07/24 06:04:33,800.030,25043380.000,60.002,51.002
22/07/24 06:04:34,1100.081,25032864.000,68.005,58.004
22/07/24 06:04:35,930.058,25032560.000,58.004,49.003
22/07/24 06:04:36,889.649,25031628.000,64.974,56.977
22/07/24 06:04:37,1480.354,25027932.000,62.015,51.012
22/07/24 06:04:38,1340.205,25028308.000,63.010,54.008
22/07/24 06:04:39,839.940,25028704.000,63.995,53.996
22/07/24 06:04:40,1619.780,25029392.000,63.991,53.993
22/07/24 06:04:41,1900.078,25031208.000,68.003,59.002
22/07/24 06:04:42,2099.643,25035816.000,64.989,53.991
22/07/24 06:04:43,1180.155,25030516.000,62.008,53.007
22/07/24 06:04:44,1140.130,25051276.000,64.007,53.006
22/07/24 06:04:45,1239.896,25054396.000,65.994,54.995
22/07/24 06:04:46,1109.997,25054096.000,63.000,52.000
22/07/24 06:04:47,2350.249,25061592.000,67.007,59.006
22/07/24 06:04:48,1639.964,25062764.000,65.999,56.999
22/07/24 06:04:49,66737.397,26114352.000,94.996,83.997
22/07/24 06:04:50,87729.909,27483652.000,107.963,97.966
22/07/24 06:04:51,84115.665,28954868.000,148.063,158.067
22/07/24 06:04:52,88411.288,29199716.000,?,177.083
22/07/24 06:04:53,88105.815,29518668.000,178.971,171.972
22/07/24 06:04:54,87077.402,28078808.000,180.015,176.015
22/07/24 06:04:55,89257.775,27386392.000,179.955,175.956
22/07/24 06:04:56,89616.094,27898952.000,178.012,171.012
22/07/24 06:04:57,87699.472,27342796.000,180.019,172.019
22/07/24 06:04:58,89399.847,27994472.000,180.040,175.039
22/07/24 06:04:59,89178.419,27305532.000,178.957,171.958
22/07/24 06:05:00,88880.666,27368268.000,180.022,169.020
22/07/24 06:05:01,88735.127,27727324.000,178.930,171.932
22/07/24 06:05:02,87060.299,27755364.000,176.480,173.555
22/07/24 06:05:03,89156.646,27772468.000,182.749,177.615
22/07/24 06:05:04,89935.050,27831404.000,179.366,172.579
22/07/24 06:05:05,88537.881,28359808.000,179.657,172.429
22/07/24 06:05:06,89425.797,27915280.000,178.992,172.992
22/07/24 06:05:07,88510.175,27090868.000,179.980,176.980
22/07/24 06:05:08,26906.152,25243596.000,117.983,111.984
22/07/24 06:05:09,33267.458,25645340.000,76.971,71.973
22/07/24 06:05:10,90097.209,27158904.000,106.020,102.019
22/07/24 06:05:11,83532.431,30848276.000,144.021,158.818
22/07/24 06:05:12,80738.525,30508176.000,181.739,174.711
22/07/24 06:05:13,89706.441,28564516.000,180.848,175.796
22/07/24 06:05:14,89564.470,28514444.000,179.888,175.891
22/07/24 06:05:15,88971.871,28131608.000,179.104,175.102
22/07/24 06:05:16,89882.945,27991564.000,177.946,174.947
22/07/24 06:05:17,88439.977,27661824.000,176.545,175.558
22/07/24 06:05:18,89981.712,27626900.000,180.552,173.451
22/07/24 06:05:19,89866.136,27562052.000,179.992,174.992
22/07/24 06:05:20,88641.208,27437048.000,177.962,173.963
22/07/24 06:05:21,88552.935,27519124.000,176.046,174.045
22/07/24 06:05:22,89764.190,27075280.000,178.202,175.232
22/07/24 06:05:23,88405.427,27692508.000,181.298,174.287
22/07/24 06:05:24,86787.560,27972744.000,179.484,172.426
22/07/24 06:05:25,88871.515,27656824.000,178.963,171.964
22/07/24 06:05:26,89048.255,28602276.000,180.037,175.036
22/07/24 06:05:27,87397.604,28468296.000,179.016,175.015
22/07/24 06:05:28,61510.343,25271952.000,160.975,153.976
22/07/24 06:05:29,9856.156,25296364.000,80.968,79.969
22/07/24 06:05:30,1240.546,26737432.000,64.028,54.024
22/07/24 06:05:31,9829.567,25267116.000,70.997,68.997
22/07/24 06:05:32,3380.385,26102496.000,69.008,62.007
22/07/24 06:05:33,6267.318,25219568.000,65.972,55.976
22/07/24 06:05:34,4080.661,26136552.000,71.012,64.010
22/07/24 06:05:35,1080.133,26997688.000,61.008,52.006
22/07/24 06:05:36,40300.081,25696008.000,80.000,74.000
22/07/24 06:05:37,41032.433,25223984.000,89.027,81.025
22/07/24 06:05:38,3548.829,25435512.000,68.977,60.980
22/07/24 06:05:39,2619.811,26755476.000,67.995,56.996
22/07/24 06:05:40,8531.356,25231772.000,65.010,60.010
22/07/24 06:05:41,1589.692,25853920.000,68.987,56.989
22/07/24 06:05:42,1620.209,25455520.000,65.008,54.007
22/07/24 06:05:43,9780.352,25177332.000,73.003,65.002
22/07/24 06:05:44,1449.756,26351840.000,64.989,54.991
22/07/24 06:05:45,6712.181,25187628.000,67.022,61.020
22/07/24 06:05:46,2629.637,26364456.000,64.991,57.992
22/07/24 06:05:47,619.945,25817568.000,56.995,50.996
22/07/24 06:05:48,9080.899,25642824.000,69.007,62.006
22/07/24 06:05:49,1729.706,26828036.000,61.989,51.991
22/07/24 06:05:50,9152.004,25189368.000,70.015,64.014
22/07/24 06:05:51,1299.750,26372012.000,63.988,52.990
22/07/24 06:05:52,7600.046,25179200.000,67.000,57.000
22/07/24 06:05:53,4650.470,25383268.000,72.007,62.006
22/07/24 06:05:54,1089.839,26563800.000,63.991,54.992
22/07/24 06:05:55,1999.888,25151408.000,59.997,49.997
22/07/24 06:05:56,7761.545,25159228.000,67.013,61.012
22/07/24 06:05:57,2740.304,26367612.000,68.008,57.006
22/07/24 06:05:58,16283.468,25197324.000,68.014,59.013
22/07/24 06:05:59,7147.734,26714308.000,74.976,65.979
22/07/24 06:06:00,709.950,27614620.000,65.995,53.996
22/07/24 06:06:01,7862.398,25156432.000,73.022,62.019
22/07/24 06:06:02,2809.022,25461400.000,65.977,56.980
22/07/24 06:06:03,2259.950,26682568.000,68.998,57.999
22/07/24 06:06:04,1340.161,25105832.000,68.008,58.007
22/07/24 06:06:05,979.882,25107368.000,60.993,50.994
22/07/24 06:06:06,1450.148,25099040.000,65.007,55.006
22/07/24 06:06:07,779.861,25099452.000,59.989,50.991
22/07/24 06:06:08,1359.940,25095584.000,62.997,52.998
22/07/24 06:06:09,900.106,25098040.000,65.008,54.006
22/07/24 06:06:10,1139.734,25095616.000,64.985,53.987
22/07/24 06:06:11,740.185,25093968.000,63.016,52.013
22/07/24 06:06:12,2030.063,25098608.000,65.002,55.002
22/07/24 06:06:13,2520.451,25093808.000,65.012,54.010
22/07/24 06:06:14,1969.149,25117416.000,66.971,57.975
22/07/24 06:06:15,890.272,25116092.000,60.018,50.015
22/07/24 06:06:16,2798.880,25245716.000,63.974,55.978
22/07/24 06:06:17,90030.971,26786424.000,106.036,97.033
22/07/24 06:06:18,89030.207,28097432.000,102.445,96.646
22/07/24 06:06:19,89818.187,29745688.000,168.940,167.904
22/07/24 06:06:20,86373.784,32188796.000,176.794,173.848
22/07/24 06:06:21,88401.481,34695492.000,181.284,176.192
22/07/24 06:06:22,85522.126,38492996.000,177.963,173.964
22/07/24 06:06:23,82763.987,45427800.000,179.030,175.030
22/07/24 06:06:24,84924.801,52435296.000,178.548,174.558
22/07/24 06:06:25,84559.008,58188496.000,178.462,174.452
22/07/24 06:06:26,82917.944,67059252.000,178.952,175.953
22/07/24 06:06:27,84690.742,76293688.000,179.514,176.522
22/07/24 06:06:28,84094.357,89219080.000,178.455,175.447
22/07/24 06:06:29,85083.738,100731336.000,179.050,175.049
22/07/24 06:06:30,84028.740,114618840.000,178.976,175.976
22/07/24 06:06:31,84855.276,119779664.000,179.757,176.761
22/07/24 06:06:32,82087.347,106295956.000,178.711,174.718
22/07/24 06:06:33,82520.863,94873436.000,179.546,175.534
22/07/24 06:06:34,82868.114,51864280.000,177.242,174.272
22/07/24 06:06:35,93022.598,34232788.000,179.783,175.743
22/07/24 06:06:36,94100.796,30134664.000,179.040,174.038
22/07/24 06:06:37,94918.007,30028552.000,177.996,172.996
22/07/24 06:06:38,94888.956,29793224.000,178.998,174.998
22/07/24 06:06:39,93812.307,29458900.000,178.985,172.986
22/07/24 06:06:40,84571.881,27044588.000,178.983,175.983
22/07/24 06:06:41,31304.115,25711764.000,97.982,93.982
22/07/24 06:06:42,90308.148,27403880.000,110.655,126.605
22/07/24 06:06:43,89005.735,28915988.000,175.603,171.589
22/07/24 06:06:44,87173.705,30951440.000,178.188,174.229
22/07/24 06:06:45,86291.578,33227324.000,180.341,174.296
22/07/24 06:06:46,86084.163,36192924.000,178.465,174.454
22/07/24 06:06:47,86336.085,39562628.000,178.950,173.952
22/07/24 06:06:48,87253.035,42817732.000,179.047,175.046
22/07/24 06:06:49,86519.777,48021768.000,179.020,175.020
22/07/24 06:06:50,85917.389,56087864.000,178.015,175.015
22/07/24 06:06:51,85982.108,64022788.000,178.900,175.902
22/07/24 06:06:52,86616.860,71246552.000,179.097,175.095
22/07/24 06:06:53,86817.048,78739056.000,178.994,173.994
22/07/24 06:06:54,86015.011,89082204.000,177.990,174.990
22/07/24 06:06:55,85108.583,101337212.000,178.925,174.949
22/07/24 06:06:56,85099.620,112955676.000,180.057,176.033
22/07/24 06:06:57,85015.834,125732648.000,178.991,175.991
22/07/24 06:06:58,82445.208,119416748.000,178.924,174.926
22/07/24 06:06:59,80171.267,99009856.000,179.070,176.069
22/07/24 06:07:00,81966.229,54304260.000,179.057,175.056
22/07/24 06:07:01,92640.648,35081004.000,179.001,173.001
22/07/24 06:07:02,94479.906,29958160.000,179.000,174.000
22/07/24 06:07:03,94566.618,29633528.000,178.937,175.938
22/07/24 06:07:04,90786.958,28656644.000,177.549,172.618
22/07/24 06:07:05,49811.635,25344564.000,151.098,143.999
22/07/24 06:07:06,10869.478,26099112.000,86.996,83.996
22/07/24 06:07:07,8989.137,25316924.000,73.993,75.993
22/07/24 06:07:08,8979.784,25588152.000,68.998,60.999
22/07/24 06:07:09,9491.016,26766344.000,72.008,61.007
22/07/24 06:07:10,14359.253,25374000.000,73.996,60.997
22/07/24 06:07:11,26018.439,27136852.000,81.995,70.996
22/07/24 06:07:12,22532.163,29441776.000,85.008,73.007
22/07/24 06:07:13,7338.540,25275556.000,67.986,59.988
22/07/24 06:07:14,9669.836,26727724.000,74.999,64.999
22/07/24 06:07:15,9383.218,26618040.000,71.024,61.021
22/07/24 06:07:16,10666.864,25282596.000,71.979,61.982
22/07/24 06:07:17,9746.189,26123376.000,67.973,56.978
22/07/24 06:07:18,4012.090,25201136.000,65.034,57.030
22/07/24 06:07:19,1259.787,25200072.000,62.989,53.991
22/07/24 06:07:20,1290.041,25198352.000,61.002,53.002
22/07/24 06:07:21,749.970,25196700.000,58.998,48.998
22/07/24 06:07:22,1499.963,25189652.000,60.998,53.999
22/07/24 06:07:23,970.072,25185844.000,58.004,49.004
22/07/24 06:07:24,770.005,25185160.000,67.000,57.000
22/07/24 06:07:25,1140.095,25183996.000,59.005,47.004
22/07/24 06:07:26,2909.479,25183200.000,66.988,55.990
22/07/24 06:07:27,2290.034,25186772.000,62.001,54.001
22/07/24 06:07:28,899.989,25191580.000,63.999,51.999
22/07/24 06:07:29,1100.076,25201652.000,63.004,54.004
22/07/24 06:07:30,860.046,25201288.000,60.003,50.003
22/07/24 06:07:31,22615.088,25746628.000,76.017,66.015
22/07/24 06:07:32,90077.965,27214200.000,96.708,88.732
22/07/24 06:07:33,88647.716,29168052.000,109.330,114.345
22/07/24 06:07:34,88581.092,31844560.000,178.952,174.975
22/07/24 06:07:35,87415.841,36175544.000,179.057,175.033
22/07/24 06:07:36,85941.307,41272120.000,175.852,173.887
22/07/24 06:07:37,89220.781,45233048.000,180.798,175.719
22/07/24 06:07:38,86240.132,48936044.000,176.948,?
22/07/24 06:07:39,87536.536,52656488.000,178.728,173.708
22/07/24 06:07:40,85593.091,58945452.000,178.277,176.286
22/07/24 06:07:41,87968.509,63674704.000,179.528,174.456
22/07/24 06:07:42,86959.826,69143888.000,178.979,174.980
22/07/24 06:07:43,84860.679,76562172.000,178.001,175.001
22/07/24 06:07:44,83706.083,82655092.000,176.141,174.184
22/07/24 06:07:45,85684.703,89922576.000,180.154,177.118
22/07/24 06:07:46,86060.103,97062880.000,178.979,174.980
22/07/24 06:07:47,86175.932,103596600.000,177.611,175.626
22/07/24 06:07:48,87500.000,110512428.000,178.000,174.000
22/07/24 06:07:49,87177.306,119534732.000,179.415,176.391
22/07/24 06:07:50,84665.178,129426464.000,177.186,173.248
22/07/24 06:07:51,86510.204,138598308.000,180.612,176.531
22/07/24 06:07:52,85181.714,149833968.000,179.636,175.622
22/07/24 06:07:53,84255.834,159218220.000,177.943,174.977
22/07/24 06:07:54,85617.700,169536020.000,178.287,174.303
22/07/24 06:07:55,85172.470,179886404.000,179.005,176.005
22/07/24 06:07:56,85191.820,188154536.000,177.566,172.606
22/07/24 06:07:57,88892.753,194699656.000,182.961,177.907
22/07/24 06:07:58,84845.052,196802596.000,177.276,175.296
22/07/24 06:07:59,84653.616,196766472.000,180.546,178.517
22/07/24 06:08:00,82072.750,196847488.000,180.479,176.446
22/07/24 06:08:01,79744.251,196915324.000,178.296,176.379
22/07/24 06:08:02,?,?,?,?
22/07/24 06:08:03,?,?,?,?
22/07/24 06:08:04,?,?,?,?
22/07/24 06:08:05,?,?,?,?
22/07/24 06:08:06,?,?,?,?
22/07/24 06:08:07,?,?,?,?
22/07/24 06:08:08,?,?,?,?
22/07/24 06:08:09,?,?,?,?
22/07/24 06:08:10,?,?,?,?
22/07/24 06:08:11,?,?,?,?
22/07/24 06:08:12,?,?,?,?
22/07/24 06:08:13,?,?,?,?
22/07/24 06:08:14,?,?,?,?
22/07/24 06:08:15,?,?,?,?
22/07/24 06:08:16,?,?,?,?
22/07/24 06:08:17,?,?,?,?
22/07/24 06:08:18,?,?,?,?
22/07/24 06:08:19,?,?,?,?
22/07/24 06:08:20,?,?,?,?
22/07/24 06:08:21,?,?,?,?
22/07/24 06:08:22,?,?,?,?
22/07/24 06:08:23,?,?,?,?
22/07/24 06:08:24,?,?,?,?
22/07/24 06:08:25,?,?,?,?
22/07/24 06:08:26,?,?,?,?
22/07/24 06:08:27,?,?,?,?
22/07/24 06:08:28,?,?,?,?
22/07/24 06:08:29,?,?,?,?
22/07/24 06:08:30,?,?,?,?
22/07/24 06:08:31,?,?,?,?
22/07/24 06:08:32,?,?,?,?
22/07/24 06:08:33,?,?,?,?
22/07/24 06:08:34,?,?,?,?
22/07/24 06:08:35,?,?,?,?
22/07/24 06:08:36,?,?,?,?
22/07/24 06:08:37,?,?,?,?
22/07/24 06:08:38,?,?,?,?
22/07/24 06:08:39,?,?,?,?
22/07/24 06:08:40,?,?,?,?
22/07/24 06:08:41,?,?,?,?
22/07/24 06:08:42,?,?,?,?
22/07/24 06:08:43,?,?,?,?
22/07/24 06:08:44,?,?,?,?
22/07/24 06:08:45,?,?,?,?
22/07/24 06:08:46,?,?,?,?
22/07/24 06:08:47,?,?,?,?
22/07/24 06:08:48,?,?,?,?
22/07/24 06:08:49,?,?,?,?
22/07/24 06:08:50,3445296.844,34724876.000,669.604,244.064
22/07/24 06:08:51,86459.483,38636228.000,179.061,176.060
22/07/24 06:08:52,84355.656,42992896.000,176.411,175.436
22/07/24 06:08:53,86172.190,48992716.000,180.718,176.702
22/07/24 06:08:54,85840.086,55691096.000,180.000,177.000
22/07/24 06:08:55,87505.431,62673656.000,182.984,178.895
22/07/24 06:08:56,85407.174,69122136.000,180.015,177.015
22/07/24 06:08:57,85591.086,74784436.000,177.824,175.859
22/07/24 06:08:58,87676.690,81582636.000,182.278,178.205
22/07/24 06:08:59,85919.795,88235972.000,180.021,177.020
22/07/24 06:09:00,86038.815,97356672.000,178.977,176.977
22/07/24 06:09:01,85402.889,106941216.000,180.212,177.242
22/07/24 06:09:02,85722.021,117342696.000,180.818,176.778
22/07/24 06:09:03,85580.513,128523380.000,181.001,178.001
22/07/24 06:09:04,85839.784,139739332.000,179.895,176.897
22/07/24 06:09:05,85453.239,152195352.000,181.092,178.090
22/07/24 06:09:06,85231.960,165691124.000,181.004,177.004
22/07/24 06:09:07,86608.181,176951304.000,180.996,177.996
22/07/24 06:09:08,86715.990,186166924.000,180.184,177.214
22/07/24 06:09:09,87962.706,196116532.000,182.835,179.804
22/07/24 06:09:10,71469.429,197054084.000,153.126,148.697
22/07/24 06:09:11,?,?,?,?
22/07/24 06:09:12,?,?,?,?
22/07/24 06:09:13,?,?,?,?
22/07/24 06:09:14,?,?,?,?
22/07/24 06:09:15,?,?,?,?
22/07/24 06:09:16,?,?,?,?
22/07/24 06:09:17,?,?,?,?
22/07/24 06:09:18,?,?,?,?
22/07/24 06:09:19,?,?,?,?
22/07/24 06:09:20,?,?,?,?
22/07/24 06:09:21,?,?,?,?
22/07/24 06:09:22,?,?,?,?
22/07/24 06:09:23,?,?,?,?
22/07/24 06:09:24,?,?,?,?
22/07/24 06:09:25,?,?,?,?
22/07/24 06:09:26,?,?,?,?
22/07/24 06:09:27,?,?,?,?
22/07/24 06:09:28,?,?,?,?
22/07/24 06:09:29,?,?,?,?
22/07/24 06:09:30,?,?,?,?
22/07/24 06:09:31,?,?,?,?
22/07/24 06:09:32,?,?,?,?
22/07/24 06:09:33,?,?,?,?
22/07/24 06:09:34,?,?,?,?
22/07/24 06:09:35,?,?,?,?
22/07/24 06:09:36,?,?,?,?
22/07/24 06:09:37,?,?,?,?
22/07/24 06:09:38,?,?,?,?
22/07/24 06:09:39,?,?,?,?
22/07/24 06:09:40,?,?,?,?
22/07/24 06:09:41,?,?,?,?
22/07/24 06:09:42,?,?,?,?
22/07/24 06:09:43,?,?,?,?
22/07/24 06:09:44,?,?,?,?
22/07/24 06:09:45,?,?,?,?
22/07/24 06:09:46,?,?,?,?
22/07/24 06:09:47,?,?,?,?
22/07/24 06:09:48,?,?,?,?
22/07/24 06:09:49,?,?,?,?
22/07/24 06:09:50,?,?,?,?
22/07/24 06:09:51,?,?,?,?
22/07/24 06:09:52,?,?,?,?
22/07/24 06:09:53,?,?,?,?
22/07/24 06:09:54,?,?,?,?
22/07/24 06:09:55,?,?,?,?
22/07/24 06:09:56,?,?,973.451,502.996
22/07/24 06:09:57,?,?,90.017,77.015
22/07/24 06:09:58,?,?,90.005,71.004
22/07/24 06:09:59,?,?,122.003,76.002
22/07/24 06:10:00,?,?,150.019,95.012
22/07/24 06:10:01,?,?,129.972,113.975
22/07/24 06:10:02,?,?,74.005,61.004
22/07/24 06:10:03,?,?,80.009,65.008
22/07/24 06:10:04,?,?,82.001,63.672
22/07/24 06:10:05,?,?,67.464,59.161
22/07/24 06:10:06,?,?,64.002,58.002
22/07/24 06:10:07,?,?,93.007,66.005
22/07/24 06:10:08,?,?,136.006,83.004
22/07/24 06:10:09,?,?,132.011,116.009
22/07/24 06:10:10,?,?,86.977,76.979
22/07/24 06:10:11,?,?,76.012,58.009
22/07/24 06:10:12,?,18643916.000,80.997,65.997
22/07/24 06:10:13,4339.948,17651688.000,75.999,59.999
22/07/24 06:10:14,3549.982,17652480.000,76.000,56.000
22/07/24 06:10:15,1469.927,17660096.000,63.997,45.998
22/07/24 06:10:16,2080.144,17666592.000,70.005,51.004
22/07/24 06:10:17,1909.941,17668784.000,67.998,49.998
22/07/24 06:10:18,2270.157,17667832.000,68.005,49.003
22/07/24 06:10:19,1919.960,17664732.000,72.998,54.999
22/07/24 06:10:20,1960.008,17659132.000,65.000,46.000
22/07/24 06:10:21,1889.981,17668368.000,65.999,47.000
22/07/24 06:10:22,2390.041,17669716.000,73.001,52.001
22/07/24 06:10:23,2359.887,17675360.000,74.996,54.997
22/07/24 06:10:24,2699.676,17708948.000,74.991,54.993
22/07/24 06:10:25,2508.863,17715600.000,69.968,51.976
22/07/24 06:10:26,2629.992,17726204.000,76.000,57.000
22/07/24 06:10:27,3719.766,17733064.000,81.995,62.996
22/07/24 06:10:28,58931.516,18626736.000,115.357,78.562
22/07/24 06:10:29,89380.743,20385536.000,129.771,95.567
22/07/24 06:10:30,87567.776,23779956.000,156.032,150.030
22/07/24 06:10:31,86841.229,30777284.000,183.981,178.982
22/07/24 06:10:32,86829.233,36257068.000,181.977,176.978
22/07/24 06:10:33,86771.085,40791240.000,181.044,178.043
22/07/24 06:10:34,85659.613,48319720.000,181.957,176.958
22/07/24 06:10:35,83827.283,59998428.000,180.951,177.952
22/07/24 06:10:36,84294.530,69267000.000,182.053,177.052
22/07/24 06:10:37,85240.395,76468824.000,181.958,176.959
22/07/24 06:10:38,86837.989,82331304.000,181.017,176.016
22/07/24 06:10:39,86529.518,88588548.000,181.020,176.019
22/07/24 06:10:40,85148.137,96301996.000,182.039,178.038
22/07/24 06:10:41,85838.712,104061076.000,180.955,176.956
22/07/24 06:10:42,85460.254,111926268.000,182.043,176.042
22/07/24 06:10:43,87676.892,117579960.000,180.787,175.793
22/07/24 06:10:44,86507.805,124124312.000,181.184,177.180
22/07/24 06:10:45,84935.776,132367960.000,181.012,177.012
22/07/24 06:10:46,85591.626,140451848.000,181.003,176.003
22/07/24 06:10:47,85090.684,148640140.000,180.959,176.960
22/07/24 06:10:48,85698.741,157160032.000,182.019,179.018
22/07/24 06:10:49,84526.339,164718672.000,182.014,177.013
22/07/24 06:10:50,86357.927,171448732.000,181.996,178.996
22/07/24 06:10:51,86543.808,178373044.000,182.008,179.008
22/07/24 06:10:52,85967.590,185391064.000,181.931,179.932
22/07/24 06:10:53,86449.825,192643120.000,182.063,179.062
22/07/24 06:10:54,?,?,?,?
22/07/24 06:10:55,?,?,?,?
22/07/24 06:10:56,?,?,?,?
22/07/24 06:10:57,?,?,?,?
22/07/24 06:10:58,?,?,?,?
22/07/24 06:10:59,?,?,?,?
22/07/24 06:11:00,?,?,?,?
22/07/24 06:11:01,?,?,?,?
22/07/24 06:11:02,?,?,?,?
22/07/24 06:11:03,?,?,?,?
22/07/24 06:11:04,?,?,?,?
22/07/24 06:11:05,?,?,?,?
22/07/24 06:11:06,?,?,?,?
22/07/24 06:11:07,?,?,?,?
22/07/24 06:11:08,?,?,?,?
22/07/24 06:11:09,?,?,?,?
22/07/24 06:11:10,?,?,?,?
22/07/24 06:11:11,?,?,?,?
22/07/24 06:11:12,?,?,?,?
22/07/24 06:11:13,?,?,?,?
22/07/24 06:11:14,?,?,?,?
22/07/24 06:11:15,?,?,?,?
22/07/24 06:11:16,?,?,?,?
22/07/24 06:11:17,?,?,?,?
22/07/24 06:11:18,?,?,?,?
22/07/24 06:11:19,?,?,?,?
22/07/24 06:11:20,?,?,?,?
22/07/24 06:11:21,?,?,?,?
22/07/24 06:11:22,?,?,?,?
22/07/24 06:11:23,?,?,?,?
22/07/24 06:11:24,?,?,?,?
22/07/24 06:11:25,?,?,?,?
22/07/24 06:11:26,?,?,?,?
22/07/24 06:11:27,?,?,?,?
22/07/24 06:11:28,?,?,?,?
22/07/24 06:11:29,?,?,?,?
22/07/24 06:11:30,?,?,?,?
22/07/24 06:11:31,?,?,?,?
22/07/24 06:11:32,?,?,?,?
22/07/24 06:11:33,?,?,?,?
22/07/24 06:11:34,?,?,?,?
22/07/24 06:11:35,?,?,?,?
22/07/24 06:11:36,?,?,?,?
22/07/24 06:11:37,?,?,?,?
22/07/24 06:11:38,?,?,?,?
22/07/24 06:11:39,?,?,?,?
22/07/24 06:11:40,?,?,?,?
22/07/24 06:11:41,?,?,?,?
22/07/24 06:11:42,?,?,?,?
22/07/24 06:11:43,?,?,?,?
22/07/24 06:11:44,?,?,?,?
22/07/24 06:11:45,?,?,?,?
22/07/24 06:11:46,?,?,?,?
22/07/24 06:11:47,?,?,?,?
22/07/24 06:11:48,?,?,?,?
22/07/24 06:11:49,?,?,?,?
22/07/24 06:11:50,?,?,?,?
22/07/24 06:11:51,?,?,?,?
22/07/24 06:11:52,?,?,?,?
22/07/24 06:11:53,?,?,?,?
22/07/24 06:11:54,?,?,?,?
22/07/24 06:11:55,?,?,?,?
22/07/24 06:11:56,?,?,?,?
22/07/24 06:11:57,?,?,?,?
22/07/24 06:11:58,?,?,?,?
22/07/24 06:11:59,?,?,?,?
22/07/24 06:12:00,?,?,?,?
22/07/24 06:12:01,?,?,?,?
22/07/24 06:12:02,?,?,?,?
22/07/24 06:12:03,?,?,?,?
22/07/24 06:12:04,?,?,?,?
22/07/24 06:12:05,?,?,?,?
22/07/24 06:12:06,?,?,?,?
22/07/24 06:12:07,?,?,?,?
22/07/24 06:12:08,?,?,?,?
22/07/24 06:12:09,?,?,?,?
22/07/24 06:12:10,?,?,839.380,543.817
22/07/24 06:12:11,?,?,183.470,179.437
22/07/24 06:12:12,?,?,183.267,179.283
22/07/24 06:12:13,?,?,184.679,180.598
22/07/24 06:12:14,?,?,182.554,179.578
22/07/24 06:12:15,?,?,?,180.836
22/07/24 06:12:16,?,?,183.025,180.025
22/07/24 06:12:17,?,?,179.983,178.027
22/07/24 06:12:18,?,?,186.558,180.441
22/07/24 06:12:19,?,?,183.611,179.597
22/07/24 06:12:20,?,?,182.976,177.977
22/07/24 06:12:21,?,?,183.010,180.010
22/07/24 06:12:22,?,?,184.008,180.008
22/07/24 06:12:23,?,?,184.000,180.000
22/07/24 06:12:24,?,?,180.956,176.065
22/07/24 06:12:25,?,?,186.165,181.051
22/07/24 06:12:26,?,?,184.005,179.005
22/07/24 06:12:27,?,?,182.993,178.993
22/07/24 06:12:28,?,?,183.990,177.990
22/07/24 06:12:29,?,?,182.395,177.465
22/07/24 06:12:30,?,?,184.638,180.580
22/07/24 06:12:31,?,?,184.003,180.003
22/07/24 06:12:32,?,?,183.992,180.993
22/07/24 06:12:33,?,?,101.945,91.950
22/07/24 06:12:34,?,?,98.436,91.476
22/07/24 06:12:35,?,?,145.387,136.363
22/07/24 06:12:36,?,?,165.879,160.913
22/07/24 06:12:37,?,?,186.928,181.876
22/07/24 06:12:38,?,?,183.018,179.018
22/07/24 06:12:39,?,?,183.968,179.969
22/07/24 06:12:40,?,?,180.716,178.751
22/07/24 06:12:41,?,?,186.410,181.317
22/07/24 06:12:42,?,53272516.000,183.907,180.909
22/07/24 06:12:43,85661.244,58749188.000,184.046,177.044
22/07/24 06:12:44,86966.521,63113584.000,182.993,180.993
22/07/24 06:12:45,85324.471,70069844.000,183.967,178.967
22/07/24 06:12:46,86189.859,78019356.000,184.464,180.699
22/07/24 06:12:47,84875.565,84207472.000,184.396,180.133
22/07/24 06:12:48,86990.273,90517468.000,184.064,179.062
22/07/24 06:12:49,86014.667,97473996.000,184.989,179.989
22/07/24 06:12:50,84269.524,105081696.000,182.269,181.278
22/07/24 06:12:51,87687.219,112214716.000,185.881,180.830
22/07/24 06:12:52,87488.102,119566144.000,184.975,180.975
22/07/24 06:12:53,87013.481,127310876.000,184.007,179.007
22/07/24 06:12:54,86670.928,135951724.000,182.905,180.916
22/07/24 06:12:55,86579.390,144569068.000,186.117,182.092
22/07/24 06:12:56,86426.985,153442936.000,184.929,181.931
22/07/24 06:12:57,84091.794,164052944.000,185.092,180.090
22/07/24 06:12:58,86202.847,173744812.000,183.921,180.922
22/07/24 06:12:59,86181.483,182852120.000,185.874,182.876
22/07/24 06:13:00,86572.277,191071096.000,183.374,181.391
22/07/24 06:13:01,86212.921,197203616.000,187.335,182.482
22/07/24 06:13:02,?,?,?,?
22/07/24 06:13:03,?,?,?,?
22/07/24 06:13:04,?,?,?,?
22/07/24 06:13:05,?,?,?,?
22/07/24 06:13:06,?,?,?,?
22/07/24 06:13:07,?,?,?,?
22/07/24 06:13:08,?,?,?,?
22/07/24 06:13:09,?,?,?,?
22/07/24 06:13:10,?,?,?,?
22/07/24 06:13:11,?,?,?,?
22/07/24 06:13:12,?,?,?,?
22/07/24 06:13:13,?,?,?,?
22/07/24 06:13:14,?,?,?,?
22/07/24 06:13:15,?,?,?,?
22/07/24 06:13:16,?,?,?,?
22/07/24 06:13:17,?,?,?,?
22/07/24 06:13:18,?,?,?,?
22/07/24 06:13:19,?,?,?,?
22/07/24 06:13:20,?,?,?,?
22/07/24 06:13:21,?,?,?,?
22/07/24 06:13:22,?,?,?,?
22/07/24 06:13:23,?,?,?,?
22/07/24 06:13:24,?,?,?,?
22/07/24 06:13:25,?,?,?,?
22/07/24 06:13:26,?,?,?,?
22/07/24 06:13:27,?,?,?,?
22/07/24 06:13:28,?,?,?,?
22/07/24 06:13:29,?,?,?,?
22/07/24 06:13:30,?,?,?,?
22/07/24 06:13:31,?,?,?,?
22/07/24 06:13:32,?,?,?,?
22/07/24 06:13:33,?,?,?,?
22/07/24 06:13:34,?,?,?,?
22/07/24 06:13:35,?,?,?,?
22/07/24 06:13:36,?,?,?,?
22/07/24 06:13:37,?,?,?,?
22/07/24 06:13:38,?,?,?,?
22/07/24 06:13:39,?,?,?,?
22/07/24 06:13:40,?,?,?,?
22/07/24 06:13:41,?,?,?,?
22/07/24 06:13:42,?,?,?,?
22/07/24 06:13:43,4485716.914,33755204.000,383.258,1392.705
22/07/24 06:13:44,91033.416,33547628.000,182.937,180.959
22/07/24 06:13:45,92912.369,33356988.000,190.115,184.015
22/07/24 06:13:46,89461.610,34126928.000,182.555,179.626
22/07/24 06:13:47,92729.434,32800992.000,186.744,183.732
22/07/24 06:13:48,93808.194,31732692.000,188.244,183.184
22/07/24 06:13:49,91872.189,31152704.000,184.538,181.562
22/07/24 06:13:50,92105.824,30438524.000,186.513,181.553
22/07/24 06:13:51,93871.355,29771024.000,186.739,182.723
22/07/24 06:13:52,94488.078,29084100.000,187.504,182.464
22/07/24 06:13:53,93924.416,28582760.000,188.579,183.509
22/07/24 06:13:54,92180.873,28038444.000,184.009,181.073
22/07/24 06:13:55,94488.995,27575116.000,187.753,182.733
22/07/24 06:13:56,95111.175,27084344.000,187.501,182.460
22/07/24 06:13:57,95280.799,26701596.000,188.425,183.387
22/07/24 06:13:58,93919.499,26479700.000,185.596,180.634
22/07/24 06:13:59,95379.214,26368712.000,188.880,182.819
22/07/24 06:14:00,94502.989,26108528.000,186.966,182.967
22/07/24 06:14:01,94982.769,25925272.000,187.065,183.063
22/07/24 06:14:02,94411.416,25804424.000,187.003,182.003
22/07/24 06:14:03,94597.257,25559948.000,186.995,179.995
22/07/24 06:14:04,94557.106,25243892.000,186.541,180.555
22/07/24 06:14:05,92908.216,25044468.000,185.108,181.169
22/07/24 06:14:06,94922.951,24765268.000,189.378,183.269
22/07/24 06:14:07,93672.950,24473568.000,187.046,182.045
22/07/24 06:14:08,92301.754,23706272.000,187.004,183.003
22/07/24 06:14:09,89549.731,20893068.000,186.999,182.999
22/07/24 06:14:10,30850.225,17786964.000,129.917,115.926
22/07/24 06:14:11,8841.432,18129368.000,74.012,60.010
22/07/24 06:14:12,11060.199,19251344.000,82.001,64.001
22/07/24 06:14:13,9863.640,17762308.000,93.034,62.023
22/07/24 06:14:14,10891.263,18747936.000,94.011,70.008
22/07/24 06:14:15,5957.688,19534620.000,71.972,59.977
22/07/24 06:14:16,9919.921,17748256.000,73.999,58.000
22/07/24 06:14:17,10031.495,18505872.000,78.012,57.008
22/07/24 06:14:18,4409.718,17905620.000,72.995,59.996
22/07/24 06:14:19,10757.988,17731444.000,76.986,61.988
22/07/24 06:14:20,9992.308,18628776.000,79.018,61.014
22/07/24 06:14:21,4359.403,17690404.000,72.990,61.992
22/07/24 06:14:22,11769.529,17725608.000,74.997,58.998
22/07/24 06:14:23,9727.169,18798404.000,71.979,52.985
22/07/24 06:14:24,2310.635,17991576.000,70.019,59.016
22/07/24 06:14:25,11521.394,18245440.000,79.010,63.008
22/07/24 06:14:26,9758.595,19542068.000,73.989,58.992
22/07/24 06:14:27,15300.444,17707368.000,77.002,67.002
22/07/24 06:14:28,61594.804,18022760.000,96.007,82.006
22/07/24 06:14:29,81622.612,22009116.000,126.004,98.003
22/07/24 06:14:30,57258.494,21234336.000,167.054,152.049
22/07/24 06:14:31,13235.672,17723356.000,84.972,66.978
22/07/24 06:14:32,9809.931,19150496.000,77.999,57.000
22/07/24 06:14:33,9360.187,17644976.000,76.002,62.001
22/07/24 06:14:34,10020.772,18316268.000,71.005,61.005
22/07/24 06:14:35,4188.911,19437276.000,68.982,60.984
22/07/24 06:14:36,9502.613,17643048.000,72.020,57.016
22/07/24 06:14:37,10317.421,18466424.000,74.981,61.985
22/07/24 06:14:38,5090.514,17594512.000,72.007,62.006
22/07/24 06:14:39,12818.769,17686136.000,74.993,59.994
22/07/24 06:14:40,9292.072,18893968.000,75.017,61.014
22/07/24 06:14:41,7881.433,17629812.000,70.923,60.934
22/07/24 06:14:42,11470.082,18094380.000,78.069,64.056
22/07/24 06:14:43,8032.426,19165976.000,72.022,57.017
22/07/24 06:14:44,7217.762,17585188.000,67.979,56.982
22/07/24 06:14:45,10380.332,18582564.000,76.002,?
22/07/24 06:14:46,7371.253,19312460.000,71.012,62.011
22/07/24 06:14:47,36210.652,17858648.000,80.001,69.001
22/07/24 06:14:48,72633.126,18315340.000,99.963,90.966
22/07/24 06:14:49,86259.322,22995108.000,138.031,135.030
22/07/24 06:14:50,83208.707,39646192.000,185.064,179.062
22/07/24 06:14:51,25882.882,17579368.000,135.963,110.969
22/07/24 06:14:52,9299.749,17900792.000,80.998,63.998
22/07/24 06:14:53,9020.622,19413544.000,75.005,61.004
22/07/24 06:14:54,1319.716,17457580.000,70.985,60.987
22/07/24 06:14:55,929.949,17461328.000,65.996,55.997
22/07/24 06:14:56,1159.882,17458724.000,67.993,56.994
22/07/24 06:14:57,2620.818,17453588.000,69.022,58.018
22/07/24 06:14:58,1119.728,17453004.000,64.984,55.986
22/07/24 06:14:59,1070.138,17449192.000,66.009,57.007
22/07/24 06:15:00,1109.892,17451084.000,65.994,55.995
22/07/24 06:15:01,1110.272,17395768.000,67.016,55.013
22/07/24 06:15:02,2909.276,17397200.000,66.983,56.986
22/07/24 06:15:03,1009.994,17399064.000,61.000,52.000
22/07/24 06:15:04,989.961,17391288.000,63.998,55.998
22/07/24 06:15:05,940.081,17390568.000,63.005,53.005
22/07/24 06:15:06,890.056,17390004.000,69.004,56.004
22/07/24 06:15:07,1310.025,17387828.000,61.001,51.001
22/07/24 06:15:08,1249.706,17391940.000,66.984,55.987
22/07/24 06:15:09,1090.002,17393464.000,63.000,55.000
22/07/24 06:15:10,1459.977,17390256.000,61.999,52.999
22/07/24 06:15:11,830.097,17386964.000,61.007,50.006
22/07/24 06:15:12,2090.173,17384548.000,65.005,55.005
22/07/24 06:15:13,2869.561,17396372.000,67.990,56.991
22/07/24 06:15:14,1930.230,17373332.000,65.008,54.006
22/07/24 06:15:15,949.958,17375260.000,63.997,52.998
22/07/24 06:15:16,1250.059,17367544.000,61.003,53.002
22/07/24 06:15:17,529.994,17346072.000,63.999,52.999
22/07/24 06:15:18,1540.032,17336208.000,63.001,55.001
22/07/24 06:15:19,1339.906,17335560.000,63.996,54.996
22/07/24 06:15:20,1089.935,17332064.000,65.996,53.997
22/07/24 06:15:21,1320.091,17332304.000,64.004,53.004
22/07/24 06:15:22,819.971,17328196.000,64.998,54.998
22/07/24 06:15:23,2840.051,17329348.000,64.001,53.001
22/07/24 06:15:24,1459.926,17323760.000,69.996,59.997
22/07/24 06:15:25,1130.094,17324800.000,67.006,55.005
22/07/24 06:15:26,1349.974,17325788.000,62.999,53.999
22/07/24 06:15:27,2060.194,17325400.000,68.006,58.005
22/07/24 06:15:28,589.778,17321412.000,58.978,49.981
22/07/24 06:15:29,1200.268,17320540.000,62.014,52.012
22/07/24 06:15:30,1110.083,17322900.000,69.005,56.004
22/07/24 06:15:31,1600.155,17320740.000,66.006,56.005
22/07/24 06:15:32,1799.824,17320716.000,63.994,55.995
22/07/24 06:15:33,2359.825,17327928.000,62.995,52.996
22/07/24 06:15:34,1310.050,17324948.000,64.002,53.002
22/07/24 06:15:35,770.094,17325696.000,61.007,51.006
22/07/24 06:15:36,1009.912,17324476.000,64.994,53.995
22/07/24 06:15:37,1179.985,17325876.000,63.999,52.999
22/07/24 06:15:38,1549.781,17325008.000,62.991,52.993
22/07/24 06:15:39,1390.172,17327740.000,63.008,53.007
22/07/24 06:15:40,990.238,17327468.000,58.014,50.012
22/07/24 06:15:41,1339.624,17325052.000,64.982,56.984
22/07/24 06:15:42,2369.991,17327596.000,65.000,55.000
22/07/24 06:15:43,2470.188,17322432.000,62.005,53.004
22/07/24 06:15:44,1469.744,17327280.000,66.988,56.990
22/07/24 06:15:45,1230.097,17327956.000,62.005,54.004
22/07/24 06:15:46,540.001,17327432.000,63.000,53.000
22/07/24 06:15:47,870.037,17325448.000,59.003,52.002
22/07/24 06:15:48,889.995,17324164.000,63.000,52.000
22/07/24 06:15:49,1390.008,17324084.000,63.000,53.000
22/07/24 06:15:50,1600.118,17324056.000,68.005,57.004
22/07/24 06:15:51,1249.958,17325508.000,60.998,51.998
22/07/24 06:15:52,449.969,17322200.000,61.996,50.996
22/07/24 06:15:53,640.019,17323384.000,60.002,51.002
22/07/24 06:15:54,2830.425,17326436.000,70.011,59.009
22/07/24 06:15:55,899.864,17331828.000,63.990,53.992
22/07/24 06:15:56,1819.955,17328668.000,63.998,52.999
22/07/24 06:15:57,1880.015,17335528.000,62.000,52.000
22/07/24 06:15:58,760.097,17330996.000,58.007,48.006
22/07/24 06:15:59,1400.008,17329012.000,62.000,52.000
22/07/24 06:16:00,1020.054,17325996.000,63.003,53.003
22/07/24 06:16:01,1019.863,17327240.000,57.992,47.994
22/07/24 06:16:02,1950.230,17326276.000,67.008,58.007
22/07/24 06:16:03,930.037,17323856.000,63.003,53.002
22/07/24 06:16:04,2359.547,17335272.000,68.987,57.989
22/07/24 06:16:05,890.046,17338456.000,63.003,52.003
22/07/24 06:16:06,1810.036,17340492.000,64.001,53.001
22/07/24 06:16:07,969.940,17339360.000,64.996,54.997
22/07/24 06:16:08,1109.971,17338988.000,65.998,54.999
22/07/24 06:16:09,1230.198,17342604.000,62.010,52.008
22/07/24 06:16:10,659.954,17344004.000,61.996,50.996
22/07/24 06:16:11,989.919,17340828.000,59.995,48.996
22/07/24 06:16:12,2700.184,17344452.000,62.004,54.004
22/07/24 06:16:13,469.969,17342584.000,58.996,49.997
22/07/24 06:16:14,2690.420,17343328.000,69.011,58.009
22/07/24 06:16:15,889.834,17345252.000,63.988,53.990
22/07/24 06:16:16,1030.101,17341172.000,60.006,49.005
22/07/24 06:16:17,499.979,17338572.000,58.998,48.998
22/07/24 06:16:18,849.975,17340056.000,60.998,51.998
22/07/24 06:16:19,1670.002,17334696.000,63.000,51.000
22/07/24 06:16:20,1270.210,17335224.000,60.010,52.009
22/07/24 06:16:21,1349.900,17333124.000,64.995,52.996
22/07/24 06:16:22,709.962,17334272.000,61.997,51.997
22/07/24 06:16:23,890.022,17335100.000,59.001,49.001
22/07/24 06:16:24,2650.299,17334436.000,65.007,55.006
22/07/24 06:16:25,1169.931,17344084.000,63.996,53.997
22/07/24 06:16:26,1020.063,17343656.000,66.004,55.003
22/07/24 06:16:27,2209.792,17347972.000,62.994,52.995
22/07/24 06:16:28,499.956,17338008.000,57.995,51.995
22/07/24 06:16:29,830.037,17343644.000,59.003,49.002
22/07/24 06:16:30,1590.239,17346596.000,66.010,52.008
22/07/24 06:16:31,899.884,17345384.000,59.992,49.994
22/07/24 06:16:32,769.969,17344272.000,58.998,48.998
22/07/24 06:16:33,600.082,17343332.000,59.008,50.007
22/07/24 06:16:34,989.918,17340304.000,64.995,53.996
22/07/24 06:16:35,2199.890,17348296.000,67.997,57.997
22/07/24 06:16:36,1170.043,17354524.000,62.002,54.002
22/07/24 06:16:37,549.971,17354940.000,63.997,53.997
22/07/24 06:16:38,1620.031,17352928.000,66.001,55.001
22/07/24 06:16:39,1650.139,17356684.000,63.005,52.004
22/07/24 06:16:40,790.001,17351408.000,61.000,52.000
22/07/24 06:16:41,1439.876,17347968.000,64.994,53.995
22/07/24 06:16:42,3230.468,17351980.000,59.009,53.008
22/07/24 06:16:43,659.933,17356508.000,59.994,51.995
22/07/24 06:16:44,1050.228,17350560.000,63.014,53.012
22/07/24 06:16:45,1969.575,17349856.000,68.985,57.987
22/07/24 06:16:46,740.030,17348492.000,59.002,50.002
22/07/24 06:16:47,900.070,17346552.000,62.005,50.004
22/07/24 06:16:48,1059.775,17346420.000,58.987,49.989
22/07/24 06:16:49,1630.101,17346616.000,63.004,52.003
22/07/24 06:16:50,1330.124,17343340.000,61.006,52.005
22/07/24 06:16:51,519.959,17344048.000,61.995,50.996
22/07/24 06:16:52,1000.020,17344260.000,66.001,55.001
22/07/24 06:16:53,1269.982,17348524.000,58.999,50.999
22/07/24 06:16:54,1540.088,17346240.000,66.004,56.003
22/07/24 06:16:55,2190.077,17351536.000,66.002,56.002
22/07/24 06:16:56,859.937,17363788.000,65.995,56.996
22/07/24 06:16:57,1820.251,17369392.000,64.009,55.008
22/07/24 06:16:58,979.811,17370752.000,61.988,49.990
22/07/24 06:16:59,859.957,17369540.000,56.997,48.998
22/07/24 06:17:00,1200.086,17365508.000,68.005,57.004
22/07/24 06:17:01,1400.148,17365564.000,66.007,56.006
22/07/24 06:17:02,1690.188,17367612.000,57.006,47.005
22/07/24 06:17:03,1019.952,17367416.000,63.997,53.997
22/07/24 06:17:04,920.030,17357116.000,63.002,53.002
22/07/24 06:17:05,1269.811,17354000.000,60.991,52.992
22/07/24 06:17:06,2289.785,17352112.000,68.994,57.995
22/07/24 06:17:07,670.008,17354568.000,64.001,54.001
22/07/24 06:17:08,1680.089,17359656.000,65.003,53.003
22/07/24 06:17:09,1149.914,17365244.000,62.995,53.996
22/07/24 06:17:10,1560.122,17361084.000,65.005,56.004
22/07/24 06:17:11,1119.916,17361428.000,63.995,52.996
22/07/24 06:17:12,1700.078,17364904.000,65.003,56.003
22/07/24 06:17:13,1120.049,17366668.000,57.003,50.002
22/07/24 06:17:14,549.946,17366064.000,58.994,47.995
22/07/24 06:17:15,1220.105,17367196.000,64.006,56.005
22/07/24 06:17:16,2299.761,17363668.000,61.994,55.994
22/07/24 06:17:17,520.046,17361156.000,59.005,49.004
22/07/24 06:17:18,750.011,17364108.000,61.001,50.001
22/07/24 06:17:19,569.987,17362548.000,57.999,48.999
22/07/24 06:17:20,1799.939,17362860.000,67.998,57.998
22/07/24 06:17:21,1200.072,17363352.000,59.004,49.003
22/07/24 06:17:22,879.901,17361160.000,62.993,51.994
22/07/24 06:17:23,1230.146,17359944.000,62.007,51.006
22/07/24 06:17:24,690.005,17358952.000,61.000,51.000
22/07/24 06:17:25,1279.982,17359692.000,63.999,52.999
22/07/24 06:17:26,2230.297,17363824.000,66.009,57.008
22/07/24 06:17:27,3020.121,17368300.000,67.003,56.002
22/07/24 06:17:28,1059.949,17369892.000,57.997,49.998
22/07/24 06:17:29,509.973,17370012.000,60.997,51.997
22/07/24 06:17:30,1500.219,17366904.000,67.010,56.008
22/07/24 06:17:31,599.863,17369400.000,59.986,51.988
22/07/24 06:17:32,1220.005,17367832.000,64.000,54.000
22/07/24 06:17:33,519.968,17367988.000,59.996,50.997
22/07/24 06:17:34,1340.367,17367768.000,63.017,53.015
22/07/24 06:17:35,1579.712,17367104.000,62.989,51.991
22/07/24 06:17:36,1720.184,17371896.000,68.007,59.006
22/07/24 06:17:37,1219.751,17375808.000,63.987,52.989
22/07/24 06:17:38,1100.028,17374636.000,65.002,55.001
22/07/24 06:17:39,1740.221,17377612.000,70.009,58.007
22/07/24 06:17:40,1579.883,17388200.000,67.995,56.996
22/07/24 06:17:41,739.934,17388668.000,64.994,53.995
22/07/24 06:17:42,2360.160,17396152.000,65.004,55.004
22/07/24 06:17:43,609.961,17401552.000,63.996,53.997
22/07/24 06:17:44,1080.152,17402988.000,57.008,46.006
22/07/24 06:17:45,739.913,17401432.000,66.992,53.994
22/07/24 06:17:46,890.041,17401500.000,62.003,52.002
22/07/24 06:17:47,2319.961,17408840.000,65.999,54.999
22/07/24 06:17:48,839.997,17410900.000,60.000,50.000
22/07/24 06:17:49,849.960,17411248.000,57.997,47.998
22/07/24 06:17:50,2030.359,17402808.000,61.011,50.009
22/07/24 06:17:51,479.899,17406516.000,59.987,50.989
22/07/24 06:17:52,1360.292,17403728.000,61.013,51.011
22/07/24 06:17:53,609.901,17400212.000,58.990,46.992
22/07/24 06:17:54,1300.061,17401368.000,69.003,57.003
22/07/24 06:17:55,1580.144,17399928.000,61.006,51.005
22/07/24 06:17:56,1339.889,17401004.000,66.994,56.995
22/07/24 06:17:57,2379.950,17401276.000,67.999,55.999
22/07/24 06:17:58,969.952,17402072.000,62.997,52.997
22/07/24 06:17:59,1250.013,17403240.000,61.001,51.001
22/07/24 06:18:00,930.163,17398644.000,65.011,54.009
22/07/24 06:18:01,1169.847,17393560.000,62.992,54.993
22/07/24 06:18:02,1050.076,17389380.000,59.004,49.004
22/07/24 06:18:03,469.987,17387836.000,60.998,50.999
22/07/24 06:18:04,1239.964,17383932.000,60.998,52.998
22/07/24 06:18:05,819.920,17387356.000,61.994,54.995
22/07/24 06:18:06,1430.213,17386800.000,62.009,52.008
22/07/24 06:18:07,1939.998,17395136.000,69.000,58.000
22/07/24 06:18:08,819.898,17393508.000,64.992,55.993
22/07/24 06:18:09,680.054,17394288.000,62.005,52.004
22/07/24 06:18:10,1520.119,17397664.000,63.005,54.004
22/07/24 06:18:11,1580.033,17390360.000,63.001,54.001
22/07/24 06:18:12,2439.627,17390188.000,64.990,54.992
22/07/24 06:18:13,1280.054,17384520.000,64.003,54.002
22/07/24 06:18:14,519.973,17384008.000,59.997,51.997
22/07/24 06:18:15,929.982,17384248.000,60.999,51.999
22/07/24 06:18:16,1070.011,17385868.000,62.001,52.001
22/07/24 06:18:17,450.026,17385372.000,58.003,46.003
22/07/24 06:18:18,2380.024,17386496.000,64.001,54.001
22/07/24 06:18:19,779.949,17384472.000,61.996,51.997
22/07/24 06:18:20,1010.093,17383560.000,68.006,57.005
22/07/24 06:18:21,1079.982,17384540.000,62.999,51.999
22/07/24 06:18:22,789.970,17384112.000,62.998,51.998
22/07/24 06:18:23,1040.018,17379780.000,61.001,52.001
22/07/24 06:18:24,1259.871,17375604.000,66.993,55.994
22/07/24 06:18:25,1560.345,17373824.000,64.014,54.012
22/07/24 06:18:26,689.885,17373312.000,60.990,52.991
22/07/24 06:18:27,1940.285,17377908.000,64.009,53.008
22/07/24 06:18:28,2149.783,17379128.000,63.994,53.995
22/07/24 06:18:29,519.987,17380692.000,57.999,51.999
22/07/24 06:18:30,1670.190,17383288.000,57.006,49.006
22/07/24 06:18:31,819.873,17385536.000,64.990,53.992
22/07/24 06:18:32,1130.008,17384104.000,65.000,55.000
22/07/24 06:18:33,850.120,17382864.000,58.008,50.007
22/07/24 06:18:34,759.901,17383032.000,59.992,49.994
22/07/24 06:18:35,710.115,17383524.000,56.009,46.007
22/07/24 06:18:36,1169.799,17377340.000,66.988,57.990
22/07/24 06:18:37,1670.152,17375124.000,64.006,54.005
22/07/24 06:18:38,2750.118,17377852.000,67.003,54.002
22/07/24 06:18:39,1359.792,17383592.000,63.990,54.992
22/07/24 06:18:40,1099.996,17382816.000,69.000,56.000
22/07/24 06:18:41,1240.061,17380612.000,64.003,54.003
22/07/24 06:18:42,2450.132,17385076.000,66.004,56.003
22/07/24 06:18:43,1449.810,17374712.000,65.991,54.993
22/07/24 06:18:44,820.015,17374980.000,65.001,54.001
22/07/24 06:18:45,790.097,17373228.000,61.008,51.006
22/07/24 06:18:46,889.903,17375600.000,66.993,55.994
22/07/24 06:18:47,990.073,17374808.000,68.005,55.004
22/07/24 06:18:48,1100.041,17376640.000,59.002,50.002
22/07/24 06:18:49,2360.198,17384108.000,70.006,60.005
22/07/24 06:18:50,519.872,17398324.000,62.984,50.987
22/07/24 06:18:51,1190.010,17401528.000,67.001,57.000
22/07/24 06:18:52,1130.136,17399740.000,57.007,49.006
22/07/24 06:18:53,540.011,17395424.000,59.001,51.001
22/07/24 06:18:54,1029.894,17392312.000,65.993,55.994
22/07/24 06:18:55,1389.983,17392296.000,63.999,54.999
22/07/24 06:18:56,680.052,17393724.000,65.005,53.004
22/07/24 06:18:57,2420.312,17400276.000,66.009,56.007
22/07/24 06:18:58,799.859,17406240.000,62.989,53.990
22/07/24 06:18:59,2490.234,17400744.000,68.006,57.005
22/07/24 06:19:00,1179.974,17402116.000,62.999,53.999
22/07/24 06:19:01,719.976,17401768.000,65.998,54.998
22/07/24 06:19:02,1320.020,17399664.000,70.001,58.001
22/07/24 06:19:03,690.108,17401216.000,57.009,48.008
22/07/24 06:19:04,1109.719,17398956.000,63.984,53.986
22/07/24 06:19:05,880.159,17396288.000,62.011,52.009
22/07/24 06:19:06,779.996,17399056.000,63.000,52.000
22/07/24 06:19:07,1019.918,17399292.000,65.995,55.996
22/07/24 06:19:08,759.948,17398640.000,56.996,46.997
22/07/24 06:19:09,2210.316,17405444.000,63.009,53.008
22/07/24 06:19:10,630.008,17410496.000,66.001,55.001
22/07/24 06:19:11,1499.883,17408952.000,67.995,55.996
22/07/24 06:19:12,2190.024,17408664.000,69.001,58.001
22/07/24 06:19:13,839.909,17408024.000,58.994,48.995
22/07/24 06:19:14,940.098,17406592.000,60.006,49.005
22/07/24 06:19:15,929.798,17397376.000,62.986,54.988
22/07/24 06:19:16,1360.220,17398780.000,60.010,50.008
22/07/24 06:19:17,450.002,17398552.000,60.000,49.000
22/07/24 06:19:18,879.982,17397452.000,65.999,52.999
22/07/24 06:19:19,2910.940,17401728.000,59.019,51.016
22/07/24 06:19:20,649.793,17403540.000,63.980,54.982
22/07/24 06:19:21,1160.085,17402284.000,61.004,53.004
22/07/24 06:19:22,449.954,17402704.000,60.994,49.995
22/07/24 06:19:23,890.078,17404740.000,60.005,50.004
22/07/24 06:19:24,1360.016,17404252.000,70.001,59.001
22/07/24 06:19:25,529.971,17403496.000,64.996,52.997
22/07/24 06:19:26,1200.076,17405896.000,67.004,54.003
22/07/24 06:19:27,1859.816,17413348.000,66.993,57.994
22/07/24 06:19:28,1200.028,17400736.000,64.001,53.001
22/07/24 06:19:29,719.969,17402316.000,59.997,49.998
22/07/24 06:19:30,1600.046,17404644.000,66.002,55.002
22/07/24 06:19:31,1379.946,17406148.000,64.997,53.998
22/07/24 06:19:32,510.033,17405004.000,57.004,45.003
22/07/24 06:19:33,889.998,17404556.000,64.000,53.000
22/07/24 06:19:34,910.132,17403132.000,57.008,47.007
22/07/24 06:19:35,1049.915,17399476.000,63.995,52.996
22/07/24 06:19:36,1359.946,17394336.000,67.997,56.998
22/07/24 06:19:37,1240.010,17390140.000,62.000,51.000
22/07/24 06:19:38,1240.151,17388968.000,57.007,49.006
22/07/24 06:19:39,779.901,17389868.000,62.992,51.993
22/07/24 06:19:40,2180.364,17393288.000,66.011,56.009
22/07/24 06:19:41,2159.708,17402308.000,67.991,55.992
22/07/24 06:19:42,2139.277,17405232.000,68.977,56.981
22/07/24 06:19:43,1240.449,17405216.000,61.022,50.018
22/07/24 06:19:44,1580.098,17405468.000,62.004,54.003
22/07/24 06:19:45,629.910,17404840.000,64.991,53.992
22/07/24 06:19:46,1550.175,17392332.000,63.007,53.006
22/07/24 06:19:47,1259.923,17388288.000,58.996,49.997
22/07/24 06:19:48,709.960,17390124.000,59.997,49.997
22/07/24 06:19:49,1550.130,17390692.000,62.005,51.004
22/07/24 06:19:50,2599.956,17397516.000,66.999,55.999
22/07/24 06:19:51,719.995,17393532.000,65.000,55.000
22/07/24 06:19:52,850.005,17395164.000,61.000,52.000
22/07/24 06:19:53,839.934,17396140.000,60.995,50.996
22/07/24 06:19:54,560.207,17399004.000,63.023,52.019
22/07/24 06:19:55,889.694,17399940.000,62.978,51.982
22/07/24 06:19:56,2120.218,17391564.000,67.007,57.006
22/07/24 06:19:57,1889.788,17402676.000,64.993,51.994
22/07/24 06:19:58,980.050,17399692.000,62.003,54.003
22/07/24 06:19:59,880.026,17400684.000,65.002,53.002
22/07/24 06:20:00,720.073,17393404.000,64.006,54.005
22/07/24 06:20:01,2150.086,17406116.000,69.003,58.002
22/07/24 06:20:02,1969.673,17398992.000,66.989,54.991
22/07/24 06:20:03,559.972,17399764.000,58.997,48.998
22/07/24 06:20:04,1329.949,17399716.000,61.998,51.998
22/07/24 06:20:05,1030.115,17402840.000,63.007,54.006
22/07/24 06:20:06,1740.172,17404152.000,64.006,53.005
22/07/24 06:20:07,639.869,17405524.000,62.987,51.989
22/07/24 06:20:08,1389.993,17401968.000,65.000,55.000
22/07/24 06:20:09,1200.156,17402132.000,62.008,51.007
22/07/24 06:20:10,1019.847,17406912.000,65.990,54.992
22/07/24 06:20:11,1920.536,17413276.000,70.020,59.016
22/07/24 06:20:12,1949.903,17420792.000,63.997,54.997
22/07/24 06:20:13,1169.912,17422464.000,64.995,54.996
22/07/24 06:20:14,1220.216,17418396.000,61.011,50.009
22/07/24 06:20:15,609.980,17417032.000,63.998,53.998
22/07/24 06:20:16,1079.880,17407400.000,61.993,52.994
22/07/24 06:20:17,620.045,17411320.000,61.004,50.004
22/07/24 06:20:18,840.020,17410392.000,58.001,49.001
22/07/24 06:20:19,669.934,17403264.000,60.994,53.995
22/07/24 06:20:20,1240.046,17404972.000,60.002,51.002
22/07/24 06:20:21,3059.868,17412552.000,63.997,53.998
22/07/24 06:20:22,1310.016,17412320.000,65.001,56.001
22/07/24 06:20:23,1020.049,17410056.000,57.003,46.002
22/07/24 06:20:24,1109.961,17412760.000,67.998,56.998
22/07/24 06:20:25,1240.066,17413052.000,59.003,50.003
22/07/24 06:20:26,1059.889,17406964.000,64.993,55.994
22/07/24 06:20:27,1859.987,17410560.000,62.000,52.000
22/07/24 06:20:28,900.035,17413732.000,64.002,53.002
22/07/24 06:20:29,1139.991,17412068.000,64.999,55.000
22/07/24 06:20:30,790.010,17411284.000,59.001,47.001
22/07/24 06:20:31,1530.208,17407748.000,65.009,54.007
22/07/24 06:20:32,1879.662,17404196.000,64.988,54.990
22/07/24 06:20:33,560.054,17405180.000,58.006,48.005
22/07/24 06:20:34,1219.857,17406556.000,62.993,51.994
22/07/24 06:20:35,540.033,17407976.000,61.004,49.003
22/07/24 06:20:36,920.007,17408724.000,62.000,52.000
22/07/24 06:20:37,879.989,17410160.000,64.999,53.999
22/07/24 06:20:38,659.993,17412124.000,59.999,49.999
22/07/24 06:20:39,1420.226,17408980.000,66.010,54.009
22/07/24 06:20:40,889.865,17409836.000,61.991,51.992
22/07/24 06:20:41,1240.295,17415672.000,67.016,55.013
22/07/24 06:20:42,3149.103,17429096.000,71.979,61.982
22/07/24 06:20:43,860.022,17423216.000,61.002,49.001
22/07/24 06:20:44,1600.067,17419100.000,64.003,53.002
22/07/24 06:20:45,619.981,17419188.000,57.998,46.999
22/07/24 06:20:46,980.050,17420312.000,64.003,53.003
22/07/24 06:20:47,1399.930,17421832.000,59.997,49.998
22/07/24 06:20:48,790.008,17416308.000,67.001,56.001
22/07/24 06:20:49,949.958,17414220.000,57.997,49.998
22/07/24 06:20:50,940.079,17414416.000,63.005,52.004
22/07/24 06:20:51,789.969,17414552.000,65.997,55.998
22/07/24 06:20:52,2569.987,17422460.000,68.000,59.000
22/07/24 06:20:53,669.980,17418740.000,58.998,48.999
22/07/24 06:20:54,1410.179,17417668.000,66.008,56.007
22/07/24 06:20:55,629.955,17420168.000,65.995,55.996
22/07/24 06:20:56,989.977,17411364.000,63.999,53.999
22/07/24 06:20:57,2340.077,17421420.000,69.002,57.002
22/07/24 06:20:58,989.981,17424100.000,62.999,52.999
22/07/24 06:20:59,839.974,17422872.000,56.998,46.999
22/07/24 06:21:00,540.026,17421000.000,55.003,46.002
22/07/24 06:21:01,1260.015,17421504.000,68.001,55.001
22/07/24 06:21:02,3339.893,17421860.000,70.998,60.998
22/07/24 06:21:03,809.983,17420640.000,61.999,50.999
22/07/24 06:21:04,779.992,17420468.000,57.999,50.999
22/07/24 06:21:05,700.120,17421164.000,61.010,51.009
22/07/24 06:21:06,1489.635,17414920.000,67.983,56.986
22/07/24 06:21:07,900.032,17417496.000,59.002,49.002
22/07/24 06:21:08,509.969,17418872.000,62.996,50.997
22/07/24 06:21:09,1330.094,17417368.000,65.005,55.004
22/07/24 06:21:10,1930.083,17417656.000,65.003,55.002
22/07/24 06:21:11,719.823,17423776.000,62.985,52.987
22/07/24 06:21:12,2730.623,17417588.000,71.016,59.013
22/07/24 06:21:13,1819.783,17423364.000,61.993,51.994
22/07/24 06:21:14,1340.146,17422340.000,62.007,50.005
22/07/24 06:21:15,859.964,17426804.000,62.997,52.998
22/07/24 06:21:16,1769.897,17424848.000,61.996,50.997
22/07/24 06:21:17,1090.069,17428020.000,62.004,53.003
22/07/24 06:21:18,550.029,17432148.000,64.003,54.003
22/07/24 06:21:19,819.966,17430436.000,62.997,52.998
22/07/24 06:21:20,1339.999,17431296.000,65.000,53.000
22/07/24 06:21:21,810.011,17428388.000,63.001,50.001
22/07/24 06:21:22,1459.020,17432336.000,61.958,52.964
22/07/24 06:21:23,2061.247,17434928.000,65.039,54.033
22/07/24 06:21:24,1539.954,17439892.000,63.998,54.998
22/07/24 06:21:25,870.115,17436160.000,60.008,51.007
22/07/24 06:21:26,719.918,17426196.000,63.993,52.994
22/07/24 06:21:27,2920.114,17428436.000,70.003,59.002
22/07/24 06:21:28,730.023,17428424.000,63.002,51.002
22/07/24 06:21:29,489.989,17427516.000,58.999,49.999
22/07/24 06:21:30,1100.039,17426128.000,60.002,53.002
22/07/24 06:21:31,1100.006,17427972.000,61.000,51.000
22/07/24 06:21:32,749.945,17427052.000,62.995,51.996
22/07/24 06:21:33,2420.414,17436836.000,67.011,55.009
22/07/24 06:21:34,709.881,17436348.000,61.990,51.991
22/07/24 06:21:35,1020.052,17432864.000,62.003,51.003
22/07/24 06:21:36,1110.026,17436444.000,63.001,55.001
22/07/24 06:21:37,1140.041,17426460.000,68.002,57.002
22/07/24 06:21:38,720.012,17427752.000,59.001,48.001
22/07/24 06:21:39,529.935,17428756.000,63.992,53.993
22/07/24 06:21:40,1570.031,17426820.000,67.001,57.001
22/07/24 06:21:41,1220.079,17432336.000,64.004,54.004
22/07/24 06:21:42,1770.382,17433960.000,67.014,55.012
22/07/24 06:21:43,2539.751,17439256.000,65.994,54.995
22/07/24 06:21:44,549.916,17443520.000,63.990,53.992
22/07/24 06:21:45,1279.907,17442068.000,63.995,53.996
22/07/24 06:21:46,780.069,17436360.000,67.006,58.005
22/07/24 06:21:47,1160.115,17435468.000,61.006,50.005
22/07/24 06:21:48,1089.934,17433332.000,64.996,54.997
22/07/24 06:21:49,630.007,17433292.000,61.001,51.001
22/07/24 06:21:50,589.965,17432576.000,62.996,53.997
22/07/24 06:21:51,1480.062,17435596.000,64.003,56.002
22/07/24 06:21:52,929.899,17437140.000,62.993,53.994
22/07/24 06:21:53,1250.074,17436360.000,63.004,55.003
22/07/24 06:21:54,2190.079,17440884.000,69.002,57.002
22/07/24 06:21:55,899.939,17442708.000,62.996,53.996
22/07/24 06:21:56,1360.155,17442832.000,63.007,54.006
22/07/24 06:21:57,1719.861,17440204.000,63.995,53.996
22/07/24 06:21:58,1610.052,17445600.000,66.002,55.002
22/07/24 06:21:59,499.930,17445052.000,65.991,54.992
22/07/24 06:22:00,1060.048,17427880.000,64.003,54.002
22/07/24 06:22:01,1109.977,17430644.000,65.999,54.999
22/07/24 06:22:02,1890.104,17428176.000,65.004,54.003
