22/07/24 07:16:36,?,20026476.000,?,?
22/07/24 07:16:37,889.764,20025696.000,57.985,49.987
22/07/24 07:16:38,870.070,20023664.000,60.005,51.004
22/07/24 07:16:39,1780.007,20035428.000,60.000,52.000
22/07/24 07:16:40,1230.054,20039292.000,63.003,53.002
22/07/24 07:16:41,839.995,20038992.000,58.000,49.000
22/07/24 07:16:42,1899.867,20029628.000,62.996,52.996
22/07/24 07:16:43,680.044,20034012.000,59.004,49.003
22/07/24 07:16:44,820.011,20038788.000,63.001,54.001
22/07/24 07:16:45,1579.998,20030324.000,65.000,56.000
22/07/24 07:16:46,1329.803,20023496.000,65.990,?
22/07/24 07:16:47,1550.167,20021568.000,63.007,53.006
22/07/24 07:16:48,499.997,20020308.000,57.000,49.000
22/07/24 07:16:49,3851.675,20359912.000,76.033,65.028
22/07/24 07:16:50,17177.821,20941860.000,100.928,86.938
22/07/24 07:16:51,52196.220,21595084.000,105.972,93.975
22/07/24 07:16:52,63844.732,22310404.000,109.059,100.054
22/07/24 07:16:53,60757.777,22820860.000,165.021,155.020
22/07/24 07:16:54,65619.965,23636784.000,173.498,167.515
22/07/24 07:16:55,66069.557,24461656.000,174.052,168.050
22/07/24 07:16:56,67198.489,25229484.000,171.384,166.402
22/07/24 07:16:57,72340.460,25869572.000,174.580,169.564
22/07/24 07:16:58,54230.976,26711520.000,172.003,167.003
22/07/24 07:16:59,28843.889,28319440.000,175.388,165.366
22/07/24 07:17:00,23850.184,29239416.000,172.073,166.071
22/07/24 07:17:01,22760.091,30978784.000,173.001,170.001
22/07/24 07:17:02,24381.532,31042640.000,173.082,166.079
22/07/24 07:17:03,22788.245,34973088.000,172.987,165.987
22/07/24 07:17:04,23413.280,33938684.000,173.950,163.953
22/07/24 07:17:05,23555.324,35230636.000,173.039,166.038
22/07/24 07:17:06,24656.879,38459932.000,176.049,167.047
22/07/24 07:17:07,22942.337,37191628.000,171.943,166.944
22/07/24 07:17:08,24362.777,38262624.000,173.020,166.019
22/07/24 07:17:09,22515.857,40064120.000,176.967,168.969
22/07/24 07:17:10,23424.589,39909192.000,172.960,165.962
22/07/24 07:17:11,23919.904,40241556.000,171.999,166.999
22/07/24 07:17:12,24501.565,43342180.000,176.083,169.080
22/07/24 07:17:13,23375.722,44327992.000,172.968,168.969
22/07/24 07:17:14,22699.523,42907920.000,172.996,170.996
22/07/24 07:17:15,23613.141,44707860.000,176.023,168.022
22/07/24 07:17:16,25094.078,45683064.000,174.959,168.960
22/07/24 07:17:17,22777.494,48797120.000,171.056,166.055
22/07/24 07:17:18,23078.200,48070392.000,174.986,168.987
22/07/24 07:17:19,22281.159,48117624.000,176.009,166.009
22/07/24 07:17:20,22785.648,49509760.000,176.966,167.968
22/07/24 07:17:21,22040.441,50748092.000,170.003,164.003
22/07/24 07:17:22,22062.714,50946260.000,169.021,164.020
22/07/24 07:17:23,21558.165,56272464.000,177.902,162.911
22/07/24 07:17:24,23897.947,52059324.000,176.132,168.126
22/07/24 07:17:25,25100.863,53617424.000,176.936,167.939
22/07/24 07:17:26,23336.185,55275856.000,176.895,166.901
22/07/24 07:17:27,23953.534,55899732.000,174.098,168.095
22/07/24 07:17:28,22596.026,59936588.000,172.817,166.823
22/07/24 07:17:29,23961.413,59965516.000,178.234,169.222
22/07/24 07:17:30,20467.585,57656076.000,168.980,168.980
22/07/24 07:17:31,23209.072,59495608.000,172.993,166.993
22/07/24 07:17:32,22232.130,60839436.000,172.939,171.939
22/07/24 07:17:33,22605.018,60979144.000,175.039,168.037
22/07/24 07:17:34,22401.680,62725912.000,174.013,166.012
22/07/24 07:17:35,22835.869,63302304.000,173.044,168.043
22/07/24 07:17:36,22986.438,65608792.000,174.897,165.902
22/07/24 07:17:37,22836.942,65061256.000,175.053,168.051
22/07/24 07:17:38,21619.632,64824648.000,173.997,164.997
22/07/24 07:17:39,25020.550,66302376.000,173.004,168.004
22/07/24 07:17:40,22585.257,66709104.000,175.963,169.964
22/07/24 07:17:41,22218.089,68696416.000,173.985,166.986
22/07/24 07:17:42,24640.727,68857052.000,173.794,168.799
22/07/24 07:17:43,22377.236,71411688.000,176.293,167.278
22/07/24 07:17:44,21158.540,72009468.000,169.988,161.989
22/07/24 07:17:45,21499.785,72808400.000,174.998,168.998
22/07/24 07:17:46,11709.169,72337132.000,125.991,108.992
22/07/24 07:17:47,11224.870,72458724.000,92.958,81.963
22/07/24 07:17:48,9626.758,73982476.000,94.066,89.063
22/07/24 07:17:49,10298.816,74764520.000,82.990,97.989
22/07/24 07:17:50,11530.300,73704776.000,89.002,100.003
22/07/24 07:17:51,11809.410,74682460.000,87.996,97.995
22/07/24 07:17:52,11760.024,71876932.000,89.000,99.000
22/07/24 07:17:53,10549.557,72576792.000,87.996,96.996
22/07/24 07:17:54,10528.547,72579964.000,87.988,97.986
22/07/24 07:17:55,11511.646,74179952.000,86.012,100.014
22/07/24 07:17:56,12247.722,72400084.000,88.983,79.985
22/07/24 07:17:57,10992.462,73744784.000,85.019,79.018
22/07/24 07:17:58,11126.851,73000124.000,92.974,77.978
22/07/24 07:17:59,11160.714,72718704.000,90.006,76.005
22/07/24 07:18:00,10141.197,73471192.000,86.010,76.009
22/07/24 07:18:01,10489.339,74215324.000,87.994,75.995
22/07/24 07:18:02,9580.958,73936576.000,88.009,72.007
22/07/24 07:18:03,9958.247,73107036.000,89.984,75.987
22/07/24 07:18:04,10248.207,71725364.000,96.983,75.987
22/07/24 07:18:05,10782.124,72661864.000,98.019,76.015
22/07/24 07:18:06,11553.062,73155800.000,91.024,93.025
22/07/24 07:18:07,9739.718,73278252.000,90.997,95.997
22/07/24 07:18:08,10226.932,73542584.000,84.975,96.971
22/07/24 07:18:09,11343.380,72265620.000,86.026,100.030
22/07/24 07:18:10,11487.806,73006712.000,?,94.982
22/07/24 07:18:11,10791.554,73653276.000,96.014,87.013
22/07/24 07:18:12,10838.851,73721968.000,93.990,72.992
22/07/24 07:18:13,10069.144,73917300.000,91.992,75.994
22/07/24 07:18:14,9372.184,75364640.000,85.020,79.018
22/07/24 07:18:15,10870.424,72974288.000,88.003,96.004
22/07/24 07:18:16,10466.368,73482336.000,91.968,80.972
22/07/24 07:18:17,10878.727,72779628.000,85.990,74.991
22/07/24 07:18:18,9493.617,74218416.000,86.033,78.030
22/07/24 07:18:19,5350.021,74717308.000,79.000,86.000
22/07/24 07:18:20,10659.787,72774548.000,85.998,82.998
22/07/24 07:18:21,10929.224,75341368.000,87.994,75.995
22/07/24 07:18:22,9765.127,74053956.000,86.957,77.961
22/07/24 07:18:23,9536.389,72687116.000,86.058,73.049
22/07/24 07:18:24,10625.081,73075860.000,89.958,74.965
22/07/24 07:18:25,8642.904,74977708.000,104.035,74.025
22/07/24 07:18:26,6169.340,72854520.000,80.991,75.992
22/07/24 07:18:27,7228.468,73701004.000,78.983,76.984
22/07/24 07:18:28,6341.376,74083476.000,81.018,73.016
22/07/24 07:18:29,6390.045,73428756.000,79.001,68.000
22/07/24 07:18:30,7328.285,72768944.000,80.981,70.983
22/07/24 07:18:31,6230.704,73411296.000,81.009,70.008
22/07/24 07:18:32,6209.286,73007216.000,80.991,67.992
22/07/24 07:18:33,6889.538,73122724.000,79.995,70.995
22/07/24 07:18:34,5880.859,73795960.000,80.012,69.010
22/07/24 07:18:35,7221.220,72829044.000,79.013,73.012
22/07/24 07:18:36,6268.702,73527860.000,80.983,68.986
22/07/24 07:18:37,5170.626,72840544.000,80.010,75.009
22/07/24 07:18:38,5630.985,73757776.000,80.014,75.013
22/07/24 07:18:39,6407.149,74760024.000,78.965,83.963
22/07/24 07:18:40,7610.989,73059776.000,82.011,76.010
22/07/24 07:18:41,6201.346,73878000.000,81.018,69.015
22/07/24 07:18:42,7720.100,73106448.000,83.001,71.001
22/07/24 07:18:43,6237.829,74484248.000,79.972,69.976
22/07/24 07:18:44,5831.703,73368012.000,79.023,67.020
22/07/24 07:18:45,7799.088,73941232.000,82.990,82.990
22/07/24 07:18:46,6241.073,74417768.000,82.014,72.012
22/07/24 07:18:47,6630.272,72764484.000,81.003,69.003
22/07/24 07:18:48,5600.627,73385880.000,79.009,71.008
22/07/24 07:18:49,5799.078,74042008.000,78.987,69.989
22/07/24 07:18:50,7361.141,73092092.000,79.012,79.012
22/07/24 07:18:51,6648.378,72741180.000,82.980,81.980
22/07/24 07:18:52,7411.727,71506780.000,83.019,79.018
22/07/24 07:18:53,5109.949,73415284.000,81.999,66.999
22/07/24 07:18:54,5759.528,73073328.000,80.993,69.994
22/07/24 07:18:55,7760.986,72877840.000,84.011,71.009
22/07/24 07:18:56,6248.844,73088220.000,82.985,69.987
22/07/24 07:18:57,7599.764,72608452.000,82.997,71.998
22/07/24 07:18:58,5780.821,74189220.000,80.011,68.010
22/07/24 07:18:59,5469.934,73315152.000,79.999,66.999
22/07/24 07:19:00,7049.803,72855360.000,80.998,69.998
22/07/24 07:19:01,5829.079,74591612.000,79.987,71.989
22/07/24 07:19:02,6660.906,73619812.000,81.011,70.010
22/07/24 07:19:03,6250.469,72773128.000,82.006,68.005
22/07/24 07:19:04,6379.617,73662260.000,79.995,68.996
22/07/24 07:19:05,7539.970,74027924.000,82.000,76.000
22/07/24 07:19:06,5848.602,75177856.000,78.981,69.983
22/07/24 07:19:07,6050.889,73139024.000,80.012,71.010
22/07/24 07:19:08,5859.074,73418560.000,76.988,68.989
22/07/24 07:19:09,6662.039,73477744.000,81.025,79.024
22/07/24 07:19:10,6697.830,73982596.000,80.974,70.977
22/07/24 07:19:11,6871.189,74119840.000,83.014,71.012
22/07/24 07:19:12,8220.691,73573328.000,82.007,68.006
22/07/24 07:19:13,6470.621,74180440.000,84.008,71.007
22/07/24 07:19:14,5919.781,73048912.000,81.997,70.997
22/07/24 07:19:15,5838.686,72968856.000,83.981,85.981
22/07/24 07:19:16,9189.384,73545232.000,83.994,83.994
22/07/24 07:19:17,8192.286,75990068.000,83.023,71.020
22/07/24 07:19:18,7429.250,72950368.000,84.991,72.993
22/07/24 07:19:19,6970.042,73387512.000,86.001,72.000
22/07/24 07:19:20,7289.541,74527972.000,85.995,73.995
22/07/24 07:19:21,7231.425,73102880.000,82.016,75.015
22/07/24 07:19:22,6125.235,72635728.000,80.937,67.947
22/07/24 07:19:23,7344.311,73738464.000,82.048,69.041
22/07/24 07:19:24,5621.805,73129876.000,81.026,69.022
22/07/24 07:19:25,5788.674,74385612.000,79.982,68.984
22/07/24 07:19:26,5719.548,72805668.000,76.994,67.995
22/07/24 07:19:27,5871.016,73921300.000,81.014,69.012
22/07/24 07:19:28,6947.666,73016800.000,83.972,71.976
22/07/24 07:19:29,6992.217,73558856.000,85.027,74.023
22/07/24 07:19:30,5809.773,72834516.000,80.997,68.997
22/07/24 07:19:31,5249.407,73739252.000,78.991,68.992
22/07/24 07:19:32,5871.315,73056760.000,81.018,70.016
22/07/24 07:19:33,6819.652,72644460.000,79.996,86.996
22/07/24 07:19:34,5738.261,72512052.000,78.976,72.978
22/07/24 07:19:35,6292.397,73212356.000,80.030,69.026
22/07/24 07:19:36,5770.052,73893408.000,77.001,67.001
22/07/24 07:19:37,6186.097,72577416.000,79.950,69.956
22/07/24 07:19:38,7783.954,74712444.000,84.043,74.038
22/07/24 07:19:39,6710.436,73812276.000,86.006,78.005
22/07/24 07:19:40,7148.813,73728856.000,81.986,82.986
22/07/24 07:19:41,6229.041,72807300.000,84.987,70.989
22/07/24 07:19:42,5620.219,73203980.000,85.003,70.003
22/07/24 07:19:43,5970.961,72759960.000,77.012,71.011
22/07/24 07:19:44,5350.380,73211252.000,77.005,77.005
22/07/24 07:19:45,4878.780,73902796.000,77.981,73.982
22/07/24 07:19:46,5361.930,73342300.000,76.027,68.024
22/07/24 07:19:47,6118.850,73296232.000,79.985,71.986
22/07/24 07:19:48,5618.893,73525980.000,79.984,67.987
22/07/24 07:19:49,2350.240,72965936.000,77.008,67.007
22/07/24 07:19:50,1880.098,71071320.000,76.004,66.003
22/07/24 07:19:51,1080.165,71071312.000,62.009,58.009
22/07/24 07:19:52,939.759,71070784.000,64.983,62.984
22/07/24 07:19:53,2899.426,71068200.000,68.986,60.988
22/07/24 07:19:54,949.806,71072368.000,68.986,58.988
22/07/24 07:19:55,1310.444,71067856.000,69.023,59.020
22/07/24 07:19:56,1130.090,71067836.000,62.005,55.004
22/07/24 07:19:57,3360.262,71059096.000,71.006,63.005
22/07/24 07:19:58,1060.004,71057716.000,67.000,66.000
22/07/24 07:19:59,1219.707,71055212.000,65.984,59.986
22/07/24 07:20:00,1229.876,71055052.000,68.993,58.994
22/07/24 07:20:01,1640.121,71061116.000,67.005,57.004
22/07/24 07:20:02,2560.059,71060104.000,73.002,60.001
22/07/24 07:20:03,1970.489,71059464.000,72.018,61.015
22/07/24 07:20:04,3239.994,71065612.000,78.000,69.000
22/07/24 07:20:05,2289.611,71068308.000,69.988,60.990
22/07/24 07:20:06,1320.044,71072160.000,70.002,59.002
22/07/24 07:20:07,1870.054,71066652.000,71.002,61.002
22/07/24 07:20:08,990.049,71065128.000,71.003,62.003
22/07/24 07:20:09,1220.338,71067080.000,71.020,64.018
22/07/24 07:20:10,1179.577,71094892.000,72.974,70.975
                                                                                                                                                                                                                                                                                                                                                                                                                                                                                                                                                                                                                                                                                                                                                                                                                                                                                                                                                                                                                                                                                                                                                                                                                                                                                                                                                                                                                                                                                                                                                                                                                                                                                                                                                                                                                                                                                                                                                                                                                                                                                                                                                                                                                                                                                                                                                                                                                                                                                                                                                                                                                                                                                                                                                                                                                                                                                                                                                                                                                                                                                                                                                                                                                                                                                                                                                                                                                                                                                                                                                                                                                                                                                                                                                                                                                                                                                                                                                                                                                                                                                                                                                                                                                                                                                                                                                                                                                                                                                                                                                                                                                                                                                                                                                                                                                                                                                                                                                                                                                                                                                                                                                                                                                                                                                                                                                                                                                                                                                                                                                                                                                                                                                                                                                                                                                                                                                                                                                                                                                                                                                                                                                                                                                                                                                                                                                                                                                                                                                                                                                                                                                                                                                                                                                                                                                                                                                                                                                                                                                                                                                                                                                                                                                                                                                                                                                                                                                                                                                                                                                                                                                                                                                                                                                                                                                                                                                                                                                                                                                                                                                                                                                                                                                                                                                                                                                                                                                                                                                                                                                                                                                                                                                                                                                                                                                                                                                                                                                                                                                                                                                                                                                                                                                                                                                                                                                                                                                                                                                                                                                                                                                                                                                                                                                                                                                                                                                                                                                                                                                                                                                                                                                                                                                                                                                                                                                                                                                                                                                                                                                                                                                                                                                                                                                                                        22/07/24 07:16:36,1859.861,20026472.000,63.995,55.996
22/07/24 07:16:37,579.879,20025344.000,55.988,46.990
22/07/24 07:16:38,1070.196,20024168.000,63.012,55.010
22/07/24 07:16:39,2089.929,20037444.000,56.998,48.998
22/07/24 07:16:40,719.921,20039040.000,62.993,53.994
22/07/24 07:16:41,840.086,20037732.000,57.006,47.005
22/07/24 07:16:42,1919.877,20029852.000,63.996,52.997
22/07/24 07:16:43,900.016,20034012.000,61.001,51.001
22/07/24 07:16:44,939.975,20037900.000,62.998,53.999
22/07/24 07:16:45,1350.050,20031552.000,65.002,56.002
22/07/24 07:16:46,1199.772,20023476.000,63.988,?
22/07/24 07:16:47,1549.685,20021568.000,65.987,55.989
22/07/24 07:16:48,1050.393,20021000.000,57.021,49.018
22/07/24 07:16:49,4169.633,20430652.000,78.993,66.994
22/07/24 07:16:50,25584.656,21083280.000,105.019,91.017
22/07/24 07:16:51,54909.128,21742072.000,105.979,94.981
22/07/24 07:16:52,62740.971,22410324.000,116.593,105.631
22/07/24 07:16:53,62010.414,22969348.000,170.662,163.634
22/07/24 07:16:54,65177.363,23785916.000,174.271,167.300
22/07/24 07:16:55,65602.610,24602740.000,169.044,165.224
22/07/24 07:16:56,69612.289,25360916.000,177.363,171.066
22/07/24 07:16:57,70931.883,25978884.000,172.445,167.461
22/07/24 07:16:58,46809.398,26975632.000,173.219,166.169
22/07/24 07:16:59,29822.386,28839264.000,175.014,166.013
22/07/24 07:17:00,22304.840,29594496.000,172.037,168.036
22/07/24 07:17:01,23659.125,32002444.000,172.994,167.994
22/07/24 07:17:02,23821.858,32022848.000,172.013,166.013
22/07/24 07:17:03,22668.527,32604748.000,174.989,165.989
22/07/24 07:17:04,23111.017,34040088.000,172.008,165.007
22/07/24 07:17:05,24263.009,35304568.000,175.022,166.021
22/07/24 07:17:06,24599.311,39569028.000,174.995,166.995
22/07/24 07:17:07,23176.338,38338592.000,169.973,165.974
22/07/24 07:17:08,22974.986,39345312.000,175.038,167.036
22/07/24 07:17:09,24454.620,40426428.000,177.961,169.963
22/07/24 07:17:10,22588.067,40886540.000,171.833,164.840
22/07/24 07:17:11,24770.460,40999776.000,172.142,167.138
22/07/24 07:17:12,22196.437,43687612.000,177.051,169.049
22/07/24 07:17:13,23272.087,43336416.000,171.942,168.943
22/07/24 07:17:14,24309.635,43686356.000,174.997,171.997
22/07/24 07:17:15,23598.566,45360604.000,175.064,167.061
22/07/24 07:17:16,24849.950,46447100.000,172.000,166.000
22/07/24 07:17:17,22122.367,49396368.000,174.019,169.018
22/07/24 07:17:18,24386.708,48522096.000,174.976,168.977
22/07/24 07:17:19,21522.682,48004620.000,175.940,167.943
22/07/24 07:17:20,23765.870,50984232.000,177.044,164.041
22/07/24 07:17:21,21349.146,50727928.000,168.993,162.993
22/07/24 07:17:22,21101.941,51348232.000,170.016,167.015
22/07/24 07:17:23,21707.547,54729216.000,177.980,162.982
22/07/24 07:17:24,25369.543,52471708.000,175.997,167.997
22/07/24 07:17:25,24297.497,54933576.000,176.982,167.983
22/07/24 07:17:26,23313.987,54773144.000,175.030,167.029
22/07/24 07:17:27,23312.121,55265344.000,175.016,167.015
22/07/24 07:17:28,24311.928,57242764.000,173.942,168.944
22/07/24 07:17:29,21753.872,58813996.000,178.032,169.030
22/07/24 07:17:30,21718.415,58900308.000,166.988,165.988
22/07/24 07:17:31,22209.889,58644916.000,174.999,169.999
22/07/24 07:17:32,23297.367,60711216.000,169.981,171.981
22/07/24 07:17:33,21791.765,61592580.000,177.014,167.014
22/07/24 07:17:34,23781.094,62794048.000,173.008,167.008
22/07/24 07:17:35,21249.193,63305104.000,174.993,165.994
22/07/24 07:17:36,22566.635,63759648.000,175.051,168.049
22/07/24 07:17:37,23294.596,63953364.000,174.959,165.961
22/07/24 07:17:38,23628.086,65597156.000,173.986,166.986
22/07/24 07:17:39,22948.669,67125908.000,172.990,167.990
22/07/24 07:17:40,23950.000,67611860.000,176.000,167.000
22/07/24 07:17:41,22713.634,69579624.000,173.028,167.027
22/07/24 07:17:42,24095.060,70176808.000,175.037,171.036
22/07/24 07:17:43,22774.215,72439932.000,175.955,164.958
22/07/24 07:17:44,21026.741,72998244.000,169.974,163.975
22/07/24 07:17:45,20419.618,73697936.000,171.081,165.078
22/07/24 07:17:46,9958.168,72949864.000,114.979,97.982
22/07/24 07:17:47,9948.995,73699040.000,91.991,78.992
22/07/24 07:17:48,11041.800,73175452.000,91.015,95.015
22/07/24 07:17:49,10811.168,75704448.000,86.009,98.011
22/07/24 07:17:50,11029.537,74564480.000,88.996,98.996
22/07/24 07:17:51,12120.206,74356872.000,87.001,99.002
22/07/24 07:17:52,10260.431,72050976.000,89.004,97.004
22/07/24 07:17:53,11729.191,72940596.000,88.994,98.993
22/07/24 07:17:54,10740.387,73636864.000,87.003,98.004
22/07/24 07:17:55,10225.859,73814852.000,85.965,95.961
22/07/24 07:17:56,12434.850,71897592.000,88.034,79.031
22/07/24 07:17:57,12389.963,74589072.000,86.000,80.000
22/07/24 07:17:58,10270.144,72662688.000,94.001,77.001
22/07/24 07:17:59,10159.523,73357464.000,88.996,74.996
22/07/24 07:18:00,10404.590,72415280.000,84.956,75.961
22/07/24 07:18:01,11592.604,74552152.000,89.943,76.951
22/07/24 07:18:02,9987.711,73877340.000,87.067,73.056
22/07/24 07:18:03,9441.879,74300060.000,90.018,76.015
22/07/24 07:18:04,10098.980,72912896.000,98.990,73.993
22/07/24 07:18:05,10009.399,73515084.000,94.994,76.995
22/07/24 07:18:06,11539.227,74376184.000,93.994,95.994
22/07/24 07:18:07,11347.980,72246568.000,88.984,96.983
22/07/24 07:18:08,10123.290,74132848.000,84.027,97.032
22/07/24 07:18:09,10700.653,72499376.000,87.005,99.006
22/07/24 07:18:10,10189.878,72472224.000,?,92.999
22/07/24 07:18:11,11180.615,74984876.000,99.005,85.005
22/07/24 07:18:12,10169.766,74017220.000,90.998,72.998
22/07/24 07:18:13,11403.945,73853472.000,91.951,76.959
22/07/24 07:18:14,10223.578,74047104.000,85.030,84.029
22/07/24 07:18:15,9240.046,74175408.000,89.000,92.000
22/07/24 07:18:16,10252.584,74462112.000,90.023,78.020
22/07/24 07:18:17,10531.411,72621860.000,86.012,75.010
22/07/24 07:18:18,10360.829,72605004.000,86.007,83.007
22/07/24 07:18:19,5807.665,71305540.000,78.968,85.965
22/07/24 07:18:20,9381.276,73169040.000,86.012,79.011
22/07/24 07:18:21,11418.755,74333672.000,88.990,76.992
22/07/24 07:18:22,10891.852,73099112.000,86.015,77.013
22/07/24 07:18:23,10709.325,72162616.000,86.995,73.995
22/07/24 07:18:24,9261.306,73950304.000,92.013,75.011
22/07/24 07:18:25,7230.448,73706008.000,103.006,71.004
22/07/24 07:18:26,6130.092,73424468.000,78.001,81.001
22/07/24 07:18:27,7239.747,74110104.000,78.997,73.997
22/07/24 07:18:28,6428.759,73017632.000,80.984,71.986
22/07/24 07:18:29,6358.696,74264352.000,78.984,67.986
22/07/24 07:18:30,7680.484,73872700.000,81.005,70.004
22/07/24 07:18:31,7220.477,72689876.000,83.005,72.005
22/07/24 07:18:32,5669.898,73886888.000,78.999,67.999
22/07/24 07:18:33,5930.617,73721184.000,80.008,70.007
22/07/24 07:18:34,6009.952,73052976.000,80.999,70.999
22/07/24 07:18:35,6949.958,73475092.000,78.000,70.000
22/07/24 07:18:36,6599.993,74046044.000,82.000,71.000
22/07/24 07:18:37,5729.994,73064232.000,79.000,75.000
22/07/24 07:18:38,5400.562,72420168.000,80.008,77.008
22/07/24 07:18:39,5718.410,73875352.000,78.978,81.977
22/07/24 07:18:40,8180.041,74209456.000,83.000,75.000
22/07/24 07:18:41,6621.053,73777424.000,80.013,69.011
22/07/24 07:18:42,7570.628,72861632.000,84.007,71.006
22/07/24 07:18:43,5568.452,74496156.000,77.978,69.981
22/07/24 07:18:44,5820.867,72158112.000,81.012,68.010
22/07/24 07:18:45,8131.521,74238992.000,83.016,83.016
22/07/24 07:18:46,6189.505,73305668.000,81.993,70.994
22/07/24 07:18:47,7060.431,73534980.000,81.005,70.004
22/07/24 07:18:48,5758.802,74050168.000,77.984,69.985
22/07/24 07:18:49,5890.230,73146064.000,79.003,70.003
22/07/24 07:18:50,7280.510,73053596.000,80.006,83.006
22/07/24 07:18:51,6116.073,73724852.000,81.947,80.948
22/07/24 07:18:52,7255.282,72061068.000,85.062,76.055
22/07/24 07:18:53,5859.537,72716720.000,80.994,67.995
22/07/24 07:18:54,5840.333,73516256.000,82.005,68.004
22/07/24 07:18:55,7209.596,73401568.000,82.995,71.996
22/07/24 07:18:56,6110.037,72863004.000,82.000,71.000
22/07/24 07:18:57,7169.391,73381372.000,82.993,70.994
22/07/24 07:18:58,6309.476,72558804.000,79.993,67.994
22/07/24 07:18:59,6060.703,72800832.000,80.009,67.008
22/07/24 07:19:00,6838.913,73303896.000,80.987,70.989
22/07/24 07:19:01,5819.598,74181032.000,79.994,71.995
22/07/24 07:19:02,6612.122,73765148.000,82.026,69.022
22/07/24 07:19:03,5779.994,73145036.000,81.000,68.000
22/07/24 07:19:04,6090.847,73499328.000,81.011,69.010
22/07/24 07:19:05,7869.142,72641600.000,81.991,76.992
22/07/24 07:19:06,6298.243,72456348.000,78.978,69.980
22/07/24 07:19:07,6230.293,74033808.000,79.004,70.003
22/07/24 07:19:08,5781.549,73822456.000,78.021,70.019
22/07/24 07:19:09,6339.525,74075212.000,79.994,79.994
22/07/24 07:19:10,7170.574,74000156.000,81.006,70.006
22/07/24 07:19:11,6057.965,74809524.000,82.972,68.977
22/07/24 07:19:12,8292.214,72095460.000,83.022,70.019
22/07/24 07:19:13,6119.804,72621316.000,83.997,69.998
22/07/24 07:19:14,5990.353,73127908.000,82.005,74.004
22/07/24 07:19:15,7031.195,72619336.000,84.014,88.015
22/07/24 07:19:16,9368.314,72912492.000,84.985,79.986
22/07/24 07:19:17,8049.678,74948328.000,83.997,71.997
22/07/24 07:19:18,7239.341,73305660.000,82.992,71.993
22/07/24 07:19:19,6760.304,73069456.000,87.004,72.003
22/07/24 07:19:20,6300.315,74216880.000,84.004,73.004
22/07/24 07:19:21,7700.031,72839496.000,83.000,75.000
22/07/24 07:19:22,6970.181,73425068.000,81.002,68.002
22/07/24 07:19:23,6179.586,72352264.000,80.995,68.995
22/07/24 07:19:24,5900.112,73475048.000,81.002,69.001
22/07/24 07:19:25,6089.781,73656940.000,79.997,69.997
22/07/24 07:19:26,6220.317,72411524.000,77.004,67.003
22/07/24 07:19:27,5789.821,72024104.000,81.997,69.998
22/07/24 07:19:28,6320.702,73568104.000,84.009,72.008
22/07/24 07:19:29,6869.162,73452424.000,85.990,73.991
22/07/24 07:19:30,5960.226,73627484.000,80.003,69.003
22/07/24 07:19:31,5850.410,73817344.000,78.005,69.005
22/07/24 07:19:32,5659.774,73983184.000,80.997,71.997
22/07/24 07:19:33,6770.427,72935656.000,80.005,87.005
22/07/24 07:19:34,5840.432,73157060.000,80.006,71.005
22/07/24 07:19:35,6260.106,73230696.000,80.001,69.001
22/07/24 07:19:36,5889.900,73194504.000,76.999,66.999
22/07/24 07:19:37,6679.987,72611400.000,80.000,69.000
22/07/24 07:19:38,6790.054,74781428.000,85.001,75.001
22/07/24 07:19:39,7279.942,72989580.000,84.999,79.999
22/07/24 07:19:40,6020.175,73216232.000,81.002,81.002
22/07/24 07:19:41,6218.601,74020804.000,86.980,69.984
22/07/24 07:19:42,5729.490,72444072.000,82.993,70.994
22/07/24 07:19:43,6161.368,72470940.000,77.017,71.016
22/07/24 07:19:44,4829.850,72598584.000,76.998,77.998
22/07/24 07:19:45,5599.586,73626872.000,77.994,71.995
22/07/24 07:19:46,5991.192,73676460.000,77.015,69.014
22/07/24 07:19:47,5769.960,72921372.000,78.999,71.999
22/07/24 07:19:48,5629.916,73052380.000,79.999,67.999
22/07/24 07:19:49,1270.023,72370052.000,76.001,65.001
22/07/24 07:19:50,1759.833,71071536.000,74.993,65.994
22/07/24 07:19:51,1310.134,71069040.000,63.006,59.006
22/07/24 07:19:52,939.977,71070216.000,63.998,62.998
22/07/24 07:19:53,2599.815,71069816.000,69.995,58.996
22/07/24 07:19:54,1049.952,71072856.000,67.997,58.997
22/07/24 07:19:55,1459.886,71067856.000,68.995,58.995
22/07/24 07:19:56,1180.001,71067584.000,62.000,55.000
22/07/24 07:19:57,3160.063,71060760.000,70.001,64.001
22/07/24 07:19:58,1139.900,71056928.000,67.994,66.994
22/07/24 07:19:59,1019.854,71057212.000,64.991,56.992
22/07/24 07:20:00,1300.385,71055548.000,69.020,59.017
22/07/24 07:20:01,1789.635,71060836.000,68.986,58.988
22/07/24 07:20:02,2550.474,71059852.000,72.013,59.011
22/07/24 07:20:03,2340.269,71058796.000,74.009,63.007
22/07/24 07:20:04,3659.484,71068580.000,78.989,69.990
22/07/24 07:20:05,1499.555,71069272.000,67.980,58.982
22/07/24 07:20:06,1390.133,71066784.000,69.007,58.006
22/07/24 07:20:07,1990.163,71065916.000,72.006,63.005
22/07/24 07:20:08,679.923,71064760.000,69.992,60.993
22/07/24 07:20:09,1300.601,71078660.000,72.033,66.031
22/07/24 07:20:10,1149.533,71093684.000,72.970,69.972
