22/07/24 08:20:17,?,26036064.000,?,?
22/07/24 08:20:18,17179.967,27111256.000,173.898,157.908
22/07/24 08:20:19,17457.874,28004660.000,175.079,162.073
22/07/24 08:20:20,22018.481,29372916.000,174.988,166.988
22/07/24 08:20:21,24010.421,31737492.000,176.076,170.074
22/07/24 08:20:22,49717.428,31164176.000,175.528,167.125
22/07/24 08:20:23,74684.161,32100976.000,174.781,164.059
22/07/24 08:20:24,73391.777,33288832.000,174.170,165.162
22/07/24 08:20:25,71737.603,35196116.000,171.898,164.903
22/07/24 08:20:26,70333.984,37319176.000,172.059,164.056
22/07/24 08:20:27,70839.964,39478268.000,172.927,163.930
22/07/24 08:20:28,70212.322,41676076.000,171.519,165.500
22/07/24 08:20:29,69952.029,43928100.000,172.005,166.005
22/07/24 08:20:30,70310.006,46163332.000,171.561,164.579
22/07/24 08:20:31,69988.598,48618360.000,172.577,164.597
22/07/24 08:20:32,70683.282,51147332.000,172.447,165.429
22/07/24 08:20:33,69647.014,53618660.000,170.409,164.394
22/07/24 08:20:34,70216.285,56166816.000,171.576,165.590
22/07/24 08:20:35,70752.044,58865868.000,172.008,166.043
22/07/24 08:20:36,70787.899,61422388.000,171.967,164.927
22/07/24 08:20:37,71572.230,63968228.000,171.933,164.936
22/07/24 08:20:38,71443.688,66642952.000,171.513,164.492
22/07/24 08:20:39,72449.962,69981612.000,170.576,166.586
22/07/24 08:20:40,71825.834,73569412.000,170.990,165.990
22/07/24 08:20:41,71354.112,78323656.000,171.577,164.594
22/07/24 08:20:42,71511.221,84382784.000,171.458,166.445
22/07/24 08:20:43,72057.982,91619588.000,172.995,165.995
22/07/24 08:20:44,70838.655,99435884.000,171.432,165.417
22/07/24 08:20:45,71384.075,107853428.000,172.986,165.986
22/07/24 08:20:46,70846.178,116704724.000,172.820,164.828
22/07/24 08:20:47,71621.923,125704700.000,171.741,165.750
22/07/24 08:20:48,71661.257,135017320.000,171.979,164.980
22/07/24 08:20:49,72070.450,145034256.000,172.025,166.024
22/07/24 08:20:50,72047.597,149206064.000,172.425,167.413
22/07/24 08:20:51,72443.112,149200868.000,171.031,165.030
22/07/24 08:20:52,72731.054,149205996.000,172.979,165.980
22/07/24 08:20:53,71796.181,149201800.000,172.582,164.601
22/07/24 08:20:54,72263.541,149213716.000,173.008,168.008
22/07/24 08:20:55,72756.288,149223720.000,173.420,167.406
22/07/24 08:20:56,72912.417,148938104.000,171.982,164.983
22/07/24 08:20:57,74228.536,149237984.000,172.020,167.019
22/07/24 08:20:58,73349.926,149241568.000,173.574,166.591
22/07/24 08:20:59,73667.462,149229564.000,173.229,167.221
22/07/24 08:21:00,72250.444,149255204.000,173.169,168.164
22/07/24 08:21:01,72004.536,149251968.000,173.011,167.011
22/07/24 08:21:02,72796.870,149250416.000,170.993,164.993
22/07/24 08:21:03,74121.260,149246600.000,173.003,168.003
22/07/24 08:21:04,73433.438,149251840.000,173.032,166.030
22/07/24 08:21:05,76705.963,148678184.000,172.968,169.969
22/07/24 08:21:06,75313.238,149269104.000,171.007,165.007
22/07/24 08:21:07,74179.718,149281700.000,171.022,166.022
22/07/24 08:21:08,72109.567,149302444.000,172.999,166.999
22/07/24 08:21:09,70757.830,149319248.000,172.970,166.971
22/07/24 08:21:10,72749.705,149363672.000,173.284,166.353
22/07/24 08:21:11,69316.721,149400980.000,171.701,166.651
22/07/24 08:21:12,69698.745,149414820.000,172.997,166.997
22/07/24 08:21:13,67630.284,149437304.000,174.039,167.693
22/07/24 08:21:14,65568.119,149454520.000,173.925,166.999
22/07/24 08:21:15,61840.359,149468452.000,174.152,165.937
22/07/24 08:21:16,67654.427,149481648.000,173.966,167.897
22/07/24 08:21:17,57530.550,149449820.000,173.760,166.770
22/07/24 08:21:18,49637.257,149452672.000,172.695,161.797
22/07/24 08:21:19,16933.500,149409356.000,161.820,?
22/07/24 08:21:20,6480.921,149417156.000,155.177,143.006
22/07/24 08:21:21,7899.333,132844844.000,158.175,145.935
22/07/24 08:21:22,8596.098,128044000.000,152.256,140.625
22/07/24 08:21:23,14075.978,85060380.000,162.221,148.115
22/07/24 08:21:24,24634.828,53675908.000,168.033,153.030
22/07/24 08:21:25,76834.128,55770588.000,177.607,173.829
22/07/24 08:21:26,75047.459,56855608.000,172.001,168.836
22/07/24 08:21:27,75139.715,57625824.000,172.903,169.973
22/07/24 08:21:28,75656.240,58046040.000,175.494,170.392
22/07/24 08:21:29,75134.728,58613160.000,178.796,167.684
22/07/24 08:21:30,75131.408,59688000.000,175.307,166.638
22/07/24 08:21:31,76528.267,61340260.000,177.904,170.985
22/07/24 08:21:32,73567.470,63362408.000,173.583,167.271
22/07/24 08:21:33,74063.517,65729260.000,172.174,168.348
22/07/24 08:21:34,73666.852,67925488.000,175.073,169.831
22/07/24 08:21:35,72986.425,70242424.000,172.968,165.969
22/07/24 08:21:36,72974.741,72531196.000,173.035,168.034
22/07/24 08:21:37,72919.135,74847284.000,172.974,167.975
22/07/24 08:21:38,72728.582,77229472.000,174.021,169.020
22/07/24 08:21:39,72649.564,79636656.000,171.999,167.999
22/07/24 08:21:40,73407.814,82036744.000,172.971,168.972
22/07/24 08:21:41,73611.575,84360952.000,173.273,167.366
22/07/24 08:21:42,72856.691,86710852.000,172.718,167.638
22/07/24 08:21:43,72944.164,88970216.000,172.986,167.987
22/07/24 08:21:44,72624.234,91288296.000,173.034,169.033
22/07/24 08:21:45,72770.976,93545632.000,172.979,169.979
22/07/24 08:21:46,72928.186,95955880.000,173.972,168.973
22/07/24 08:21:47,72955.972,98340316.000,172.061,167.059
22/07/24 08:21:48,72455.509,100708532.000,171.966,167.966
22/07/24 08:21:49,72199.711,103141056.000,172.999,168.999
22/07/24 08:21:50,72279.928,105517516.000,172.000,168.000
22/07/24 08:21:51,73030.876,107776736.000,175.002,170.002
22/07/24 08:21:52,74039.559,110337324.000,174.617,169.948
22/07/24 08:21:53,72166.768,112415652.000,172.210,167.905
22/07/24 08:21:54,72610.799,114629716.000,173.002,167.002
22/07/24 08:21:55,72887.230,116780508.000,172.993,169.994
22/07/24 08:21:56,72596.424,119066508.000,172.968,169.968
22/07/24 08:21:57,72655.258,121293100.000,172.036,169.035
22/07/24 08:21:58,72923.491,123604548.000,174.032,171.032
22/07/24 08:21:59,72240.175,125956548.000,171.977,167.977
22/07/24 08:22:00,72327.541,128390480.000,172.994,168.994
22/07/24 08:22:01,72214.443,130676544.000,172.034,168.034
22/07/24 08:22:02,72306.623,133058708.000,172.968,170.968
22/07/24 08:22:03,72539.119,135438476.000,173.974,170.974
22/07/24 08:22:04,72264.986,137940964.000,172.012,169.012
22/07/24 08:22:05,72280.000,140536276.000,174.000,169.000
22/07/24 08:22:06,72619.927,143169972.000,174.000,170.000
22/07/24 08:22:07,72566.836,145842860.000,172.040,169.039
22/07/24 08:22:08,72217.218,148880984.000,172.969,167.970
22/07/24 08:22:09,77842.705,149600372.000,174.346,171.472
22/07/24 08:22:10,79410.328,149615292.000,175.747,169.470
22/07/24 08:22:11,78297.238,149610764.000,173.972,169.972
22/07/24 08:22:12,77833.306,149359040.000,172.985,169.985
22/07/24 08:22:13,78008.269,149636024.000,176.019,170.018
22/07/24 08:22:14,77652.390,149653184.000,172.983,168.983
22/07/24 08:22:15,75833.337,149635564.000,172.008,169.007
22/07/24 08:22:16,77979.142,149672120.000,173.998,168.998
22/07/24 08:22:17,78327.650,149675044.000,172.995,168.995
22/07/24 08:22:18,77739.294,149689716.000,171.210,165.990
22/07/24 08:22:19,84641.851,149705844.000,182.065,178.350
22/07/24 08:22:20,75682.883,149707648.000,178.409,169.019
22/07/24 08:22:21,77817.423,149708092.000,163.154,163.154
22/07/24 08:22:22,83085.679,149712428.000,181.307,177.365
22/07/24 08:22:23,80055.357,149716664.000,176.778,171.728
22/07/24 08:22:24,81192.707,149717720.000,181.324,171.250
22/07/24 08:22:25,72233.239,149718124.000,168.769,168.769
22/07/24 08:22:26,78307.934,148907716.000,174.758,170.718
22/07/24 08:22:27,77798.408,149728064.000,174.974,168.975
22/07/24 08:22:28,78849.290,149740672.000,174.998,170.998
22/07/24 08:22:29,79370.238,149374280.000,174.001,170.001
22/07/24 08:22:30,80043.288,149738212.000,172.890,171.021
22/07/24 08:22:31,77561.475,149736564.000,174.199,168.822
22/07/24 08:22:32,77593.812,148991220.000,173.031,168.030
22/07/24 08:22:33,79027.988,149728652.000,173.974,169.974
22/07/24 08:22:34,77955.245,149726712.000,172.989,167.990
22/07/24 08:22:35,77783.811,149731236.000,174.009,171.008
22/07/24 08:22:36,78972.241,149735324.000,174.027,169.026
22/07/24 08:22:37,77945.658,149737248.000,173.968,168.969
22/07/24 08:22:38,78022.107,149736680.000,173.005,167.005
22/07/24 08:22:39,80386.879,149746280.000,172.607,167.618
22/07/24 08:22:40,77897.941,149743696.000,174.302,168.326
22/07/24 08:22:41,78087.579,148999116.000,175.093,169.056
22/07/24 08:22:42,78196.450,149740544.000,?,?
22/07/24 08:22:43,88342.035,149740544.000,?,?
22/07/24 08:22:44,59129.982,149740756.000,?,?
22/07/24 08:22:45,88972.583,149740756.000,?,?
22/07/24 08:22:46,62009.979,149740756.000,?,?
22/07/24 08:22:47,76313.906,148977568.000,?,?
22/07/24 08:22:48,77465.578,149747760.000,?,?
22/07/24 08:22:49,77680.699,149744920.000,?,?
22/07/24 08:22:50,78109.766,149745080.000,?,?
22/07/24 08:22:51,79390.794,149753604.000,?,?
22/07/24 08:22:52,79472.066,149776528.000,?,?
22/07/24 08:22:53,78075.471,149817144.000,?,?
22/07/24 08:22:54,77012.964,149784604.000,?,?
22/07/24 08:22:55,78441.334,149782996.000,?,?
22/07/24 08:22:56,78899.527,149797556.000,?,?
22/07/24 08:22:57,77920.312,149800860.000,?,?
22/07/24 08:22:58,78918.658,149816144.000,?,?
22/07/24 08:22:59,78162.575,149826956.000,?,?
22/07/24 08:23:00,78416.822,149442832.000,?,?
22/07/24 08:23:01,79752.472,149819660.000,?,?
22/07/24 08:23:02,79045.732,149823768.000,?,?
22/07/24 08:23:03,78201.173,149816540.000,?,?
22/07/24 08:23:04,78482.354,149810852.000,?,?
22/07/24 08:23:05,78449.765,149804684.000,?,?
22/07/24 08:23:06,78380.235,149794044.000,?,?
22/07/24 08:23:07,79920.639,149801740.000,?,?
22/07/24 08:23:08,77929.532,149804156.000,?,?
22/07/24 08:23:09,77889.844,149790956.000,?,?
22/07/24 08:23:10,77949.688,149816576.000,?,?
22/07/24 08:23:11,78140.547,149810240.000,?,?
22/07/24 08:23:12,80720.484,149813072.000,?,?
22/07/24 08:23:13,80188.075,149837920.000,?,?
22/07/24 08:23:14,77888.598,149836132.000,?,?
22/07/24 08:23:15,79171.267,149834152.000,?,?
22/07/24 08:23:16,79936.163,149839848.000,?,?
22/07/24 08:23:17,78161.422,149838844.000,?,?
22/07/24 08:23:18,78799.764,149833380.000,?,?
22/07/24 08:23:19,79579.761,149839988.000,?,?
22/07/24 08:23:20,78089.610,149839152.000,?,?
22/07/24 08:23:21,78119.453,149838244.000,?,?
22/07/24 08:23:22,77778.133,149841876.000,?,?
22/07/24 08:23:23,78725.677,149835744.000,?,?
22/07/24 08:23:24,77390.800,149841924.000,175.448,170.066
22/07/24 08:23:25,78597.781,149848744.000,177.018,171.017
22/07/24 08:23:26,78546.701,149851436.000,175.993,169.993
22/07/24 08:23:27,77854.362,149861288.000,174.998,169.032
22/07/24 08:23:28,77661.662,149871628.000,177.007,171.978
22/07/24 08:23:29,80262.152,149874360.000,173.048,167.046
22/07/24 08:23:30,78694.104,149892148.000,176.964,171.965
22/07/24 08:23:31,77873.926,149911232.000,173.986,170.987
22/07/24 08:23:32,78977.533,149933500.000,175.039,170.038
22/07/24 08:23:33,78199.512,149949572.000,174.954,169.955
22/07/24 08:23:34,78431.569,149978000.000,177.049,171.047
22/07/24 08:23:35,79193.089,150006392.000,177.007,172.007
22/07/24 08:23:36,76505.999,150026800.000,175.968,170.969
22/07/24 08:23:37,77849.257,150034580.000,175.976,170.976
22/07/24 08:23:38,77945.768,150060036.000,175.013,171.013
22/07/24 08:23:39,76960.616,149991952.000,176.001,171.001
22/07/24 08:23:40,78679.921,150085512.000,177.000,171.000
22/07/24 08:23:41,76375.581,150100944.000,176.036,170.035
22/07/24 08:23:42,77883.706,150107912.000,176.603,172.634
22/07/24 08:23:43,76901.580,150130296.000,176.924,172.903
22/07/24 08:23:44,73069.584,150122424.000,177.981,172.146
22/07/24 08:23:45,73539.229,150143924.000,178.025,174.316
22/07/24 08:23:46,70004.324,150163244.000,177.774,171.367
22/07/24 08:23:47,68624.686,150152316.000,178.038,173.037
22/07/24 08:23:48,43020.190,150052204.000,180.336,165.308
22/07/24 08:23:49,18837.104,150056212.000,174.158,144.131
22/07/24 08:23:50,4771.360,150045732.000,155.044,138.039
22/07/24 08:23:51,7449.665,150054384.000,152.993,140.994
22/07/24 08:23:52,11971.137,150056580.000,163.015,148.014
22/07/24 08:23:53,2795.270,150057664.000,146.752,130.779
22/07/24 08:23:54,10396.406,150052924.000,163.258,148.234
22/07/24 08:23:55,13686.756,150076944.000,160.962,145.965
22/07/24 08:23:56,6692.905,150067008.000,152.066,137.059
22/07/24 08:23:57,4038.187,150049444.000,154.930,143.935
22/07/24 08:23:58,4262.029,150085100.000,148.070,139.066
22/07/24 08:23:59,9699.340,150067032.000,166.989,156.989
22/07/24 08:24:00,10910.011,150095020.000,155.000,145.000
22/07/24 08:24:01,9459.877,150106684.000,172.998,155.998
22/07/24 08:24:02,6169.975,150107264.000,150.999,140.999
22/07/24 08:24:03,5180.378,150105016.000,155.011,146.011
22/07/24 08:24:04,7050.028,150062892.000,149.001,143.001
22/07/24 08:24:05,7885.805,150117872.000,150.920,136.927
22/07/24 08:24:06,4881.992,150113128.000,137.056,131.053
22/07/24 08:24:07,17652.860,150107664.000,165.027,154.025
22/07/24 08:24:08,8983.623,128835764.000,154.169,141.350
22/07/24 08:24:09,9347.998,127774792.000,160.011,143.168
22/07/24 08:24:10,11253.974,127425544.000,140.675,126.607
22/07/24 08:24:11,11159.210,109377660.000,156.040,143.036
22/07/24 08:24:12,15496.265,77034048.000,159.961,142.966
22/07/24 08:24:13,19113.880,71015752.000,159.032,145.029
22/07/24 08:24:14,20007.299,70181132.000,154.979,137.981
22/07/24 08:24:15,28874.321,70224416.000,168.807,149.221
22/07/24 08:24:16,45583.843,71176688.000,178.929,162.761
22/07/24 08:24:17,58472.450,72334324.000,180.682,175.798
22/07/24 08:24:18,64915.907,73547608.000,181.318,176.196
22/07/24 08:24:19,70713.212,74627736.000,180.983,177.983
22/07/24 08:24:20,75328.057,75751788.000,181.072,175.136
22/07/24 08:24:21,77456.156,77092256.000,181.686,174.698
22/07/24 08:24:22,76475.872,78302860.000,182.278,174.177
22/07/24 08:24:23,75566.025,79538312.000,179.895,174.926
22/07/24 08:24:24,75293.689,80551304.000,179.517,176.697
22/07/24 08:24:25,74204.715,81423052.000,179.337,174.214
22/07/24 08:24:26,74641.730,81986028.000,180.314,178.218
22/07/24 08:24:27,74366.614,82110928.000,178.968,176.968
22/07/24 08:24:28,73554.785,82544772.000,179.036,175.035
22/07/24 08:24:29,73580.000,83470652.000,178.000,173.000
22/07/24 08:24:30,73677.622,84563056.000,176.970,174.971
22/07/24 08:24:31,73480.661,86069848.000,179.002,174.002
22/07/24 08:24:32,74311.741,87780284.000,177.028,174.027
22/07/24 08:24:33,74349.405,89588368.000,177.999,172.999
22/07/24 08:24:34,74399.658,91171036.000,177.975,173.976
22/07/24 08:24:35,74886.665,93063240.000,179.016,177.016
22/07/24 08:24:36,74284.928,94958888.000,177.534,174.542
22/07/24 08:24:37,73436.663,96983936.000,177.475,172.462
22/07/24 08:24:38,73648.364,99076256.000,178.972,173.973
22/07/24 08:24:39,73670.147,101119852.000,179.000,173.000
22/07/24 08:24:40,73734.396,103174100.000,177.986,172.987
22/07/24 08:24:41,74066.974,105304796.000,177.856,173.903
22/07/24 08:24:42,74016.405,107398204.000,178.182,173.120
22/07/24 08:24:43,74661.717,109453908.000,177.004,174.004
22/07/24 08:24:44,73533.235,111526704.000,177.984,171.984
22/07/24 08:24:45,73663.076,113650532.000,177.983,174.984
22/07/24 08:24:46,73910.274,115727816.000,178.025,175.024
22/07/24 08:24:47,74222.375,117675216.000,179.006,175.006
22/07/24 08:24:48,73766.427,119766312.000,177.967,173.968
22/07/24 08:24:49,73732.949,121880048.000,179.007,174.007
22/07/24 08:24:50,73930.591,124063784.000,179.001,174.001
22/07/24 08:24:51,73910.961,126091840.000,178.002,170.002
22/07/24 08:24:52,73398.000,128263532.000,178.019,172.019
22/07/24 08:24:53,73343.010,130430308.000,177.935,171.937
22/07/24 08:24:54,73703.388,132643464.000,?,173.078
22/07/24 08:24:55,73657.478,134811784.000,179.969,174.970
22/07/24 08:24:56,73778.893,137085452.000,179.997,175.997
22/07/24 08:24:57,74222.598,139306948.000,179.006,175.006
22/07/24 08:24:58,73770.041,141460784.000,176.976,171.977
22/07/24 08:24:59,73932.248,143575188.000,177.597,173.606
22/07/24 08:25:00,73262.754,145826768.000,178.421,173.409
22/07/24 08:25:01,73601.408,148183104.000,179.028,174.027
22/07/24 08:25:02,74410.773,150167008.000,178.978,174.978
22/07/24 08:25:03,80799.919,150120364.000,178.000,173.000
22/07/24 08:25:04,80029.043,150199612.000,179.020,173.020
22/07/24 08:25:05,79016.058,150024632.000,177.946,172.948
22/07/24 08:25:06,79087.557,150218604.000,180.040,175.039
22/07/24 08:25:07,79364.365,150216400.000,179.010,173.010
22/07/24 08:25:08,79914.875,150217156.000,180.011,173.011
22/07/24 08:25:09,78539.937,150186096.000,178.761,173.981
22/07/24 08:25:10,79344.669,150286436.000,181.897,177.715
22/07/24 08:25:11,81218.845,150291948.000,179.321,175.505
22/07/24 08:25:12,78411.327,149587260.000,179.799,172.482
22/07/24 08:25:13,78928.968,150305504.000,179.338,176.316
22/07/24 08:25:14,78933.078,150303052.000,179.007,174.007
22/07/24 08:25:15,79639.124,150306744.000,177.998,174.998
22/07/24 08:25:16,78935.634,150298716.000,179.967,174.968
22/07/24 08:25:17,79522.206,150308940.000,180.073,175.071
22/07/24 08:25:18,79117.864,150315640.000,179.995,173.995
22/07/24 08:25:19,78650.495,150310916.000,177.956,171.957
22/07/24 08:25:20,79808.300,150316380.000,180.019,175.018
22/07/24 08:25:21,79877.988,150301244.000,179.018,172.017
22/07/24 08:25:22,78111.172,150314724.000,179.003,174.003
22/07/24 08:25:23,79713.587,150324116.000,180.008,174.008
22/07/24 08:25:24,79518.648,150322288.000,178.997,174.997
22/07/24 08:25:25,79015.619,150321336.000,178.967,173.968
22/07/24 08:25:26,79795.372,150327412.000,179.990,174.990
22/07/24 08:25:27,79723.588,150310012.000,179.008,173.008
22/07/24 08:25:28,80820.081,150330980.000,181.000,175.000
22/07/24 08:25:29,79910.240,150339716.000,180.001,174.001
22/07/24 08:25:30,78172.580,149838496.000,180.006,174.006
22/07/24 08:25:31,78472.231,150337456.000,179.982,173.983
22/07/24 08:25:32,80708.079,150344732.000,180.040,174.039
22/07/24 08:25:33,78886.334,149572036.000,178.946,173.948
22/07/24 08:25:34,78442.199,150341892.000,177.050,172.049
22/07/24 08:25:35,80447.370,150348968.000,179.972,174.973
22/07/24 08:25:36,79322.221,150345200.000,181.005,177.005
22/07/24 08:25:37,79515.257,150332424.000,178.995,174.078
22/07/24 08:25:38,79970.872,150340512.000,179.001,173.916
22/07/24 08:25:39,79660.722,150346908.000,178.957,174.958
22/07/24 08:25:40,78651.000,150332016.000,178.048,173.046
22/07/24 08:25:41,79785.133,150339792.000,178.989,173.989
22/07/24 08:25:42,79144.907,150323796.000,179.011,175.011
22/07/24 08:25:43,79408.571,150354888.000,179.997,174.997
22/07/24 08:25:44,80822.101,150360468.000,180.005,174.005
22/07/24 08:25:45,80744.452,150369348.000,182.263,175.754
22/07/24 08:25:46,79803.653,150364212.000,180.688,175.668
22/07/24 08:25:47,78510.118,150364144.000,177.747,174.515
22/07/24 08:25:48,80087.343,150382860.000,178.191,172.284
22/07/24 08:25:49,79040.213,150398912.000,178.014,176.003
22/07/24 08:25:50,79609.809,150333676.000,181.804,175.744
22/07/24 08:25:51,79929.680,150404444.000,178.999,173.999
22/07/24 08:25:52,78953.106,150411324.000,180.030,176.029
22/07/24 08:25:53,79932.478,149902708.000,180.006,174.005
22/07/24 08:25:54,80527.021,150422984.000,178.993,175.993
22/07/24 08:25:55,80233.218,150419420.000,179.842,173.880
22/07/24 08:25:56,79151.223,150416064.000,180.286,175.439
22/07/24 08:25:57,80141.586,150434736.000,183.774,175.784
22/07/24 08:25:58,80677.903,150445064.000,180.094,174.889
22/07/24 08:25:59,81184.805,150428044.000,181.283,174.742
22/07/24 08:26:00,78526.291,150464676.000,180.644,175.267
22/07/24 08:26:01,79895.126,150307096.000,178.989,172.989
22/07/24 08:26:02,80273.211,150462104.000,178.007,172.007
22/07/24 08:26:03,79529.464,150460404.000,181.022,175.021
22/07/24 08:26:04,78909.562,150462888.000,179.953,174.955
22/07/24 08:26:05,79854.885,150459156.000,180.213,175.289
22/07/24 08:26:06,79916.546,150467308.000,181.133,176.391
22/07/24 08:26:07,80053.089,150470388.000,181.768,176.390
22/07/24 08:26:08,79870.479,150464200.000,179.001,175.001
22/07/24 08:26:09,80682.985,150470068.000,179.007,171.006
22/07/24 08:26:10,79751.657,150475536.000,179.959,174.960
22/07/24 08:26:11,79002.370,150475408.000,180.005,175.005
22/07/24 08:26:12,78939.684,150476364.000,179.999,172.999
22/07/24 08:26:13,80135.867,150486220.000,181.036,176.035
22/07/24 08:26:14,79252.946,150487076.000,178.984,173.985
22/07/24 08:26:15,79635.040,150481960.000,179.921,173.924
22/07/24 08:26:16,81530.777,150484276.000,179.622,173.701
22/07/24 08:26:17,79605.985,150490732.000,179.448,172.351
22/07/24 08:26:18,79601.910,150492536.000,179.004,174.004
22/07/24 08:26:19,79473.563,150501864.000,179.985,174.986
22/07/24 08:26:20,79997.440,150509132.000,179.994,174.994
22/07/24 08:26:21,79517.455,150521844.000,179.994,175.994
22/07/24 08:26:22,79521.511,150524392.000,180.003,174.003
22/07/24 08:26:23,81281.544,150526220.000,179.003,171.003
22/07/24 08:26:24,80016.077,150533860.000,178.969,172.970
22/07/24 08:26:25,80023.056,150531464.000,181.240,175.298
22/07/24 08:26:26,79127.127,150532592.000,183.852,176.781
22/07/24 08:26:27,80419.437,150533436.000,180.999,174.999
22/07/24 08:26:28,79589.284,150530836.000,180.998,175.998
22/07/24 08:26:29,80050.560,150529468.000,180.001,175.001
22/07/24 08:26:30,80975.627,150531548.000,178.990,170.991
22/07/24 08:26:31,79436.346,150539024.000,180.992,175.992
22/07/24 08:26:32,78985.608,150544848.000,180.013,175.012
22/07/24 08:26:33,79597.503,150538644.000,179.972,172.973
22/07/24 08:26:34,80849.838,150498160.000,183.000,175.000
22/07/24 08:26:35,80269.358,150543988.000,180.999,176.999
22/07/24 08:26:36,79586.128,150536956.000,180.014,175.013
22/07/24 08:26:37,80706.610,150547856.000,178.992,171.993
22/07/24 08:26:38,80467.367,150557336.000,180.972,174.973
22/07/24 08:26:39,79928.872,150519072.000,180.020,175.019
22/07/24 08:26:40,79168.417,150549240.000,179.996,174.997
22/07/24 08:26:41,80631.693,150558964.000,179.004,175.004
22/07/24 08:26:42,80417.853,150563464.000,180.040,175.039
22/07/24 08:26:43,79640.557,150372408.000,180.001,176.001
22/07/24 08:26:44,80458.310,150588784.000,178.996,173.996
22/07/24 08:26:45,79937.402,150591388.000,178.577,173.777
22/07/24 08:26:46,77929.612,150589432.000,181.547,176.330
22/07/24 08:26:47,79567.931,150569480.000,178.995,174.995
22/07/24 08:26:48,79352.381,150571092.000,181.005,175.005
22/07/24 08:26:49,79245.577,150569900.000,178.967,174.968
22/07/24 08:26:50,81089.929,150574828.000,182.287,176.707
22/07/24 08:26:51,79539.942,150579908.000,179.710,173.477
22/07/24 08:26:52,78816.188,150583464.000,178.773,175.655
22/07/24 08:26:53,81071.423,150606296.000,182.392,175.878
22/07/24 08:26:54,78667.324,150604388.000,179.379,173.976
22/07/24 08:26:55,78567.714,150609684.000,179.339,175.544
22/07/24 08:26:56,81682.318,150614044.000,184.729,176.697
22/07/24 08:26:57,78829.019,150622124.000,182.124,174.755
22/07/24 08:26:58,81138.774,150616380.000,181.612,176.956
22/07/24 08:26:59,80010.360,150599060.000,179.144,172.669
22/07/24 08:27:00,80663.551,150598800.000,180.030,172.029
22/07/24 08:27:01,81002.231,150600192.000,181.027,174.026
22/07/24 08:27:02,79866.645,150633316.000,181.046,173.542
22/07/24 08:27:03,79795.576,150650548.000,183.057,178.775
22/07/24 08:27:04,78804.784,150663092.000,181.504,175.521
22/07/24 08:27:05,79796.168,150687856.000,182.494,176.478
22/07/24 08:27:06,79901.998,150683464.000,181.005,174.004
22/07/24 08:27:07,79180.396,150705760.000,181.001,174.001
22/07/24 08:27:08,78403.996,150721048.000,178.654,173.800
22/07/24 08:27:09,79777.039,150731596.000,183.951,175.729
22/07/24 08:27:10,81108.321,150764808.000,182.487,175.936
22/07/24 08:27:11,78372.292,150783356.000,178.301,174.294
22/07/24 08:27:12,77616.562,150793432.000,183.854,176.328
22/07/24 08:27:13,79751.339,150822264.000,181.208,175.267
22/07/24 08:27:14,79243.625,150822820.000,181.821,176.770
22/07/24 08:27:15,79525.451,150843280.000,180.898,173.940
22/07/24 08:27:16,78662.255,150854620.000,180.945,175.108
22/07/24 08:27:17,77511.785,150866504.000,184.601,177.382
22/07/24 08:27:18,77804.572,150869304.000,181.641,175.620
22/07/24 08:27:19,75748.110,150894408.000,180.924,175.926
22/07/24 08:27:20,78875.336,150911212.000,181.081,175.078
22/07/24 08:27:21,74127.539,150917612.000,183.354,177.534
22/07/24 08:27:22,39532.663,150805224.000,170.177,162.957
22/07/24 08:27:23,1200.407,150828292.000,144.049,129.044
22/07/24 08:27:24,2270.640,150811156.000,146.041,138.039
22/07/24 08:27:25,959.582,150802480.000,147.936,138.939
22/07/24 08:27:26,710.239,150801428.000,145.049,131.044
22/07/24 08:27:27,1070.033,150804328.000,151.005,138.004
22/07/24 08:27:28,1610.166,150829496.000,137.014,132.014
22/07/24 08:27:29,1309.860,150821592.000,135.985,124.987
22/07/24 08:27:30,850.035,150813364.000,146.006,131.005
22/07/24 08:27:31,640.005,150811136.000,150.001,134.001
22/07/24 08:27:32,750.043,150823076.000,141.008,130.007
22/07/24 08:27:33,959.873,150840060.000,146.981,132.982
22/07/24 08:27:34,1219.928,150841168.000,148.991,135.992
22/07/24 08:27:35,930.148,150847772.000,146.023,132.021
22/07/24 08:27:36,599.970,150829484.000,140.993,130.993
22/07/24 08:27:37,770.017,150830892.000,140.003,126.003
22/07/24 08:27:38,870.030,150864732.000,128.004,117.004
22/07/24 08:27:39,889.923,150865752.000,130.989,119.990
22/07/24 08:27:40,1139.519,150852868.000,138.941,131.944
22/07/24 08:27:41,600.165,150843280.000,134.037,123.034
22/07/24 08:27:42,760.158,150852684.000,137.029,125.026
22/07/24 08:27:43,1649.756,150906408.000,135.980,122.982
22/07/24 08:27:44,910.226,150914812.000,137.034,124.031
22/07/24 08:27:45,779.892,150904768.000,130.982,120.983
22/07/24 08:27:46,810.059,150900676.000,138.010,126.009
22/07/24 08:27:47,869.999,150907148.000,141.000,127.000
22/07/24 08:27:48,1298.719,133311888.000,145.856,131.870
22/07/24 08:27:49,2201.272,135965456.000,153.088,138.080
22/07/24 08:27:50,1739.509,119192132.000,147.958,133.962
22/07/24 08:27:51,1580.729,86821292.000,143.066,131.060
22/07/24 08:27:52,789.900,73986040.000,129.984,115.985
22/07/24 08:27:53,519.924,73972292.000,124.982,?
22/07/24 08:27:54,970.184,73971712.000,128.024,116.022
22/07/24 08:27:55,2839.733,73979408.000,131.988,116.989
22/07/24 08:27:56,11362.386,74036572.000,145.030,118.025
22/07/24 08:27:57,14954.676,74042396.000,147.947,124.956
22/07/24 08:27:58,15936.119,74056148.000,152.058,125.048
22/07/24 08:27:59,21318.017,74103200.000,157.985,129.988
22/07/24 08:28:00,27340.547,74397688.000,163.003,138.003
22/07/24 08:28:01,34541.347,74928296.000,173.007,154.006
22/07/24 08:28:02,52174.261,76919008.000,182.980,167.982
22/07/24 08:28:03,71040.568,82084716.000,183.001,177.001
22/07/24 08:28:04,73992.083,92602304.000,181.981,174.981
22/07/24 08:28:05,74251.658,105373356.000,184.029,176.028
22/07/24 08:28:06,74308.737,116178596.000,180.997,174.997
22/07/24 08:28:07,74692.166,124461028.000,182.005,177.005
22/07/24 08:28:08,75153.612,129547380.000,180.985,174.985
22/07/24 08:28:09,64081.410,99808412.000,181.004,172.004
22/07/24 08:28:10,27539.039,73794872.000,137.945,119.952
22/07/24 08:28:11,1790.140,73794576.000,75.006,66.005
22/07/24 08:28:12,729.980,73791704.000,68.998,58.998
22/07/24 08:28:13,2791.111,73786148.000,76.030,67.027
22/07/24 08:28:14,579.723,73783020.000,72.965,65.968
22/07/24 08:28:15,3830.192,73780400.000,81.004,69.003
22/07/24 08:28:16,1160.151,73773056.000,67.009,57.007
22/07/24 08:28:17,1290.059,73771232.000,73.003,62.003
22/07/24 08:28:18,1659.869,73768920.000,73.994,64.995
22/07/24 08:28:19,1339.948,73760664.000,74.997,64.997
22/07/24 08:28:20,960.161,73759492.000,72.012,66.011
22/07/24 08:28:21,1109.969,73761400.000,72.998,66.998
22/07/24 08:28:22,2609.992,73761720.000,67.000,57.000
