18/07/24 09:43:17,?,61783544.000,?,?
18/07/24 09:43:18,67684.450,58570408.000,98.992,88.993
18/07/24 09:43:19,67192.004,54245940.000,107.987,89.989
18/07/24 09:43:20,60695.280,47773772.000,121.011,96.008
18/07/24 09:43:21,61490.277,36799580.000,139.910,126.918
18/07/24 09:43:22,55745.733,26668064.000,140.090,132.085
18/07/24 09:43:23,60488.870,19526016.000,137.975,127.976
18/07/24 09:43:24,26781.483,11786404.000,111.964,98.969
18/07/24 09:43:25,4059.204,12140888.000,74.985,63.987
18/07/24 09:43:26,20610.165,12830604.000,100.001,92.001
18/07/24 09:43:27,24304.023,13865592.000,97.056,88.051
18/07/24 09:43:28,21012.921,14730996.000,140.019,128.018
18/07/24 09:43:29,18280.951,15728344.000,175.009,154.008
18/07/24 09:43:30,23989.496,17841160.000,172.996,161.997
18/07/24 09:43:31,24157.125,19901172.000,173.979,166.980
18/07/24 09:43:32,21603.781,19121368.000,170.030,163.029
18/07/24 09:43:33,23428.688,21536656.000,174.990,166.991
18/07/24 09:43:34,21501.720,21418252.000,178.014,165.013
18/07/24 09:43:35,24677.754,23169304.000,171.984,162.985
18/07/24 09:43:36,19209.769,22350596.000,177.998,166.998
18/07/24 09:43:37,24570.540,24175468.000,177.715,169.727
18/07/24 09:43:38,22678.372,25825844.000,177.300,165.280
18/07/24 09:43:39,24899.427,25784812.000,176.996,168.996
18/07/24 09:43:40,24295.044,27962940.000,174.964,166.966
18/07/24 09:43:41,24881.269,27945936.000,177.009,168.009
18/07/24 09:43:42,24253.056,29933800.000,176.022,164.021
18/07/24 09:43:43,22378.792,29664776.000,176.990,165.991
18/07/24 09:43:44,24844.397,31891288.000,176.031,164.029
18/07/24 09:43:45,21198.686,31198012.000,175.989,163.990
18/07/24 09:43:46,23569.576,33437276.000,175.997,162.997
18/07/24 09:43:47,20539.384,33076864.000,176.995,165.995
18/07/24 09:43:48,20330.813,34631220.000,172.007,163.007
18/07/24 09:43:49,23810.833,36923904.000,176.006,167.006
18/07/24 09:43:50,21650.779,36203620.000,177.006,168.006
18/07/24 09:43:51,24855.161,38731172.000,175.895,168.899
18/07/24 09:43:52,23453.582,38480920.000,175.086,170.140
18/07/24 09:43:53,23068.540,40537160.000,176.540,164.705
18/07/24 09:43:54,21403.609,40930484.000,176.482,165.196
18/07/24 09:43:55,24696.666,42027736.000,175.976,169.977
18/07/24 09:43:56,23663.550,43823380.000,175.026,167.025
18/07/24 09:43:57,22829.886,43705104.000,171.999,162.999
18/07/24 09:43:58,24661.110,45799148.000,177.008,169.008
18/07/24 09:43:59,21708.697,45316216.000,177.989,165.990
18/07/24 09:44:00,23008.021,47633196.000,170.985,166.986
18/07/24 09:44:01,21815.920,47378684.000,173.967,165.969
18/07/24 09:44:02,24097.615,49492828.000,176.056,161.051
18/07/24 09:44:03,21570.841,49426232.000,178.007,163.006
18/07/24 09:44:04,25308.608,51438296.000,177.990,171.991
18/07/24 09:44:05,23058.271,51978280.000,171.987,167.987
18/07/24 09:44:06,26531.061,53547504.000,173.007,172.007
18/07/24 09:44:07,22044.004,52974416.000,174.952,168.954
18/07/24 09:44:08,20736.221,53849484.000,172.052,168.050
18/07/24 09:44:09,25243.104,56454048.000,173.731,168.928
18/07/24 09:44:10,23382.904,55601064.000,177.103,170.445
18/07/24 09:44:11,24931.895,57644480.000,175.013,170.013
18/07/24 09:44:12,23675.454,57670852.000,172.967,167.968
18/07/24 09:44:13,23212.182,59191956.000,176.017,168.016
18/07/24 09:44:14,24569.779,60913488.000,176.998,170.998
18/07/24 09:44:15,21474.073,60640288.000,173.952,169.953
18/07/24 09:44:16,24466.508,62818976.000,174.046,168.045
18/07/24 09:44:17,15169.457,61992276.000,136.905,126.912
18/07/24 09:44:18,9222.905,63305804.000,86.027,68.021
18/07/24 09:44:19,7480.090,62015476.000,80.001,66.001
18/07/24 09:44:20,9978.673,63376380.000,73.990,62.992
18/07/24 09:44:21,7151.852,62545744.000,74.019,64.017
18/07/24 09:44:22,11501.323,63543904.000,75.009,63.007
18/07/24 09:44:23,9007.901,62134940.000,93.978,61.986
18/07/24 09:44:24,10764.456,63273088.000,100.041,63.026
18/07/24 09:44:25,3715.655,62143752.000,84.486,62.071
18/07/24 09:44:26,9904.420,63333040.000,96.425,61.903
18/07/24 09:44:27,10205.561,63566436.000,95.958,61.973
18/07/24 09:44:28,9503.402,62565100.000,94.034,66.024
18/07/24 09:44:29,9366.946,63563928.000,89.971,63.979
18/07/24 09:44:30,9832.163,62950016.000,76.017,60.013
18/07/24 09:44:31,8407.932,62536852.000,78.981,61.985
18/07/24 09:44:32,10471.309,63092100.000,87.011,60.008
18/07/24 09:44:33,8421.802,62555784.000,88.019,63.013
18/07/24 09:44:34,11077.375,63577728.000,85.980,59.986
18/07/24 09:44:35,6631.154,62170096.000,69.012,60.010
18/07/24 09:44:36,11339.388,62954476.000,69.996,65.996
18/07/24 09:44:37,8021.003,62178056.000,73.009,62.008
18/07/24 09:44:38,10737.862,63574364.000,74.776,60.818
18/07/24 09:44:39,3885.891,62177536.000,74.930,62.732
18/07/24 09:44:40,11772.296,62676432.000,91.824,61.216
18/07/24 09:44:41,8149.853,63585440.000,86.998,61.999
18/07/24 09:44:42,10961.359,63193648.000,92.011,63.008
18/07/24 09:44:43,9251.008,62176384.000,96.010,66.007
18/07/24 09:44:44,10705.268,63374432.000,91.959,57.974
18/07/24 09:44:45,6861.489,62264752.000,90.020,62.013
18/07/24 09:44:46,10651.832,63597464.000,94.016,60.010
18/07/24 09:44:47,7699.962,62184112.000,82.000,62.000
18/07/24 09:44:48,10144.177,63105736.000,67.961,58.966
18/07/24 09:44:49,6493.325,62183424.000,73.037,59.030
18/07/24 09:44:50,9900.594,63568156.000,70.004,62.004
18/07/24 09:44:51,6979.037,62191452.000,71.990,66.991
18/07/24 09:44:52,11231.797,63293024.000,79.013,66.011
18/07/24 09:44:53,3510.165,62190352.000,74.003,64.003
18/07/24 09:44:54,10079.819,63108360.000,82.999,62.999
18/07/24 09:44:55,6338.954,62275844.000,73.988,62.990
18/07/24 09:44:56,11006.500,63601124.000,71.977,60.981
18/07/24 09:44:57,4971.153,62192000.000,66.015,57.013
18/07/24 09:44:58,9461.164,63609632.000,84.010,63.008
18/07/24 09:44:59,7148.242,62941280.000,68.983,58.985
18/07/24 09:45:00,10421.782,62876464.000,79.014,63.011
18/07/24 09:45:01,6531.071,63273352.000,67.011,56.009
18/07/24 09:45:02,10896.448,62948492.000,73.976,58.981
18/07/24 09:45:03,5010.686,62196448.000,68.009,59.008
18/07/24 09:45:04,10281.193,63595808.000,75.009,68.008
18/07/24 09:45:05,7138.844,62198732.000,79.987,70.988
18/07/24 09:45:06,11043.468,63614700.000,86.027,76.024
18/07/24 09:45:07,6078.815,63618876.000,71.986,73.986
18/07/24 09:45:08,?,?,?,?
18/07/24 09:45:09,?,?,?,?
18/07/24 09:45:10,?,?,?,?
18/07/24 09:45:11,?,?,?,?
18/07/24 09:45:12,?,?,?,?
18/07/24 09:45:13,?,?,?,?
18/07/24 09:45:14,?,?,?,?
18/07/24 09:45:15,?,?,?,?
18/07/24 09:45:16,?,?,?,?
18/07/24 09:45:17,?,?,?,?
18/07/24 09:45:18,?,?,?,?
18/07/24 09:45:19,?,?,?,?
18/07/24 09:45:20,?,?,?,?
18/07/24 09:45:21,?,?,?,?
18/07/24 09:45:22,?,?,?,?
18/07/24 09:45:23,?,?,?,?
18/07/24 09:45:24,302461400.157,63287344.000,1591.904,3208.867
18/07/24 09:45:25,7472.840,62023772.000,92.035,64.024
18/07/24 09:45:26,10099.778,63210848.000,72.998,63.999
18/07/24 09:45:27,2969.736,62017180.000,66.994,59.995
18/07/24 09:45:28,10301.525,63298216.000,80.012,67.010
18/07/24 09:45:29,6588.577,61883376.000,74.984,63.986
18/07/24 09:45:30,9984.413,63293152.000,75.033,72.032
18/07/24 09:45:31,7216.579,61884152.000,73.965,69.967
18/07/24 09:45:32,10602.926,62940076.000,76.021,66.018
18/07/24 09:45:33,3199.472,61880704.000,69.988,59.990
18/07/24 09:45:34,9179.945,62384288.000,76.000,66.000
18/07/24 09:45:35,8170.621,63187200.000,72.005,68.005
18/07/24 09:45:36,8953.377,62541244.000,86.492,66.533
18/07/24 09:45:37,9749.077,63334212.000,80.187,65.416
18/07/24 09:45:38,8190.295,62508576.000,70.003,62.002
18/07/24 09:45:39,8192.036,63331368.000,78.342,66.736
18/07/24 09:45:40,8744.669,62278128.000,78.650,66.232
18/07/24 09:45:41,9201.610,63338092.000,75.013,71.012
18/07/24 09:45:42,9077.721,62431348.000,76.981,65.983
18/07/24 09:45:43,7200.274,63323420.000,80.003,63.002
18/07/24 09:45:44,8894.859,62492468.000,65.962,58.966
18/07/24 09:45:45,7282.789,62632480.000,70.027,64.025
18/07/24 09:45:46,10021.563,62593896.000,68.011,58.009
18/07/24 09:45:47,5978.685,62973652.000,75.983,58.987
18/07/24 09:45:48,1159.988,61918596.000,59.999,52.999
18/07/24 09:45:49,5741.889,62067468.000,69.023,56.018
18/07/24 09:45:50,9437.546,63234444.000,62.984,58.985
18/07/24 09:45:51,8592.346,62383460.000,74.020,61.017
18/07/24 09:45:52,10050.131,63356692.000,75.001,67.001
18/07/24 09:45:53,7980.287,62228116.000,79.003,61.002
18/07/24 09:45:54,8188.518,63366988.000,88.080,69.690
18/07/24 09:45:55,8682.383,63377808.000,77.985,71.920
18/07/24 09:45:56,8476.453,63136044.000,76.276,65.203
18/07/24 09:45:57,9498.632,62526400.000,82.988,62.991
18/07/24 09:45:58,6211.758,62320608.000,78.022,62.018
18/07/24 09:45:59,9648.013,63354904.000,91.981,57.988
18/07/24 09:46:00,6830.915,61953312.000,81.011,59.008
18/07/24 09:46:01,10260.031,62996112.000,76.000,62.000
18/07/24 09:46:02,6460.911,61953488.000,71.010,61.009
18/07/24 09:46:03,10039.478,63081588.000,70.996,59.997
18/07/24 09:46:04,6710.389,62035372.000,71.004,61.004
18/07/24 09:46:05,9608.933,63285528.000,68.992,63.993
18/07/24 09:46:06,6891.440,62154704.000,69.014,60.013
18/07/24 09:46:07,10588.835,63399804.000,68.992,62.993
18/07/24 09:46:08,8039.799,62256332.000,68.998,63.998
18/07/24 09:46:09,9279.916,63380736.000,63.999,62.999
18/07/24 09:46:10,7698.406,62245432.000,72.985,62.987
18/07/24 09:46:11,9970.957,63393808.000,77.007,68.007
18/07/24 09:46:12,8140.830,62151352.000,78.008,65.007
18/07/24 09:46:13,9089.891,63330820.000,77.999,60.999
18/07/24 09:46:14,7790.460,62586800.000,71.004,61.004
18/07/24 09:46:15,8989.083,63367932.000,71.993,59.994
18/07/24 09:46:16,7760.101,62451996.000,71.001,65.001
18/07/24 09:46:17,8716.836,63378484.000,74.973,67.975
18/07/24 09:46:18,7709.615,62545984.000,72.996,60.997
18/07/24 09:46:19,7692.431,62797200.000,68.021,63.020
18/07/24 09:46:20,9441.879,63069528.000,77.015,60.012
18/07/24 09:46:21,8319.290,61972108.000,85.128,60.944
18/07/24 09:46:22,8505.689,62396768.000,72.433,65.190
18/07/24 09:46:23,7979.625,63388676.000,74.996,67.997
18/07/24 09:46:24,1818.414,61973768.000,75.108,60.284
18/07/24 09:46:25,10383.817,62741856.000,94.122,64.772
18/07/24 09:46:26,6879.766,62579128.000,81.997,68.998
18/07/24 09:46:27,10879.391,63378384.000,67.996,66.996
18/07/24 09:46:28,5970.388,61976348.000,66.004,63.004
18/07/24 09:46:29,10133.922,62963840.000,71.027,73.028
18/07/24 09:46:30,7306.033,61999508.000,78.957,66.964
18/07/24 09:46:31,9939.742,63376824.000,86.998,68.998
18/07/24 09:46:32,5060.668,61972172.000,72.010,64.008
18/07/24 09:46:33,9726.936,62986820.000,75.976,60.981
18/07/24 09:46:34,7042.641,61975652.000,78.029,63.024
18/07/24 09:46:35,9619.875,63388432.000,74.999,63.999
18/07/24 09:46:36,5799.988,61984472.000,75.000,64.000
18/07/24 09:46:37,11031.909,62879800.000,80.014,66.011
18/07/24 09:46:38,6943.300,61988464.000,77.243,64.369
18/07/24 09:46:39,9818.725,62987612.000,87.411,63.462
18/07/24 09:46:40,5921.522,61985972.000,79.020,62.016
18/07/24 09:46:41,10939.376,63070748.000,78.995,67.996
18/07/24 09:46:42,3329.531,61985284.000,73.990,63.991
18/07/24 09:46:43,7230.991,62255172.000,75.010,63.009
18/07/24 09:46:44,8210.312,63402708.000,76.003,62.002
18/07/24 09:46:45,6860.137,62516768.000,65.001,59.001
18/07/24 09:46:46,10051.116,63395492.000,70.008,65.007
18/07/24 09:46:47,7627.818,62997408.000,69.980,60.983
18/07/24 09:46:48,7820.766,63399460.000,70.007,61.006
18/07/24 09:46:49,8651.730,62491168.000,72.014,63.013
18/07/24 09:46:50,6260.094,63314432.000,83.001,63.001
18/07/24 09:46:51,2099.937,61976796.000,68.998,57.998
18/07/24 09:46:52,10418.864,62649216.000,75.992,63.993
18/07/24 09:46:53,6550.688,63396952.000,73.008,64.007
18/07/24 09:46:54,9909.792,62904984.000,77.998,64.999
18/07/24 09:46:55,7520.346,61973408.000,77.004,64.003
18/07/24 09:46:56,10838.797,63117588.000,79.991,62.993
18/07/24 09:46:57,7118.391,61984804.000,73.983,60.986
18/07/24 09:46:58,9939.692,62816760.000,69.998,53.998
18/07/24 09:46:59,6270.194,61981700.000,68.002,59.002
18/07/24 09:47:00,10639.128,63075856.000,75.994,65.995
18/07/24 09:47:01,3809.829,61974456.000,71.997,61.997
18/07/24 09:47:02,6490.669,62328852.000,84.009,63.006
18/07/24 09:47:03,8549.564,63392764.000,82.996,61.997
18/07/24 09:47:04,7801.006,62210992.000,74.010,57.007
18/07/24 09:47:05,7809.734,63382592.000,75.997,55.998
18/07/24 09:47:06,9331.418,62581992.000,75.011,62.009
18/07/24 09:47:07,8609.854,63383736.000,79.999,63.999
18/07/24 09:47:08,8741.504,62604652.000,88.913,60.835
18/07/24 09:47:09,5039.029,61984400.000,77.524,62.757
18/07/24 09:47:10,3866.139,61987508.000,74.828,58.956
18/07/24 09:47:11,10844.113,63296244.000,76.571,68.293
18/07/24 09:47:12,5581.189,61986636.000,72.015,64.014
18/07/24 09:47:13,7340.771,62511908.000,72.008,61.006
18/07/24 09:47:14,9290.706,63398816.000,72.005,58.004
18/07/24 09:47:15,5249.060,62019848.000,80.986,63.989
18/07/24 09:47:16,9881.453,63289436.000,80.012,64.009
18/07/24 09:47:17,7881.064,62191580.000,70.009,61.008
18/07/24 09:47:18,8860.399,63382320.000,72.003,66.003
18/07/24 09:47:19,5278.849,61999136.000,60.987,54.988
18/07/24 09:47:20,9640.347,63161816.000,70.003,67.002
18/07/24 09:47:21,7238.502,62190692.000,86.982,62.987
18/07/24 09:47:22,9859.855,63380636.000,88.460,66.594
18/07/24 09:47:23,7432.645,62575120.000,68.730,60.875
18/07/24 09:47:24,9137.787,63387336.000,71.790,65.636
18/07/24 09:47:25,7336.772,62310572.000,76.966,61.973
18/07/24 09:47:26,8303.529,63397320.000,91.039,63.027
18/07/24 09:47:27,8125.612,62468200.000,75.959,62.966
18/07/24 09:47:28,9003.016,63406208.000,69.023,56.019
18/07/24 09:47:29,7347.876,62273440.000,66.981,54.984
18/07/24 09:47:30,8352.999,63392980.000,74.027,63.023
18/07/24 09:47:31,8290.406,62414988.000,73.004,67.003
18/07/24 09:47:32,7428.321,63394068.000,74.983,64.985
18/07/24 09:47:33,7478.190,62354292.000,72.982,57.986
18/07/24 09:47:34,8433.188,63404216.000,74.028,54.020
18/07/24 09:47:35,4309.466,62014544.000,65.992,55.993
18/07/24 09:47:36,11218.867,63298720.000,70.993,59.994
18/07/24 09:47:37,3731.739,61997124.000,73.034,62.029
18/07/24 09:47:38,8231.880,62635004.000,72.751,63.782
18/07/24 09:47:39,7618.153,63418612.000,76.451,63.859
18/07/24 09:47:40,9833.620,62398372.000,90.424,64.427
18/07/24 09:47:41,7448.056,63405352.000,74.980,62.984
18/07/24 09:47:42,9972.443,62587476.000,78.019,64.016
18/07/24 09:47:43,5719.216,63323696.000,68.991,57.992
18/07/24 09:47:44,10030.622,62740328.000,81.005,61.004
18/07/24 09:47:45,5450.414,62472792.000,79.006,60.005
18/07/24 09:47:46,10040.633,62661456.000,76.005,56.004
18/07/24 09:47:47,5089.603,61990704.000,67.995,53.996
18/07/24 09:47:48,10748.398,63224008.000,74.989,66.990
18/07/24 09:47:49,5950.500,61995404.000,69.006,59.005
18/07/24 09:47:50,9699.884,63401372.000,86.999,60.999
18/07/24 09:47:51,8440.000,62000832.000,88.000,63.000
18/07/24 09:47:52,10017.676,63124448.000,88.979,60.986
18/07/24 09:47:53,6541.590,62012616.000,76.018,61.015
18/07/24 09:47:54,9374.060,63409104.000,77.699,62.661
18/07/24 09:47:55,6700.151,62000880.000,78.459,59.778
18/07/24 09:47:56,10520.295,63332208.000,104.003,65.002
18/07/24 09:47:57,6049.050,62335728.000,84.987,58.991
18/07/24 09:47:58,10405.037,63399616.000,88.958,57.972
18/07/24 09:47:59,6768.321,63546900.000,83.979,58.985
18/07/24 09:48:00,9074.882,63389160.000,80.043,61.033
18/07/24 09:48:01,7419.844,62218508.000,71.998,58.999
18/07/24 09:48:02,8430.523,63401148.000,85.005,59.004
18/07/24 09:48:03,8270.860,62530248.000,85.009,60.006
18/07/24 09:48:04,7760.667,63390388.000,65.006,55.005
18/07/24 09:48:05,8020.858,63052748.000,70.007,64.007
18/07/24 09:48:06,8469.848,63399108.000,73.999,71.999
18/07/24 09:48:07,9616.557,62990168.000,85.969,64.977
18/07/24 09:48:08,6684.012,61991624.000,77.090,62.197
18/07/24 09:48:09,10196.032,62506440.000,74.577,61.759
18/07/24 09:48:10,7748.373,63401984.000,71.985,65.986
18/07/24 09:48:11,9637.716,62574516.000,73.982,59.986
18/07/24 09:48:12,7431.888,63208512.000,75.019,63.016
18/07/24 09:48:13,9930.616,62916616.000,72.004,61.004
18/07/24 09:48:14,6480.590,61989832.000,82.007,62.006
18/07/24 09:48:15,10360.207,62964092.000,85.002,71.001
18/07/24 09:48:16,5189.242,61991208.000,67.990,62.991
18/07/24 09:48:17,2920.321,61995132.000,62.007,56.006
18/07/24 09:48:18,10850.987,62946924.000,76.007,68.006
18/07/24 09:48:19,5658.755,62006464.000,67.985,56.987
18/07/24 09:48:20,10301.174,63383872.000,71.008,?
18/07/24 09:48:21,7179.404,62270056.000,76.994,63.995
18/07/24 09:48:22,10830.227,63419996.000,81.002,64.001
18/07/24 09:48:23,3660.766,62002748.000,68.399,61.655
18/07/24 09:48:24,5821.297,62094572.000,71.727,64.450
18/07/24 09:48:25,10066.658,63418632.000,69.977,61.979
18/07/24 09:48:26,8043.539,62370780.000,82.036,68.030
18/07/24 09:48:27,8159.861,63423104.000,83.999,61.999
18/07/24 09:48:28,8058.582,62300768.000,72.987,63.989
18/07/24 09:48:29,8380.008,63426544.000,67.000,59.000
18/07/24 09:48:30,8480.890,62534652.000,75.008,65.007
18/07/24 09:48:31,6659.960,63415724.000,65.000,59.000
18/07/24 09:48:32,2250.131,62015656.000,69.004,60.003
18/07/24 09:48:33,10138.074,62777616.000,66.987,62.988
18/07/24 09:48:34,7309.371,62003864.000,72.994,62.995
18/07/24 09:48:35,9820.039,62925388.000,74.000,59.000
18/07/24 09:48:36,7669.133,62008988.000,69.719,60.882
18/07/24 09:48:37,10609.728,63373872.000,70.324,58.094
18/07/24 09:48:38,5093.776,62007236.000,79.041,67.332
18/07/24 09:48:39,10453.199,62841280.000,87.434,66.061
18/07/24 09:48:40,6722.909,62311868.000,72.937,64.481
18/07/24 09:48:41,11130.089,63231608.000,77.001,68.001
18/07/24 09:48:42,7319.341,62014048.000,72.993,63.994
18/07/24 09:48:43,9570.048,62869084.000,71.000,57.000
18/07/24 09:48:44,6430.309,62265624.000,71.003,61.003
18/07/24 09:48:45,9769.043,63432248.000,77.992,63.994
18/07/24 09:48:46,5100.780,62011800.000,75.011,63.010
18/07/24 09:48:47,4578.214,62018008.000,79.969,61.976
18/07/24 09:48:48,9709.379,63067228.000,63.996,61.996
18/07/24 09:48:49,3460.751,62012344.000,69.015,60.013
18/07/24 09:48:50,5429.582,62138512.000,70.995,56.996
18/07/24 09:48:51,9932.443,63419340.000,76.019,64.016
18/07/24 09:48:52,7560.953,62361448.000,81.010,67.008
18/07/24 09:48:53,8867.960,63419676.000,83.981,65.985
18/07/24 09:48:54,3577.585,62011196.000,76.948,60.959
18/07/24 09:48:55,10375.810,63372012.000,74.041,64.036
18/07/24 09:48:56,8351.888,62372984.000,77.017,65.015
18/07/24 09:48:57,10150.528,63412988.000,71.004,68.004
18/07/24 09:48:58,6709.826,62064968.000,76.998,63.998
18/07/24 09:48:59,10531.201,63405708.000,71.008,67.008
18/07/24 09:49:00,6118.042,62038616.000,69.978,59.981
18/07/24 09:49:01,9531.840,63202228.000,70.014,61.012
18/07/24 09:49:02,7279.927,62164640.000,69.999,62.999
18/07/24 09:49:03,9330.224,63364372.000,70.002,62.001
18/07/24 09:49:04,7190.086,62217564.000,71.001,61.001
18/07/24 09:49:05,8949.329,63410092.000,77.994,61.995
18/07/24 09:49:06,8510.860,62302712.000,90.009,60.006
18/07/24 09:49:07,9059.257,63411532.000,69.994,58.995
18/07/24 09:49:08,7729.869,62292844.000,74.999,59.999
18/07/24 09:49:09,7595.554,63418284.000,71.151,56.366
18/07/24 09:49:10,10761.543,62574344.000,90.406,64.264
18/07/24 09:49:11,6168.248,63418744.000,88.975,60.983
18/07/24 09:49:12,4491.671,62022044.000,77.029,59.022
18/07/24 09:49:13,9952.010,63435460.000,70.014,50.010
18/07/24 09:49:14,5097.701,62018080.000,68.969,55.975
18/07/24 09:49:15,10062.435,62939860.000,73.018,57.014
18/07/24 09:49:16,2439.515,62009224.000,75.985,56.989
18/07/24 09:49:17,3600.691,62015628.000,71.014,59.011
18/07/24 09:49:18,10692.010,63424376.000,75.014,63.012
18/07/24 09:49:19,6038.333,62011440.000,66.982,56.984
18/07/24 09:49:20,10304.106,63342748.000,71.959,59.966
18/07/24 09:49:21,7406.844,62258156.000,75.069,58.054
18/07/24 09:49:22,10920.655,63432636.000,88.005,64.004
18/07/24 09:49:23,6709.489,62177020.000,84.632,62.820
18/07/24 09:49:24,10058.819,63239980.000,85.482,69.089
18/07/24 09:49:25,6552.289,62120004.000,73.243,62.356
18/07/24 09:49:26,10881.162,63295736.000,74.764,62.640
18/07/24 09:49:27,5099.470,62034068.000,70.993,64.993
18/07/24 09:49:28,10592.542,63449968.000,72.017,68.016
18/07/24 09:49:29,7168.566,62044416.000,69.986,62.987
18/07/24 09:49:30,9808.244,63328912.000,80.986,68.988
18/07/24 09:49:31,6681.036,62193668.000,68.011,59.009
18/07/24 09:49:32,9000.828,63394892.000,74.007,65.006
18/07/24 09:49:33,7841.396,62551528.000,79.014,65.012
18/07/24 09:49:34,7840.298,63427180.000,76.003,62.002
18/07/24 09:49:35,8840.805,62506904.000,74.007,68.006
18/07/24 09:49:36,8170.033,63434452.000,90.000,66.000
18/07/24 09:49:37,9462.749,62823244.000,77.858,62.885
18/07/24 09:49:38,7589.541,62027580.000,73.693,62.681
18/07/24 09:49:39,9857.531,62652880.000,74.604,62.374
18/07/24 09:49:40,7722.135,62021668.000,84.257,63.410
18/07/24 09:49:41,11085.482,62772076.000,89.532,62.437
18/07/24 09:49:42,5890.247,62264936.000,86.004,65.003
18/07/24 09:49:43,9432.878,63433904.000,75.943,49.962
18/07/24 09:49:44,6562.533,62018788.000,74.029,59.023
18/07/24 09:49:45,10543.437,63262832.000,72.023,60.020
18/07/24 09:49:46,7030.084,62018428.000,80.001,58.001
18/07/24 09:49:47,10150.771,62914768.000,68.005,64.005
18/07/24 09:49:48,7339.677,62154792.000,72.997,65.997
18/07/24 09:49:49,9789.990,63244384.000,68.000,61.000
18/07/24 09:49:50,6588.577,62020144.000,70.985,62.986
18/07/24 09:49:51,11181.670,63021684.000,83.139,62.587
18/07/24 09:49:52,6510.844,62196568.000,75.332,64.570
18/07/24 09:49:53,9792.082,63215436.000,77.126,66.387
18/07/24 09:49:54,6788.955,62037412.000,84.736,64.561
18/07/24 09:49:55,9948.693,63414000.000,85.275,63.068
18/07/24 09:49:56,6928.675,62039360.000,72.198,60.553
18/07/24 09:49:57,9936.592,63458316.000,82.972,65.977
18/07/24 09:49:58,5172.514,62351828.000,71.035,63.031
18/07/24 09:49:59,10367.605,63451660.000,68.984,61.986
18/07/24 09:50:00,7320.835,62542000.000,78.009,64.007
18/07/24 09:50:01,11079.490,63450720.000,75.997,64.997
18/07/24 09:50:02,7058.969,62037748.000,74.989,63.991
18/07/24 09:50:03,9491.376,63246096.000,73.011,63.009
18/07/24 09:50:04,4059.756,62035388.000,69.996,59.996
18/07/24 09:50:05,9837.777,62822104.000,69.984,63.986
18/07/24 09:50:06,6372.721,62039224.000,73.031,63.027
18/07/24 09:50:07,10449.655,62854256.000,75.997,66.998
18/07/24 09:50:08,7594.263,62037736.000,82.665,65.405
18/07/24 09:50:09,9941.961,62920484.000,72.285,63.388
18/07/24 09:50:10,6434.828,62038168.000,70.165,60.932
18/07/24 09:50:11,12181.729,63068080.000,76.340,64.344
18/07/24 09:50:12,8278.270,62035560.000,89.981,65.986
18/07/24 09:50:13,9621.058,63446240.000,89.010,57.006
18/07/24 09:50:14,6349.048,62037468.000,71.989,60.991
18/07/24 09:50:15,9930.397,63292900.000,73.003,65.003
18/07/24 09:50:16,3198.836,62041016.000,70.974,59.978
18/07/24 09:50:17,10066.050,63099060.000,67.040,61.037
18/07/24 09:50:18,5686.798,62036736.000,77.956,60.966
18/07/24 09:50:19,10869.946,63260576.000,83.000,64.000
18/07/24 09:50:20,4840.528,62033232.000,64.007,56.006
18/07/24 09:50:21,5057.127,62474176.000,66.810,57.531
18/07/24 09:50:22,11073.837,63449136.000,79.176,68.330
18/07/24 09:50:23,6790.625,62697028.000,75.007,64.006
18/07/24 09:50:24,9927.141,63445952.000,88.262,64.536
18/07/24 09:50:25,8063.383,62058900.000,77.146,61.294
18/07/24 09:50:26,11137.884,63265688.000,82.984,65.987
18/07/24 09:50:27,5791.465,62043388.000,67.017,59.015
18/07/24 09:50:28,10089.062,63244104.000,71.993,62.994
18/07/24 09:50:29,6568.430,62045964.000,76.982,58.986
18/07/24 09:50:30,9352.815,63459544.000,83.025,61.018
18/07/24 09:50:31,6079.380,62393028.000,75.992,57.994
18/07/24 09:50:32,10428.603,63461176.000,75.990,64.991
18/07/24 09:50:33,7439.754,62106964.000,64.998,58.998
18/07/24 09:50:34,9870.444,63321460.000,85.004,65.003
18/07/24 09:50:35,4479.212,62049200.000,68.988,55.990
18/07/24 09:50:36,10145.519,63129180.000,80.044,63.034
18/07/24 09:50:37,7267.936,62654556.000,70.980,62.982
18/07/24 09:50:38,10471.895,63452380.000,80.014,67.012
18/07/24 09:50:39,7530.090,62046584.000,74.001,61.001
18/07/24 09:50:40,9636.255,63345764.000,74.348,58.899
18/07/24 09:50:41,7642.541,62185348.000,74.663,61.182
18/07/24 09:50:42,10461.705,63454496.000,84.014,64.010
18/07/24 09:50:43,6918.775,62046740.000,82.985,58.990
18/07/24 09:50:44,9260.796,63385460.000,77.007,61.005
18/07/24 09:50:45,7429.903,62883532.000,78.999,58.999
18/07/24 09:50:46,8618.371,63440796.000,77.985,53.990
18/07/24 09:50:47,7830.995,63213208.000,80.010,63.008
18/07/24 09:50:48,8468.162,63455976.000,77.983,60.987
18/07/24 09:50:49,8912.558,62757932.000,86.025,64.018
18/07/24 09:50:50,8707.362,63442660.000,71.978,62.981
18/07/24 09:50:51,9110.237,62600044.000,73.759,66.782
18/07/24 09:50:52,10066.077,63465364.000,74.266,65.234
18/07/24 09:50:53,8328.484,62734512.000,68.987,61.989
18/07/24 09:50:54,7739.776,63465968.000,72.998,64.998
18/07/24 09:50:55,2390.323,62058308.000,72.010,59.008
18/07/24 09:50:56,10780.291,62823624.000,87.002,66.002
18/07/24 09:50:57,3839.766,62056336.000,64.996,56.997
18/07/24 09:50:58,4058.754,62062048.000,69.979,57.982
18/07/24 09:50:59,10333.389,63118856.000,75.025,61.020
18/07/24 09:51:00,5970.782,62605604.000,76.010,62.008
18/07/24 09:51:01,10243.721,63466284.000,84.948,59.963
18/07/24 09:51:02,9052.589,63516064.000,95.027,65.019
18/07/24 09:51:03,10150.832,63463400.000,81.007,61.005
18/07/24 09:51:04,3138.437,62061120.000,72.964,58.971
18/07/24 09:51:05,8094.873,62603728.000,73.044,59.036
18/07/24 09:51:06,8239.250,63481720.000,78.993,64.994
18/07/24 09:51:07,9139.497,62964392.000,75.996,64.996
18/07/24 09:51:08,7021.109,62082864.000,82.601,63.603
18/07/24 09:51:09,9944.231,62492644.000,94.888,64.524
18/07/24 09:51:10,8540.436,63475420.000,78.095,62.076
18/07/24 09:51:11,8399.488,62945564.000,71.996,59.996
18/07/24 09:51:12,9567.885,63483388.000,74.983,62.986
18/07/24 09:51:13,8870.860,62947392.000,75.007,62.006
18/07/24 09:51:14,8898.656,63478340.000,75.989,60.991
18/07/24 09:51:15,3339.896,62065352.000,67.998,60.998
18/07/24 09:51:16,10002.451,63452768.000,67.016,61.015
18/07/24 09:51:17,7590.395,62062376.000,71.004,60.003
18/07/24 09:51:18,9740.205,62967804.000,71.001,60.001
18/07/24 09:51:19,4438.389,62056996.000,71.974,60.978
18/07/24 09:51:20,9230.305,62600584.000,66.002,64.002
18/07/24 09:51:21,6851.740,63475456.000,74.019,64.016
18/07/24 09:51:22,4159.505,62063220.000,82.990,58.993
18/07/24 09:51:23,10891.111,63105808.000,83.008,66.007
18/07/24 09:51:24,6250.882,62260644.000,72.369,66.037
18/07/24 09:51:25,10621.753,63457360.000,77.147,64.849
18/07/24 09:51:26,5669.031,62570816.000,72.988,61.989
18/07/24 09:51:27,10399.334,63471748.000,72.995,62.996
18/07/24 09:51:28,3239.650,62058344.000,69.992,57.994
18/07/24 09:51:29,8311.987,62592072.000,75.018,65.016
18/07/24 09:51:30,7969.386,63468296.000,71.994,60.995
18/07/24 09:51:31,8411.211,62838700.000,71.010,69.010
18/07/24 09:51:32,6829.228,62245320.000,72.992,70.992
18/07/24 09:51:33,10636.128,62770168.000,79.971,67.975
18/07/24 09:51:34,6132.201,62369384.000,87.031,65.023
18/07/24 09:51:35,5369.259,62116932.000,76.989,63.991
18/07/24 09:51:36,10351.791,63477224.000,71.012,64.011
18/07/24 09:51:37,6539.261,62059836.000,72.992,59.993
18/07/24 09:51:38,9401.306,63363060.000,84.308,67.642
18/07/24 09:51:39,7237.220,62126820.000,85.744,75.537
18/07/24 09:51:40,10338.770,63456220.000,84.003,70.156
18/07/24 09:51:41,7220.539,62117576.000,71.987,55.627
18/07/24 09:51:42,8878.384,63456040.000,87.984,59.989
18/07/24 09:51:43,7722.224,62159588.000,75.022,63.018
18/07/24 09:51:44,9396.082,63452552.000,71.970,60.975
18/07/24 09:51:45,4140.335,62049364.000,77.006,61.005
18/07/24 09:51:46,9749.405,63376132.000,86.995,64.996
18/07/24 09:51:47,6340.323,62044136.000,67.003,61.003
18/07/24 09:51:48,10131.803,62906404.000,73.013,57.010
18/07/24 09:51:49,6129.203,62169588.000,71.991,59.992
18/07/24 09:51:50,10518.643,63441452.000,70.991,56.993
18/07/24 09:51:51,7690.534,62095812.000,71.405,60.791
18/07/24 09:51:52,10265.917,63275848.000,96.535,66.433
18/07/24 09:51:53,7036.763,62360336.000,74.966,58.973
18/07/24 09:51:54,9092.701,63451248.000,79.235,63.775
18/07/24 09:51:55,1638.158,62036652.000,66.356,59.098
18/07/24 09:51:56,9169.459,62811656.000,78.995,67.996
18/07/24 09:51:57,7280.102,63450092.000,83.001,62.001
18/07/24 09:51:58,2369.623,62032608.000,71.989,56.991
18/07/24 09:51:59,10069.517,62786848.000,66.997,59.997
18/07/24 09:52:00,6247.376,63145632.000,68.971,58.975
18/07/24 09:52:01,9955.137,63440112.000,65.034,55.028
18/07/24 09:52:02,6570.118,62043480.000,73.001,63.001
18/07/24 09:52:03,9869.053,63034416.000,71.993,59.994
18/07/24 09:52:04,5310.589,62049328.000,70.008,63.007
18/07/24 09:52:05,10326.861,63146712.000,71.978,60.981
18/07/24 09:52:06,7100.178,62051468.000,68.002,60.002
18/07/24 09:52:07,10531.285,62860312.000,77.009,64.008
18/07/24 09:52:08,5479.370,62051392.000,71.992,60.993
18/07/24 09:52:09,3929.608,62054396.000,63.257,56.548
18/07/24 09:52:10,10875.555,63469500.000,75.292,64.835
18/07/24 09:52:11,7948.657,62056868.000,71.988,62.989
18/07/24 09:52:12,9640.559,63465068.000,78.005,65.004
18/07/24 09:52:13,5307.734,62059456.000,65.972,51.978
18/07/24 09:52:14,11250.180,63119420.000,72.001,59.001
18/07/24 09:52:15,2640.454,62052552.000,69.012,59.010
18/07/24 09:52:16,8929.911,62599196.000,70.999,59.999
18/07/24 09:52:17,7982.411,63472584.000,68.021,57.017
18/07/24 09:52:18,9588.082,62735508.000,86.983,63.987
18/07/24 09:52:19,6090.292,63457924.000,69.003,58.003
18/07/24 09:52:20,3789.894,62052716.000,67.998,58.998
18/07/24 09:52:21,10054.145,63426868.000,67.893,57.909
18/07/24 09:52:22,7934.488,62055172.000,81.148,67.123
18/07/24 09:52:23,9473.315,63462836.000,86.758,63.097
18/07/24 09:52:24,8123.760,62044052.000,73.323,61.685
18/07/24 09:52:25,10117.845,63183720.000,81.611,61.946
18/07/24 09:52:26,8678.604,62252040.000,81.394,65.115
18/07/24 09:52:27,8489.686,63451488.000,77.997,60.998
18/07/24 09:52:28,7981.548,62457408.000,81.016,64.012
18/07/24 09:52:29,8277.360,63467540.000,78.975,58.981
18/07/24 09:52:30,2460.027,62043268.000,74.001,56.001
18/07/24 09:52:31,8451.031,62820744.000,63.008,59.007
18/07/24 09:52:32,6870.165,63386716.000,74.002,67.002
18/07/24 09:52:33,9221.457,62576084.000,67.011,56.009
18/07/24 09:52:34,5637.638,62044372.000,80.966,62.974
18/07/24 09:52:35,10203.653,62976492.000,84.030,73.026
18/07/24 09:52:36,5858.699,62529232.000,75.983,63.986
18/07/24 09:52:37,10343.641,63035108.000,71.025,65.023
18/07/24 09:52:38,6629.755,62058312.000,72.997,65.998
18/07/24 09:52:39,10529.442,63067828.000,75.996,65.997
18/07/24 09:52:40,7945.082,62051244.000,88.279,66.437
18/07/24 09:52:41,10153.636,63289592.000,90.994,65.472
18/07/24 09:52:42,6919.758,62050416.000,69.998,62.998
18/07/24 09:52:43,9547.365,62760052.000,63.982,53.985
18/07/24 09:52:44,7292.275,62044024.000,70.022,62.019
18/07/24 09:52:45,10559.662,63326940.000,70.998,59.998
18/07/24 09:52:46,4119.020,62044952.000,66.984,60.985
18/07/24 09:52:47,5270.269,62880044.000,75.004,54.003
18/07/24 09:52:48,9980.519,63463916.000,73.004,58.003
18/07/24 09:52:49,2589.710,62044512.000,56.994,47.995
18/07/24 09:52:50,9267.498,62767452.000,75.979,59.984
18/07/24 09:52:51,8714.409,63475904.000,68.034,59.030
18/07/24 09:52:52,10506.585,63030228.000,87.971,63.979
18/07/24 09:52:53,6870.529,62510552.000,81.313,63.041
18/07/24 09:52:54,10327.486,62565092.000,70.691,56.332
18/07/24 09:52:55,8080.945,63461500.000,74.009,60.007
18/07/24 09:52:56,10358.684,62717664.000,79.990,61.992
18/07/24 09:52:57,6598.667,62056112.000,71.985,57.988
18/07/24 09:52:58,10305.008,63193200.000,78.038,61.030
18/07/24 09:52:59,5698.154,62049964.000,69.977,58.981
18/07/24 09:53:00,10382.710,62911900.000,68.018,56.015
18/07/24 09:53:01,5748.919,62051028.000,66.987,56.989
18/07/24 09:53:02,9829.558,62972768.000,77.996,62.997
18/07/24 09:53:03,7011.627,62056856.000,71.016,58.013
18/07/24 09:53:04,9620.462,63461000.000,76.004,56.003
18/07/24 09:53:05,4458.934,62067032.000,75.982,61.985
18/07/24 09:53:06,10432.660,62847924.000,70.018,55.014
18/07/24 09:53:07,6410.372,62171604.000,68.004,58.003
18/07/24 09:53:08,5549.068,62154104.000,65.870,56.888
18/07/24 09:53:09,8708.858,63487120.000,73.220,62.022
18/07/24 09:53:10,8933.210,62555552.000,77.628,68.074
18/07/24 09:53:11,8787.961,63471328.000,71.983,73.983
18/07/24 09:53:12,7467.558,62347084.000,77.975,61.980
18/07/24 09:53:13,8731.414,63478776.000,78.013,54.009
18/07/24 09:53:14,7221.329,62433592.000,68.013,54.010
18/07/24 09:53:15,8488.888,63469436.000,72.990,57.992
18/07/24 09:53:16,8600.060,62488696.000,73.001,62.000
18/07/24 09:53:17,7198.467,63485076.000,73.984,55.988
18/07/24 09:53:18,8641.046,63186296.000,85.010,59.007
18/07/24 09:53:19,7347.913,63472956.000,65.981,51.985
18/07/24 09:53:20,9211.584,62910152.000,77.013,61.010
18/07/24 09:53:21,7804.160,63315616.000,77.041,58.031
18/07/24 09:53:22,10458.609,62639908.000,77.990,62.992
18/07/24 09:53:23,6796.410,62861788.000,74.322,61.786
18/07/24 09:53:24,10091.777,62768872.000,77.019,60.030
18/07/24 09:53:25,6295.523,62071152.000,75.819,63.040
18/07/24 09:53:26,12548.585,62687340.000,78.656,61.714
18/07/24 09:53:27,5067.451,62086848.000,65.967,56.971
18/07/24 09:53:28,5673.001,62274732.000,71.038,61.032
18/07/24 09:53:29,9289.387,63506788.000,68.995,62.996
18/07/24 09:53:30,7777.682,62314756.000,86.974,63.981
18/07/24 09:53:31,8972.324,63498232.000,80.021,58.015
18/07/24 09:53:32,7039.993,62348524.000,71.000,63.000
18/07/24 09:53:33,8779.991,63492004.000,70.000,63.000
18/07/24 09:53:34,7931.793,62608508.000,74.017,63.014
18/07/24 09:53:35,8311.888,63492940.000,78.923,70.931
18/07/24 09:53:36,10106.175,62432940.000,83.051,68.042
18/07/24 09:53:37,7793.359,63512908.000,75.032,62.027
18/07/24 09:53:38,2734.869,62101184.000,65.856,55.795
18/07/24 09:53:39,9977.740,62758988.000,70.561,59.536
18/07/24 09:53:40,7659.076,62091188.000,72.645,60.986
18/07/24 09:53:41,11111.362,63090860.000,72.343,59.909
18/07/24 09:53:42,6468.176,62085232.000,72.979,69.980
18/07/24 09:53:43,9719.951,62991344.000,72.000,59.000
18/07/24 09:53:44,6640.438,62525572.000,78.005,61.004
18/07/24 09:53:45,9726.849,63483852.000,65.979,56.982
18/07/24 09:53:46,8432.563,62083964.000,67.020,58.018
18/07/24 09:53:47,9951.801,63189200.000,70.013,68.012
18/07/24 09:53:48,5658.749,62087104.000,72.984,58.987
18/07/24 09:53:49,10240.328,63325244.000,78.002,64.002
18/07/24 09:53:50,7890.047,62081420.000,74.000,59.000
18/07/24 09:53:51,10011.862,63153184.000,68.013,62.012
18/07/24 09:53:52,4489.888,62085344.000,71.998,60.998
18/07/24 09:53:53,10068.963,63032696.000,73.992,63.993
18/07/24 09:53:54,5059.475,62079516.000,70.620,61.913
18/07/24 09:53:55,7327.152,62387472.000,69.339,58.990
18/07/24 09:53:56,10501.292,63497988.000,?,65.008
18/07/24 09:53:57,9006.632,62615624.000,68.974,62.976
18/07/24 09:53:58,8683.543,63493224.000,66.027,63.026
18/07/24 09:53:59,7179.009,62581608.000,70.990,59.992
18/07/24 09:54:00,9085.802,63502072.000,76.964,66.969
18/07/24 09:54:01,6859.053,62600700.000,79.989,64.991
18/07/24 09:54:02,8822.126,63506664.000,78.019,66.016
18/07/24 09:54:03,8080.727,63077688.000,66.006,62.006
18/07/24 09:54:04,9070.726,63499772.000,69.006,62.005
18/07/24 09:54:05,3840.330,62092368.000,70.006,58.005
18/07/24 09:54:06,10542.298,63167228.000,77.017,64.014
18/07/24 09:54:07,7860.558,62102412.000,77.005,67.005
18/07/24 09:54:08,9525.324,63317740.000,84.156,72.134
18/07/24 09:54:09,6954.587,62749876.000,89.245,64.213
18/07/24 09:54:10,10178.168,63505996.000,70.319,65.811
18/07/24 09:54:11,7185.287,62256968.000,67.362,62.871
18/07/24 09:54:12,10160.020,63514992.000,75.000,68.000
18/07/24 09:54:13,6668.106,62155308.000,78.978,61.982
18/07/24 09:54:14,9182.534,63316396.000,84.023,66.018
18/07/24 09:54:15,7080.057,62244060.000,73.001,61.000
18/07/24 09:54:16,9090.082,63415976.000,64.001,64.001
18/07/24 09:54:17,7399.637,62322136.000,73.996,63.997
18/07/24 09:54:18,8879.911,63483344.000,76.999,67.999
18/07/24 09:54:19,2749.610,62082324.000,75.989,56.992
18/07/24 09:54:20,9899.970,62997504.000,100.000,64.000
18/07/24 09:54:21,5854.818,62084008.000,71.054,61.580
18/07/24 09:54:22,10622.619,63077008.000,74.062,62.424
18/07/24 09:54:23,6104.621,62079880.000,73.055,63.048
18/07/24 09:54:24,10391.663,63483148.000,71.011,66.011
18/07/24 09:54:25,8092.688,62316396.000,75.681,66.221
18/07/24 09:54:26,10726.422,63491960.000,70.474,69.280
18/07/24 09:54:27,4148.594,62076548.000,70.976,57.980
18/07/24 09:54:28,4070.778,62080552.000,58.011,50.010
18/07/24 09:54:29,9910.287,63208876.000,70.002,63.002
18/07/24 09:54:30,6700.255,62177680.000,69.003,62.002
18/07/24 09:54:31,10296.180,63489072.000,73.973,68.974
18/07/24 09:54:32,6151.846,62190976.000,79.024,67.020
18/07/24 09:54:33,9430.170,63485020.000,90.002,64.001
18/07/24 09:54:34,2529.535,62066420.000,67.987,57.989
18/07/24 09:54:35,10021.443,62710144.000,71.010,63.009
18/07/24 09:54:36,7321.062,63495772.000,70.010,63.009
18/07/24 09:54:37,12219.157,63151008.000,79.994,66.995
18/07/24 09:54:38,5427.525,62092488.000,81.963,66.969
18/07/24 09:54:39,10253.701,63025384.000,71.497,56.674
18/07/24 09:54:40,6158.025,62675924.000,75.069,60.994
18/07/24 09:54:41,10174.089,63004968.000,77.955,60.965
18/07/24 09:54:42,6061.030,62092408.000,74.013,62.011
18/07/24 09:54:43,8372.512,62807176.000,84.025,60.018
18/07/24 09:54:44,6627.647,63506136.000,88.968,57.979
18/07/24 09:54:45,9622.155,62678772.000,86.019,58.013
18/07/24 09:54:46,5498.323,63491864.000,73.977,54.983
18/07/24 09:54:47,9944.455,62751760.000,73.033,67.030
18/07/24 09:54:48,6369.790,62964676.000,71.998,61.998
18/07/24 09:54:49,9541.050,63090908.000,72.008,69.008
18/07/24 09:54:50,7067.533,62109268.000,80.972,65.977
18/07/24 09:54:51,10254.091,63505392.000,81.032,63.025
18/07/24 09:54:52,7588.035,62099252.000,77.980,65.983
18/07/24 09:54:53,9715.409,63332432.000,73.561,67.281
18/07/24 09:54:54,7129.428,62213892.000,70.051,64.402
18/07/24 09:54:55,11001.295,63496232.000,78.381,74.648
18/07/24 09:54:56,6784.545,63500192.000,74.307,76.461
18/07/24 09:54:57,6710.450,62299656.000,79.005,59.004
18/07/24 09:54:58,8969.139,63492164.000,69.993,59.994
18/07/24 09:54:59,7411.957,63107748.000,71.019,61.016
18/07/24 09:55:00,8199.524,63491988.000,71.996,62.996
18/07/24 09:55:01,4898.922,62088552.000,90.980,63.986
18/07/24 09:55:02,9439.792,63503828.000,99.998,61.999
18/07/24 09:55:03,6590.633,62494168.000,74.007,60.006
18/07/24 09:55:04,10389.636,63496452.000,73.997,57.998
18/07/24 09:55:05,3370.145,62082844.000,71.003,58.002
18/07/24 09:55:06,7931.943,62545164.000,85.021,65.016
18/07/24 09:55:07,9946.479,63509116.000,90.968,65.977
18/07/24 09:55:08,8188.934,62352312.000,84.512,64.113
18/07/24 09:55:09,8945.254,63515348.000,73.170,63.895
18/07/24 09:55:10,8278.626,62341084.000,76.987,61.990
18/07/24 09:55:11,9271.882,63504856.000,81.016,66.013
18/07/24 09:55:12,7728.215,62477576.000,70.984,58.986
18/07/24 09:55:13,7911.606,63512896.000,68.014,57.012
18/07/24 09:55:14,8779.895,62958692.000,82.999,65.999
18/07/24 09:55:15,7179.124,63520264.000,72.991,62.992
18/07/24 09:55:16,1199.706,62102544.000,66.984,54.987
18/07/24 09:55:17,9644.417,63133492.000,71.033,66.030
18/07/24 09:55:18,6699.960,62096452.000,76.000,63.000
18/07/24 09:55:19,10369.399,63269576.000,79.995,67.996
18/07/24 09:55:20,8499.873,62503780.000,72.999,63.999
18/07/24 09:55:21,9100.701,63510340.000,80.006,66.005
18/07/24 09:55:22,8098.550,62601864.000,72.987,65.988
18/07/24 09:55:23,8441.013,63518232.000,72.009,66.008
18/07/24 09:55:24,8403.001,63131268.000,79.377,65.691
18/07/24 09:55:25,9168.873,63520252.000,87.375,64.149
18/07/24 09:55:26,8510.774,62440904.000,94.009,64.006
18/07/24 09:55:27,6828.750,63528340.000,73.986,58.989
18/07/24 09:55:28,6141.044,62290992.000,69.012,59.010
18/07/24 09:55:29,9770.752,63488612.000,73.006,65.005
18/07/24 09:55:30,3729.441,62127488.000,69.990,62.991
18/07/24 09:55:31,10379.045,63093432.000,74.993,67.994
18/07/24 09:55:32,7020.618,62128624.000,75.007,73.006
18/07/24 09:55:33,10780.183,63099452.000,72.001,54.001
18/07/24 09:55:34,6158.873,62105692.000,68.987,57.989
18/07/24 09:55:35,9619.154,63100156.000,71.994,58.995
18/07/24 09:55:36,7402.946,62119724.000,78.031,65.026
18/07/24 09:55:37,10520.484,63294308.000,83.004,58.003
18/07/24 09:55:38,6694.475,62420136.000,86.634,64.976
18/07/24 09:55:39,10368.707,63526512.000,71.328,62.630
18/07/24 09:55:40,2571.460,62111240.000,68.650,57.014
18/07/24 09:55:41,7650.097,62413000.000,72.809,64.605
18/07/24 09:55:42,9779.922,63530504.000,67.999,62.999
18/07/24 09:55:43,7599.711,62317232.000,71.997,63.998
18/07/24 09:55:44,9129.881,63517656.000,80.999,63.999
18/07/24 09:55:45,7148.978,62271524.000,72.990,59.991
18/07/24 09:55:46,8767.826,63518200.000,72.982,62.984
18/07/24 09:55:47,1939.889,62110604.000,65.996,59.997
18/07/24 09:55:48,10424.848,62851104.000,79.037,65.030
18/07/24 09:55:49,7178.055,62107676.000,85.977,66.982
18/07/24 09:55:50,10300.721,63141756.000,84.006,57.004
18/07/24 09:55:51,6642.245,62104748.000,69.023,58.020
18/07/24 09:55:52,10879.108,63514304.000,79.993,69.994
18/07/24 09:55:53,7437.389,62106856.000,72.582,68.997
18/07/24 09:55:54,9950.823,62987252.000,76.893,61.062
18/07/24 09:55:55,8103.906,62194896.000,94.045,63.030
18/07/24 09:55:56,9209.797,63426492.000,90.998,63.999
18/07/24 09:55:57,4728.506,62382320.000,69.978,56.982
18/07/24 09:55:58,9731.304,63524240.000,70.009,59.008
18/07/24 09:55:59,7530.128,62109088.000,75.001,62.001
18/07/24 09:56:00,9630.433,63213908.000,79.004,58.003
18/07/24 09:56:01,6689.472,62116964.000,69.994,62.995
18/07/24 09:56:02,9540.448,63274796.000,74.003,66.003
18/07/24 09:56:03,7318.558,62179016.000,70.986,54.989
18/07/24 09:56:04,9429.943,63320836.000,69.000,51.000
18/07/24 09:56:05,5470.323,62143528.000,75.004,61.004
18/07/24 09:56:06,10359.254,63529832.000,70.995,62.995
18/07/24 09:56:07,4600.354,62114548.000,80.006,62.005
18/07/24 09:56:08,7740.008,62754648.000,88.000,62.000
18/07/24 09:56:09,7509.880,63532164.000,69.999,61.999
18/07/24 09:56:10,10118.996,62980184.000,80.403,63.734
18/07/24 09:56:11,7090.238,62115064.000,77.534,64.271
18/07/24 09:56:12,9720.350,62838884.000,85.003,64.002
18/07/24 09:56:13,6741.342,62113776.000,86.017,66.013
18/07/24 09:56:14,9935.738,62933404.000,73.968,61.973
18/07/24 09:56:15,6152.720,62115152.000,70.031,65.029
18/07/24 09:56:16,10066.215,63203252.000,70.973,62.976
18/07/24 09:56:17,5610.864,62113412.000,77.012,62.010
18/07/24 09:56:18,9927.181,62868664.000,83.976,61.982
18/07/24 09:56:19,5180.751,62996212.000,76.011,59.009
18/07/24 09:56:20,6420.636,62311416.000,71.007,60.006
18/07/24 09:56:21,9962.819,63526248.000,78.022,66.019
18/07/24 09:56:22,2539.505,62109688.000,71.986,59.988
18/07/24 09:56:23,9109.891,63361548.000,75.999,62.999
18/07/24 09:56:24,8077.165,63333596.000,88.115,63.638
18/07/24 09:56:25,9883.392,62940780.000,84.832,65.412
18/07/24 09:56:26,7509.444,63288708.000,68.995,62.995
18/07/24 09:56:27,7828.880,62442348.000,75.989,62.991
18/07/24 09:56:28,8058.912,63524616.000,71.990,57.992
18/07/24 09:56:29,8402.823,63204592.000,73.025,66.022
18/07/24 09:56:30,8198.041,63516456.000,75.982,62.985
18/07/24 09:56:31,8471.652,62535772.000,69.013,60.012
18/07/24 09:56:32,8678.421,63526400.000,73.987,64.988
18/07/24 09:56:33,8210.714,62567224.000,66.006,59.005
18/07/24 09:56:34,8329.967,63508208.000,70.000,66.000
18/07/24 09:56:35,3600.385,62511320.000,67.007,59.006
18/07/24 09:56:36,10237.031,63527168.000,70.979,67.980
18/07/24 09:56:37,7004.478,62429456.000,74.834,62.861
18/07/24 09:56:38,10140.825,63535796.000,89.284,64.849
18/07/24 09:56:39,3481.126,62118100.000,64.267,56.769
18/07/24 09:56:40,7546.286,62314060.000,68.871,59.032
18/07/24 09:56:41,9343.789,63515856.000,77.272,63.038
18/07/24 09:56:42,7589.211,62441676.000,85.991,63.993
18/07/24 09:56:43,6738.497,63519360.000,83.981,58.987
18/07/24 09:56:44,8711.324,62985372.000,80.012,58.009
18/07/24 09:56:45,7640.359,63509492.000,66.003,53.002
18/07/24 09:56:46,8609.062,62854732.000,76.992,60.993
18/07/24 09:56:47,7240.167,63517484.000,76.002,58.001
18/07/24 09:56:48,6771.165,62561284.000,81.014,60.010
18/07/24 09:56:49,8099.214,63520116.000,86.992,61.994
18/07/24 09:56:50,5040.464,62107288.000,70.006,57.005
18/07/24 09:56:51,11424.493,63529712.000,75.963,63.969
18/07/24 09:56:52,3502.031,62110108.000,73.042,61.035
18/07/24 09:56:53,6938.487,62360612.000,80.982,61.986
18/07/24 09:56:54,7240.210,63529600.000,85.002,61.002
18/07/24 09:56:55,8528.564,62632488.000,78.394,62.026
18/07/24 09:56:56,8009.096,63515040.000,71.510,57.208
18/07/24 09:56:57,9131.689,62682868.000,74.014,57.011
18/07/24 09:56:58,6949.340,62132800.000,75.993,58.994
18/07/24 09:56:59,9580.623,63292912.000,70.005,54.004
18/07/24 09:57:00,6250.344,62114096.000,88.005,60.003
18/07/24 09:57:01,10456.623,63165692.000,93.970,59.981
18/07/24 09:57:02,6341.015,62116916.000,73.012,60.010
18/07/24 09:57:03,9960.458,63005692.000,73.003,59.003
18/07/24 09:57:04,5309.830,62120096.000,62.998,54.998
18/07/24 09:57:05,10460.669,63014052.000,80.005,60.004
18/07/24 09:57:06,6219.490,62351972.000,87.993,60.995
18/07/24 09:57:07,10360.528,63525612.000,86.004,56.003
18/07/24 09:57:08,7234.065,62127408.000,72.430,61.700
18/07/24 09:57:09,10253.455,63297044.000,78.262,61.249
18/07/24 09:57:10,6748.178,62307524.000,78.979,65.982
18/07/24 09:57:11,9858.186,63539444.000,96.982,64.988
18/07/24 09:57:12,6482.275,62438268.000,90.032,61.021
18/07/24 09:57:13,9379.962,63526072.000,74.000,59.000
18/07/24 09:57:14,7398.602,62620156.000,69.987,55.989
18/07/24 09:57:15,7768.004,63521924.000,72.981,58.985
18/07/24 09:57:16,7471.584,62447320.000,74.016,58.012
18/07/24 09:57:17,7520.316,63521252.000,76.003,58.002
18/07/24 09:57:18,8551.813,62399164.000,77.016,61.013
18/07/24 09:57:19,6078.110,63515408.000,69.978,53.983
18/07/24 09:57:20,9282.079,62651936.000,72.016,58.013
18/07/24 09:57:21,7241.057,63524156.000,77.011,62.009
18/07/24 09:57:22,9860.682,62734068.000,94.910,64.939
18/07/24 09:57:23,6074.609,63033644.000,88.038,65.539
18/07/24 09:57:24,9899.642,62931888.000,88.042,59.377
18/07/24 09:57:25,6801.485,63539836.000,71.490,64.540
18/07/24 09:57:26,10705.980,63071644.000,78.558,67.479
18/07/24 09:57:27,6560.276,62260920.000,66.003,56.002
18/07/24 09:57:28,10230.358,63342592.000,78.003,61.002
18/07/24 09:57:29,6109.646,62511564.000,76.996,61.996
18/07/24 09:57:30,10037.882,63539064.000,71.985,66.986
18/07/24 09:57:31,7191.690,62130584.000,64.015,60.014
18/07/24 09:57:32,11000.726,63544000.000,76.005,72.005
18/07/24 09:57:33,6058.861,62135068.000,72.986,60.989
18/07/24 09:57:34,9861.489,63286476.000,72.011,58.009
18/07/24 09:57:35,6500.416,62161000.000,81.005,61.004
18/07/24 09:57:36,9619.904,63353856.000,91.999,58.999
18/07/24 09:57:37,3359.583,62125488.000,67.992,58.993
18/07/24 09:57:38,5659.062,62440036.000,69.619,55.696
18/07/24 09:57:39,8781.514,63543672.000,78.295,60.501
18/07/24 09:57:40,7696.160,62440788.000,75.813,63.177
18/07/24 09:57:41,8828.685,63547812.000,89.987,67.990
18/07/24 09:57:42,7410.571,62208804.000,81.006,66.005
18/07/24 09:57:43,8367.256,63473296.000,77.974,57.981
18/07/24 09:57:44,6732.228,62988972.000,74.025,57.019
18/07/24 09:57:45,8270.058,63539288.000,82.001,65.000
18/07/24 09:57:46,6930.007,62353104.000,66.000,60.000
18/07/24 09:57:47,8947.906,63518020.000,69.984,63.985
18/07/24 09:57:48,910.018,62120572.000,66.001,58.001
18/07/24 09:57:49,9140.091,62654080.000,71.001,63.001
18/07/24 09:57:50,7150.472,63542172.000,72.005,61.004
18/07/24 09:57:51,9537.358,62586252.000,72.980,62.983
18/07/24 09:57:52,8664.722,63536620.000,75.041,66.036
18/07/24 09:57:53,9919.385,63257976.000,71.996,65.996
18/07/24 09:57:54,6937.392,62459512.000,72.818,65.930
18/07/24 09:57:55,10065.344,63474704.000,78.277,66.365
18/07/24 09:57:56,5775.657,62255948.000,84.100,64.311
18/07/24 09:57:57,9631.088,62705520.000,78.009,56.006
18/07/24 09:57:58,4929.443,62213580.000,71.992,58.993
18/07/24 09:57:59,8361.430,62854108.000,72.012,55.009
18/07/24 09:58:00,7749.636,63554572.000,86.996,61.997
18/07/24 09:58:01,7770.824,62523404.000,91.010,60.006
18/07/24 09:58:02,9897.733,63545268.000,89.979,66.985
18/07/24 09:58:03,7989.073,62767672.000,68.992,51.994
18/07/24 09:58:04,6732.632,62133512.000,76.030,56.022
18/07/24 09:58:05,8207.390,62829980.000,71.977,61.980
18/07/24 09:58:06,7764.044,63558888.000,72.911,59.117
18/07/24 09:58:07,9696.938,63457432.000,87.323,63.969
18/07/24 09:58:08,6111.369,62143088.000,79.026,63.221
18/07/24 09:58:09,1045.748,62146720.000,63.846,55.039
18/07/24 09:58:10,10273.825,62678936.000,77.657,62.965
18/07/24 09:58:11,7100.767,63572020.000,78.008,66.007
18/07/24 09:58:12,3669.714,62156200.000,79.994,60.995
18/07/24 09:58:13,9758.702,63013176.000,81.989,59.992
18/07/24 09:58:14,4289.515,62150444.000,68.992,60.993
18/07/24 09:58:15,4120.771,62155224.000,65.012,58.011
18/07/24 09:58:16,10636.118,63202780.000,67.975,63.977
18/07/24 09:58:17,6203.331,62224868.000,68.037,57.031
18/07/24 09:58:18,10281.758,63539952.000,84.014,64.011
18/07/24 09:58:19,2728.178,62137900.000,74.950,56.962
18/07/24 09:58:20,6633.237,62314688.000,82.040,56.027
18/07/24 09:58:21,8920.776,63506448.000,70.006,56.005
18/07/24 09:58:22,8278.311,62370944.000,75.984,67.986
18/07/24 09:58:23,8801.182,63561728.000,78.399,67.199
18/07/24 09:58:24,7045.040,62464332.000,74.254,62.482
18/07/24 09:58:25,9622.759,63462236.000,78.875,61.887
18/07/24 09:58:26,7709.352,62798276.000,75.994,66.994
18/07/24 09:58:27,9727.053,63559980.000,69.979,59.982
18/07/24 09:58:28,5732.281,62158048.000,63.025,53.021
18/07/24 09:58:29,9869.812,63296348.000,68.999,60.999
18/07/24 09:58:30,6769.939,62302096.000,67.999,61.999
18/07/24 09:58:31,9190.588,63554640.000,69.004,65.004
18/07/24 09:58:32,6989.581,62357648.000,82.995,62.996
18/07/24 09:58:33,9195.568,63565288.000,88.957,66.968
18/07/24 09:58:34,4391.748,62557212.000,68.027,59.023
18/07/24 09:58:35,9630.250,63559320.000,69.002,60.002
18/07/24 09:58:36,2819.589,62149356.000,71.202,59.809
18/07/24 09:58:37,7647.957,62213280.000,66.550,53.874
18/07/24 09:58:38,9121.521,63485896.000,75.558,65.544
18/07/24 09:58:39,7718.151,62412044.000,73.874,63.950
18/07/24 09:58:40,9508.962,63554856.000,75.388,64.331
18/07/24 09:58:41,3271.001,62145084.000,73.022,64.020
18/07/24 09:58:42,10708.426,63016412.000,73.989,62.991
18/07/24 09:58:43,4879.761,62146724.000,72.996,60.997
18/07/24 09:58:44,8440.574,62860796.000,72.005,62.004
18/07/24 09:58:45,8190.147,63559704.000,79.001,64.001
18/07/24 09:58:46,1010.000,62135984.000,67.000,54.000
18/07/24 09:58:47,8291.401,62863824.000,65.011,56.009
18/07/24 09:58:48,7570.386,63552284.000,69.004,61.003
18/07/24 09:58:49,4339.913,62214208.000,65.999,54.999
18/07/24 09:58:50,9940.099,63555112.000,71.001,57.001
18/07/24 09:58:51,3499.521,62144432.000,74.990,59.992
18/07/24 09:58:52,5871.870,62152068.000,70.228,57.548
18/07/24 09:58:53,10021.331,63308704.000,72.016,62.887
18/07/24 09:58:54,5520.762,62141976.000,68.757,60.668
18/07/24 09:58:55,9961.086,63087400.000,75.008,60.007
18/07/24 09:58:56,5360.574,62144080.000,71.008,62.007
18/07/24 09:58:57,9839.813,63196680.000,78.998,60.999
18/07/24 09:58:58,6207.232,62147016.000,84.962,61.972
18/07/24 09:58:59,9134.238,63229196.000,64.030,53.025
18/07/24 09:59:00,5698.399,62182776.000,65.981,58.983
18/07/24 09:59:01,9991.439,63542280.000,75.011,65.009
18/07/24 09:59:02,5439.309,62195128.000,78.990,63.992
18/07/24 09:59:03,10061.771,63555788.000,92.016,64.011
18/07/24 09:59:04,7577.318,62147036.000,83.970,63.977
18/07/24 09:59:05,9639.634,63559564.000,77.997,56.998
18/07/24 09:59:06,7031.758,62146116.000,77.019,63.016
18/07/24 09:59:07,10492.350,63549840.000,74.017,64.014
18/07/24 09:59:08,2749.579,62130440.000,68.989,57.991
18/07/24 09:59:09,7001.484,62865040.000,86.018,66.014
18/07/24 09:59:10,9487.261,63548720.000,76.735,61.911
18/07/24 09:59:11,7630.420,63099360.000,71.499,62.122
18/07/24 09:59:12,8940.036,63544552.000,77.000,67.000
18/07/24 09:59:13,1910.036,62126652.000,72.001,61.001
18/07/24 09:59:14,9190.864,62569720.000,76.007,62.006
18/07/24 09:59:15,7778.717,63546236.000,72.988,60.990
18/07/24 09:59:16,6948.145,62450432.000,71.981,61.983
18/07/24 09:59:17,8009.608,63549076.000,61.997,57.997
18/07/24 09:59:18,7951.646,62471316.000,73.015,60.012
18/07/24 09:59:19,7788.380,63536076.000,66.986,55.988
18/07/24 09:59:20,7251.806,62411528.000,85.021,61.015
18/07/24 09:59:21,8740.935,63549680.000,86.009,63.007
18/07/24 09:59:22,8799.076,62499264.000,81.991,63.993
18/07/24 09:59:23,6453.866,63133072.000,69.231,63.077
18/07/24 09:59:24,10460.688,63289396.000,77.441,73.753
18/07/24 09:59:25,10128.375,63549248.000,74.440,76.696
18/07/24 09:59:26,8679.228,62418352.000,72.994,81.993
18/07/24 09:59:27,8800.255,63538860.000,81.002,68.002
18/07/24 09:59:28,6888.340,62369448.000,71.983,59.986
18/07/24 09:59:29,8442.060,63549256.000,72.018,62.015
18/07/24 09:59:30,7280.167,62383476.000,69.002,62.001
18/07/24 09:59:31,9437.659,63540768.000,69.983,60.985
18/07/24 09:59:32,7991.526,63044168.000,74.014,65.012
18/07/24 09:59:33,9441.256,63558920.000,73.010,67.009
18/07/24 09:59:34,7980.215,62441884.000,74.002,67.002
18/07/24 09:59:35,9139.525,63568828.000,66.997,63.997
18/07/24 09:59:36,8541.315,62409768.000,74.011,66.010
18/07/24 09:59:37,8629.336,63550868.000,67.995,61.995
18/07/24 09:59:38,7720.401,62644628.000,76.004,70.004
18/07/24 09:59:39,8178.677,63560288.000,74.889,67.006
18/07/24 09:59:40,9511.937,63107512.000,92.378,70.045
18/07/24 09:59:41,7299.810,62853044.000,84.998,63.998
18/07/24 09:59:42,7638.213,62631336.000,65.985,62.985
18/07/24 09:59:43,9359.513,63551800.000,70.996,68.996
18/07/24 09:59:44,7852.073,63089000.000,70.018,63.017
18/07/24 09:59:45,9498.157,63560692.000,81.984,69.986
18/07/24 09:59:46,8299.643,62849248.000,75.997,63.997
18/07/24 09:59:47,6849.705,63563496.000,78.997,65.997
18/07/24 09:59:48,8839.806,62927900.000,71.998,64.999
18/07/24 09:59:49,8482.519,63558444.000,71.021,63.019
18/07/24 09:59:50,8221.315,62507976.000,86.014,65.010
18/07/24 09:59:51,5999.418,63565784.000,71.993,64.994
18/07/24 09:59:52,3621.366,62153828.000,76.396,67.467
18/07/24 09:59:53,10209.851,62998044.000,84.662,71.560
18/07/24 09:59:54,5607.988,62158660.000,77.352,65.749
18/07/24 09:59:55,11090.481,62910392.000,75.593,64.203
18/07/24 09:59:56,5387.333,62657536.000,74.963,63.968
18/07/24 09:59:57,9712.399,63564212.000,73.018,64.016
18/07/24 09:59:58,7550.498,62148920.000,88.006,64.004
18/07/24 09:59:59,9701.552,62839596.000,71.011,68.011
18/07/24 10:00:00,6779.810,62911908.000,70.998,63.998
18/07/24 10:00:01,10169.217,63203896.000,68.995,63.995
18/07/24 10:00:02,6800.258,62188964.000,69.003,67.003
18/07/24 10:00:03,9931.063,63563336.000,76.008,65.007
18/07/24 10:00:04,6157.660,62155888.000,70.973,61.976
18/07/24 10:00:05,8081.980,62396976.000,74.018,64.016
18/07/24 10:00:06,9261.871,63574236.000,83.017,63.013
18/07/24 10:00:07,2069.578,62153392.000,68.986,54.989
18/07/24 10:00:08,9084.041,62861924.000,68.982,61.502
18/07/24 10:00:09,7845.471,63570460.000,79.082,67.785
18/07/24 10:00:10,9538.884,63028832.000,74.991,69.992
18/07/24 10:00:11,7136.653,63564912.000,68.968,65.969
18/07/24 10:00:12,9594.215,62718028.000,78.952,66.960
18/07/24 10:00:13,6914.190,63567796.000,80.049,64.039
18/07/24 10:00:14,9309.367,62758360.000,72.995,61.996
18/07/24 10:00:15,6692.563,63485280.000,74.028,66.025
18/07/24 10:00:16,9465.542,63006404.000,75.964,62.970
18/07/24 10:00:17,5070.558,62160488.000,68.007,59.006
18/07/24 10:00:18,9273.283,62661260.000,76.027,63.022
18/07/24 10:00:19,6888.581,63575212.000,76.984,58.988
18/07/24 10:00:20,8469.543,62609568.000,75.996,66.996
18/07/24 10:00:21,8102.674,63560520.000,67.022,58.019
18/07/24 10:00:22,9230.600,62795232.000,78.005,63.004
18/07/24 10:00:23,7409.837,63270248.000,86.911,65.407
18/07/24 10:00:24,5350.328,62257044.000,75.787,61.082
18/07/24 10:00:25,10750.000,63427088.000,75.000,62.000
18/07/24 10:00:26,8710.819,62181592.000,78.007,67.006
18/07/24 10:00:27,10127.063,63435884.000,72.979,56.983
18/07/24 10:00:28,7546.627,62498644.000,73.967,59.973
18/07/24 10:00:29,8844.484,63576244.000,71.036,60.030
18/07/24 10:00:30,7961.067,62403348.000,75.010,63.008
18/07/24 10:00:31,7257.054,63555908.000,68.972,58.976
18/07/24 10:00:32,9031.879,63062516.000,74.015,64.013
18/07/24 10:00:33,7449.464,63567712.000,67.995,61.996
18/07/24 10:00:34,9009.486,62916888.000,72.996,59.997
18/07/24 10:00:35,7212.575,63575852.000,72.026,63.022
18/07/24 10:00:36,9998.090,62675512.000,75.985,65.987
18/07/24 10:00:37,9143.557,63591444.000,75.029,63.025
18/07/24 10:00:38,2269.387,62180960.000,75.979,62.983
18/07/24 10:00:39,10461.611,63414720.000,84.013,66.010
18/07/24 10:00:40,6928.691,62608856.000,73.564,62.444
18/07/24 10:00:41,10603.548,63587780.000,79.436,62.586
18/07/24 10:00:42,6779.715,62229176.000,75.997,61.997
18/07/24 10:00:43,9741.042,63593172.000,77.008,55.006
18/07/24 10:00:44,7107.839,62185980.000,70.978,58.982
18/07/24 10:00:45,9511.474,63323728.000,83.013,63.010
18/07/24 10:00:46,4469.911,62184224.000,71.999,60.999
18/07/24 10:00:47,10028.616,63404596.000,70.990,52.993
18/07/24 10:00:48,5421.816,62168332.000,73.024,57.019
18/07/24 10:00:49,10114.791,62875272.000,77.960,59.969
18/07/24 10:00:50,5771.570,63312856.000,71.019,59.016
18/07/24 10:00:51,1650.081,62186648.000,69.003,60.003
18/07/24 10:00:52,2039.580,62185100.000,68.986,57.988
18/07/24 10:00:53,1100.105,62179892.000,62.006,57.005
18/07/24 10:00:54,1690.750,62175072.000,63.515,56.358
18/07/24 10:00:55,1167.563,62172848.000,69.147,58.945
18/07/24 10:00:56,2200.625,62168720.000,68.019,59.017
18/07/24 10:00:57,1469.553,62173252.000,63.981,53.984
18/07/24 10:00:58,550.054,62176892.000,62.006,55.005
18/07/24 10:00:59,1330.051,62175340.000,64.002,54.002
18/07/24 10:01:00,1039.889,62171572.000,60.993,52.994
18/07/24 10:01:01,949.898,62170668.000,55.994,46.995
18/07/24 10:01:02,970.079,62172484.000,68.006,58.005
18/07/24 10:01:03,1000.048,62171656.000,64.003,56.003
18/07/24 10:01:04,1570.083,62175784.000,69.004,59.003
18/07/24 10:01:05,999.934,62176976.000,59.996,52.997
18/07/24 10:01:06,1540.046,62172264.000,65.002,56.002
18/07/24 10:01:07,2460.145,62175240.000,69.004,56.003
18/07/24 10:01:08,1349.746,62173048.000,63.988,55.989
18/07/24 10:01:09,1060.244,62170044.000,60.014,52.012
18/07/24 10:01:10,1779.833,62173304.000,68.994,59.994
