18/07/24 12:53:10,?,60024396.000,?,?
18/07/24 12:53:11,71185.631,56088028.000,101.393,91.354
18/07/24 12:53:12,70728.274,50865380.000,115.225,105.206
18/07/24 12:53:13,72689.851,45774904.000,129.627,126.658
18/07/24 12:53:14,69175.314,38650132.000,137.221,129.149
18/07/24 12:53:15,57083.295,30095796.000,137.176,132.170
18/07/24 12:53:16,22415.329,12752224.000,144.927,124.637
18/07/24 12:53:17,3066.674,12739628.000,76.667,68.804
18/07/24 12:53:18,12979.047,13290020.000,95.512,83.838
18/07/24 12:53:19,23368.752,14193256.000,100.779,90.801
18/07/24 12:53:20,23750.016,15505864.000,139.850,130.036
18/07/24 12:53:21,20176.746,16234748.000,177.296,163.561
18/07/24 12:53:22,21282.782,16987572.000,177.101,163.792
18/07/24 12:53:23,24741.699,18801456.000,175.806,159.238
18/07/24 12:53:24,21943.879,20535212.000,177.335,169.038
18/07/24 12:53:25,24715.335,22033332.000,176.463,165.896
18/07/24 12:53:26,23308.191,22271204.000,175.160,173.169
18/07/24 12:53:27,25499.303,24232188.000,177.249,167.597
18/07/24 12:53:28,22971.767,24111040.000,177.959,166.327
18/07/24 12:53:29,27036.873,24081212.000,177.636,170.611
18/07/24 12:53:30,24978.707,26380424.000,173.669,168.126
18/07/24 12:53:31,18674.654,26111596.000,168.583,167.495
18/07/24 12:53:32,22795.201,27339428.000,176.635,171.057
18/07/24 12:53:33,21961.504,28866668.000,175.692,168.100
18/07/24 12:53:34,23723.653,29121736.000,171.026,162.025
18/07/24 12:53:35,22322.656,30017536.000,174.021,171.020
18/07/24 12:53:36,23602.596,30738300.000,170.019,167.018
18/07/24 12:53:37,24840.268,32925044.000,175.656,171.220
18/07/24 12:53:38,20037.327,31976568.000,177.473,167.169
18/07/24 12:53:39,24001.919,33987056.000,176.207,171.229
18/07/24 12:53:40,20394.009,35429048.000,174.892,161.825
18/07/24 12:53:41,24374.201,37091696.000,176.782,168.881
18/07/24 12:53:42,23505.950,37377752.000,179.180,173.106
18/07/24 12:53:43,22295.998,37408388.000,171.951,169.069
18/07/24 12:53:44,26222.506,39323176.000,174.332,166.031
18/07/24 12:53:45,24026.553,38692272.000,175.853,163.795
18/07/24 12:53:46,22842.261,40945068.000,173.017,164.016
18/07/24 12:53:47,21564.242,42134092.000,171.954,163.956
18/07/24 12:53:48,26123.370,44626636.000,177.683,169.697
18/07/24 12:53:49,21956.174,44173244.000,176.371,168.354
18/07/24 12:53:50,24128.842,44592076.000,171.992,168.992
18/07/24 12:53:51,22315.272,44839328.000,172.893,169.676
18/07/24 12:53:52,21781.362,45943044.000,174.540,165.245
18/07/24 12:53:53,25127.872,47906564.000,172.588,170.174
18/07/24 12:53:54,22784.212,47461840.000,167.577,164.454
18/07/24 12:53:55,26318.714,49507992.000,176.192,171.187
18/07/24 12:53:56,22351.447,49231656.000,174.728,169.820
18/07/24 12:53:57,22302.498,51409936.000,176.020,162.018
18/07/24 12:53:58,21721.120,50913568.000,174.418,165.291
18/07/24 12:53:59,24789.953,53148804.000,170.688,165.668
18/07/24 12:54:00,23454.371,54571924.000,173.958,168.959
18/07/24 12:54:01,22679.969,55162400.000,177.933,169.253
18/07/24 12:54:02,22079.517,56195660.000,176.592,168.817
18/07/24 12:54:03,24661.704,57951864.000,172.621,168.411
18/07/24 12:54:04,26334.250,58265532.000,174.625,168.603
18/07/24 12:54:05,23558.257,58368128.000,171.987,162.988
18/07/24 12:54:06,23668.254,60072104.000,172.978,167.398
18/07/24 12:54:07,23049.793,60244664.000,171.966,170.897
18/07/24 12:54:08,25809.673,62107188.000,177.165,172.132
18/07/24 12:54:09,23196.330,62219208.000,174.877,170.857
18/07/24 12:54:10,25099.096,63940300.000,176.994,172.994
18/07/24 12:54:11,11896.819,62891216.000,126.939,108.242
18/07/24 12:54:12,10468.139,64097048.000,85.371,69.110
18/07/24 12:54:13,5801.738,63492912.000,80.553,63.292
18/07/24 12:54:14,11104.286,64333940.000,81.480,63.722
18/07/24 12:54:15,8591.702,63069092.000,79.992,63.203
18/07/24 12:54:16,10754.060,64332468.000,76.959,66.833
18/07/24 12:54:17,6870.378,63034792.000,78.004,64.004
18/07/24 12:54:18,10185.672,64384448.000,89.266,63.895
18/07/24 12:54:19,8956.810,63627816.000,80.162,64.130
18/07/24 12:54:20,9831.581,64398224.000,77.720,65.091
18/07/24 12:54:21,9750.796,63730080.000,77.631,65.688
18/07/24 12:54:22,8530.136,64415828.000,83.924,67.640
18/07/24 12:54:23,11357.956,64411556.000,84.985,66.988
18/07/24 12:54:24,8760.797,63027040.000,99.009,63.006
18/07/24 12:54:25,11533.350,64089160.000,93.708,63.073
18/07/24 12:54:26,7126.546,63453288.000,73.345,63.493
18/07/24 12:54:27,11692.529,64416776.000,74.742,64.503
18/07/24 12:54:28,8679.627,63032684.000,87.996,65.997
18/07/24 12:54:29,11370.034,64435312.000,102.000,58.000
18/07/24 12:54:30,8541.221,63352476.000,91.013,62.009
18/07/24 12:54:31,8914.768,64427344.000,90.674,63.741
18/07/24 12:54:32,8190.036,63296564.000,77.839,65.430
18/07/24 12:54:33,8950.707,64428500.000,77.006,64.005
18/07/24 12:54:34,9020.099,63618268.000,80.001,65.001
18/07/24 12:54:35,8124.256,64424580.000,86.508,66.762
18/07/24 12:54:36,9743.492,63891716.000,94.258,64.604
18/07/24 12:54:37,7127.493,63033628.000,77.215,64.487
18/07/24 12:54:38,6565.512,63042608.000,81.147,62.704
18/07/24 12:54:39,11259.527,64235984.000,104.996,61.997
18/07/24 12:54:40,2720.361,63033908.000,84.225,59.054
18/07/24 12:54:41,2946.001,63034420.000,69.257,58.920
18/07/24 12:54:42,10424.316,63688932.000,84.353,62.155
18/07/24 12:54:43,7449.609,63038940.000,91.486,64.258
18/07/24 12:54:44,11082.611,63967004.000,94.186,60.698
18/07/24 12:54:45,6949.010,63344796.000,74.779,70.220
18/07/24 12:54:46,11272.216,64439300.000,77.222,63.279
18/07/24 12:54:47,5400.051,63035120.000,74.238,60.001
18/07/24 12:54:48,7705.440,63406372.000,77.966,64.803
18/07/24 12:54:49,9908.127,64446584.000,74.986,63.988
18/07/24 12:54:50,8600.034,63436820.000,78.000,66.000
18/07/24 12:54:51,9968.241,64461188.000,78.819,66.764
18/07/24 12:54:52,10311.673,63769356.000,81.408,66.212
18/07/24 12:54:53,8570.240,64482960.000,84.002,65.002
18/07/24 12:54:54,5427.813,63091436.000,75.969,62.975
18/07/24 12:54:55,10142.931,64162528.000,81.023,64.019
18/07/24 12:54:56,3479.094,63096144.000,81.803,64.063
18/07/24 12:54:57,11172.164,64136064.000,91.326,65.957
18/07/24 12:54:58,7302.905,63095068.000,77.753,66.927
18/07/24 12:54:59,11776.696,63999424.000,83.321,67.063
18/07/24 12:55:00,8488.574,63120660.000,84.986,68.988
18/07/24 12:55:01,10194.419,64496984.000,92.085,71.621
18/07/24 12:55:02,2649.270,63094136.000,77.856,59.473
18/07/24 12:55:03,4170.364,63091340.000,77.083,60.283
18/07/24 12:55:04,11195.771,64498224.000,80.982,64.786
18/07/24 12:55:05,3549.656,63090524.000,70.993,60.994
18/07/24 12:55:06,6230.798,63177816.000,76.010,62.008
18/07/24 12:55:07,10578.900,64420408.000,75.992,62.993
18/07/24 12:55:08,3990.698,63090176.000,79.014,62.011
18/07/24 12:55:09,11139.287,64382364.000,89.994,63.996
18/07/24 12:55:10,3799.654,63082756.000,72.993,60.994
18/07/24 12:55:11,3929.477,63079864.000,73.990,62.992
18/07/24 12:55:12,10952.903,64007224.000,79.021,68.018
18/07/24 12:55:13,3896.523,63083496.000,74.635,63.003
18/07/24 12:55:14,10718.678,63547328.000,80.545,64.023
18/07/24 12:55:15,7166.982,63137672.000,72.828,62.070
18/07/24 12:55:16,10117.801,63663852.000,81.936,59.590
18/07/24 12:55:17,6803.900,64480476.000,80.331,64.845
18/07/24 12:55:18,1218.855,63081356.000,70.239,58.877
18/07/24 12:55:19,10985.764,63692468.000,79.195,63.965
18/07/24 12:55:20,6039.831,64000960.000,82.998,62.998
18/07/24 12:55:21,4265.065,63180908.000,79.418,60.789
18/07/24 12:55:22,10621.669,64484936.000,83.667,65.301
18/07/24 12:55:23,4795.489,63078712.000,72.659,62.164
18/07/24 12:55:24,11442.655,63549932.000,77.511,65.687
18/07/24 12:55:25,8588.471,64486608.000,75.986,63.989
18/07/24 12:55:26,9713.940,63687268.000,73.900,68.066
18/07/24 12:55:27,7761.394,63946076.000,84.408,65.879
18/07/24 12:55:28,10020.782,63738412.000,84.007,66.005
18/07/24 12:55:29,7230.347,63864032.000,73.004,63.003
18/07/24 12:55:30,10200.133,63867656.000,77.001,66.001
18/07/24 12:55:31,6326.603,63072924.000,76.959,62.966
18/07/24 12:55:32,10214.474,64386520.000,76.033,66.029
18/07/24 12:55:33,5410.498,63077664.000,72.007,63.006
18/07/24 12:55:34,11851.102,64025764.000,83.008,65.006
18/07/24 12:55:35,5749.517,63077792.000,73.994,63.995
18/07/24 12:55:36,10489.465,63857916.000,71.996,64.997
18/07/24 12:55:37,5710.223,63081676.000,74.003,65.003
18/07/24 12:55:38,5543.046,63206488.000,72.665,63.349
18/07/24 12:55:39,10478.266,64362188.000,77.697,66.906
18/07/24 12:55:40,6550.727,63300704.000,73.008,63.007
18/07/24 12:55:41,9554.322,64475096.000,92.780,68.104
18/07/24 12:55:42,9447.677,63843792.000,88.943,66.213
18/07/24 12:55:43,8871.940,64489420.000,72.822,65.642
18/07/24 12:55:44,6019.837,63092852.000,71.998,61.998
18/07/24 12:55:45,9530.456,64340548.000,74.263,67.599
18/07/24 12:55:46,7891.525,63988468.000,79.356,67.894
18/07/24 12:55:47,11404.186,64480016.000,83.385,76.028
18/07/24 12:55:48,2591.521,63086672.000,71.765,61.798
18/07/24 12:55:49,10634.093,63709616.000,74.238,60.193
18/07/24 12:55:50,5726.244,64492996.000,71.953,61.959
18/07/24 12:55:51,5742.498,63617292.000,71.031,60.026
18/07/24 12:55:52,9760.293,64493296.000,79.002,65.002
18/07/24 12:55:53,8449.147,63507976.000,93.991,66.993
18/07/24 12:55:54,10012.143,64491140.000,86.018,67.014
18/07/24 12:55:55,5480.625,63088224.000,71.008,63.007
18/07/24 12:55:56,10387.704,64139808.000,71.984,62.986
18/07/24 12:55:57,7946.027,63092056.000,77.571,65.637
18/07/24 12:55:58,10149.170,64200564.000,75.440,67.393
18/07/24 12:55:59,7544.447,63348688.000,71.947,64.952
18/07/24 12:56:00,9804.830,64476240.000,74.891,66.022
18/07/24 12:56:01,7881.449,63746048.000,74.531,62.538
18/07/24 12:56:02,9729.531,64473632.000,79.550,68.535
18/07/24 12:56:03,6186.622,63267856.000,68.962,61.966
18/07/24 12:56:04,10202.428,64483256.000,74.018,68.016
18/07/24 12:56:05,7370.619,63288284.000,85.007,65.005
18/07/24 12:56:06,8750.858,64471572.000,85.008,66.006
18/07/24 12:56:07,1758.795,63068288.000,66.954,56.961
18/07/24 12:56:08,9334.376,64128952.000,76.300,65.400
18/07/24 12:56:09,7967.073,64356748.000,71.694,61.596
18/07/24 12:56:10,8039.405,63649148.000,71.995,60.995
18/07/24 12:56:11,8332.366,64499100.000,79.022,68.019
18/07/24 12:56:12,8328.676,63544796.000,83.987,61.990
18/07/24 12:56:13,9593.192,64496328.000,78.617,64.579
18/07/24 12:56:14,10283.019,63968504.000,77.284,64.403
18/07/24 12:56:15,7431.003,63530104.000,79.011,64.009
18/07/24 12:56:16,2426.802,63109532.000,72.514,64.779
18/07/24 12:56:17,11712.852,64222284.000,81.814,69.386
18/07/24 12:56:18,8110.178,63125848.000,78.002,68.001
18/07/24 12:56:19,10966.732,63894680.000,69.979,63.981
18/07/24 12:56:20,6654.299,63910928.000,77.995,64.174
18/07/24 12:56:21,10496.879,64052200.000,78.017,61.806
18/07/24 12:56:22,8019.302,63175144.000,69.994,60.995
18/07/24 12:56:23,11110.422,64499624.000,81.003,68.003
18/07/24 12:56:24,8830.539,64036560.000,81.005,70.004
18/07/24 12:56:25,10837.678,64532736.000,82.149,70.272
18/07/24 12:56:26,4829.596,63132852.000,75.369,64.461
18/07/24 12:56:27,10182.137,64271692.000,79.500,65.231
18/07/24 12:56:28,8172.732,63130500.000,76.408,66.736
18/07/24 12:56:29,10719.910,64531592.000,72.432,63.119
18/07/24 12:56:30,7190.820,63136500.000,75.009,62.007
18/07/24 12:56:31,10058.862,64366880.000,77.450,64.865
18/07/24 12:56:32,5999.272,63136780.000,82.749,64.130
18/07/24 12:56:33,10126.812,64235540.000,96.728,64.156
18/07/24 12:56:34,7425.991,63284676.000,75.263,59.207
18/07/24 12:56:35,10134.946,64495136.000,77.808,62.845
18/07/24 12:56:36,7891.238,63361752.000,77.229,64.358
18/07/24 12:56:37,10069.443,64514292.000,78.715,64.404
18/07/24 12:56:38,8859.150,63523840.000,89.991,67.993
18/07/24 12:56:39,8482.070,64521680.000,95.023,65.016
18/07/24 12:56:40,8505.585,63813172.000,91.717,62.754
18/07/24 12:56:41,6793.521,64516264.000,76.751,61.194
18/07/24 12:56:42,8850.737,63563664.000,79.430,64.300
18/07/24 12:56:43,9017.907,64533100.000,85.935,63.656
18/07/24 12:56:44,8639.948,64269888.000,93.999,63.000
18/07/24 12:56:45,7056.972,63648340.000,85.652,67.032
18/07/24 12:56:46,7463.082,63377124.000,71.283,59.402
18/07/24 12:56:47,9495.563,64531772.000,75.827,61.178
18/07/24 12:56:48,7840.722,63452300.000,78.407,62.499
18/07/24 12:56:49,10868.727,64538448.000,79.197,63.566
18/07/24 12:56:50,2503.609,63136748.000,76.159,62.153
18/07/24 12:56:51,9678.307,63725736.000,79.292,62.967
18/07/24 12:56:52,8198.655,64537992.000,73.988,64.989
18/07/24 12:56:53,5292.742,63148908.000,74.038,63.033
18/07/24 12:56:54,11087.805,64547696.000,82.984,66.987
18/07/24 12:56:55,3855.972,63144760.000,75.994,61.921
18/07/24 12:56:56,11375.540,64134956.000,78.681,67.305
18/07/24 12:56:57,3696.118,63138724.000,76.197,62.550
18/07/24 12:56:58,6380.434,63256712.000,77.005,60.004
18/07/24 12:56:59,10720.654,64428300.000,77.005,61.004
18/07/24 12:57:00,7269.578,63439116.000,74.996,59.997
18/07/24 12:57:01,8880.426,64532196.000,81.004,62.003
18/07/24 12:57:02,8580.541,63542888.000,79.005,64.004
18/07/24 12:57:03,8046.521,64526808.000,80.366,64.491
18/07/24 12:57:04,9655.350,63676652.000,77.606,64.503
18/07/24 12:57:05,8230.387,64519884.000,76.004,65.003
18/07/24 12:57:06,9233.242,64529256.000,74.917,68.106
18/07/24 12:57:07,7075.882,63872548.000,73.021,76.107
18/07/24 12:57:08,2016.923,63123384.000,74.411,61.683
18/07/24 12:57:09,11219.893,63829692.000,76.639,66.420
18/07/24 12:57:10,7331.349,63129636.000,79.015,67.012
18/07/24 12:57:11,10705.891,64386968.000,96.692,66.787
18/07/24 12:57:12,7429.363,63139200.000,76.521,64.898
18/07/24 12:57:13,10247.875,64174392.000,79.828,62.864
18/07/24 12:57:14,6514.110,63145844.000,73.764,61.297
18/07/24 12:57:15,11099.678,64540132.000,82.998,71.998
18/07/24 12:57:16,3480.936,63131016.000,72.019,67.018
18/07/24 12:57:17,5919.680,63422348.000,85.995,59.997
18/07/24 12:57:18,9438.962,64535300.000,76.992,61.993
18/07/24 12:57:19,3669.321,63127808.000,71.987,60.989
18/07/24 12:57:20,6971.750,63192436.000,70.018,62.016
18/07/24 12:57:21,9060.931,64299300.000,73.388,62.624
18/07/24 12:57:22,1952.959,63123360.000,80.777,62.372
18/07/24 12:57:23,10126.010,64475572.000,99.961,62.975
18/07/24 12:57:24,8322.855,63815172.000,76.026,59.020
18/07/24 12:57:25,10160.112,64529104.000,85.001,67.001
18/07/24 12:57:26,6269.232,63128768.000,74.958,66.197
18/07/24 12:57:27,10420.670,64082468.000,75.021,64.744
18/07/24 12:57:28,7510.909,63186624.000,72.009,63.008
18/07/24 12:57:29,10202.102,64077756.000,85.018,74.015
18/07/24 12:57:30,7862.331,63153384.000,79.375,66.007
18/07/24 12:57:31,10205.796,64163652.000,69.698,57.252
18/07/24 12:57:32,7114.122,63428804.000,75.039,66.269
18/07/24 12:57:33,10039.882,64305428.000,72.422,64.485
18/07/24 12:57:34,7362.718,63262280.000,73.524,64.204
18/07/24 12:57:35,5449.673,63231228.000,91.858,62.711
18/07/24 12:57:36,9618.717,64343160.000,79.886,61.534
18/07/24 12:57:37,7360.548,63281296.000,76.473,62.666
18/07/24 12:57:38,9964.448,64528988.000,78.562,64.640
18/07/24 12:57:39,8256.085,63619852.000,72.404,58.326
18/07/24 12:57:40,10910.338,64553132.000,76.002,68.002
18/07/24 12:57:41,7769.829,63594500.000,74.998,63.999
18/07/24 12:57:42,9771.251,64565400.000,76.010,62.008
18/07/24 12:57:43,8680.816,64562452.000,86.008,65.006
18/07/24 12:57:44,10224.612,64561132.000,76.959,57.969
18/07/24 12:57:45,2670.620,63155832.000,80.019,60.014
18/07/24 12:57:46,9691.037,63994588.000,70.007,63.007
18/07/24 12:57:47,6508.900,63478320.000,68.988,60.990
18/07/24 12:57:48,10053.322,64041664.000,82.782,62.300
18/07/24 12:57:49,7293.109,64385452.000,74.863,55.544
18/07/24 12:57:50,5629.719,63150924.000,68.997,59.997
18/07/24 12:57:51,9791.792,64552812.000,70.013,55.010
18/07/24 12:57:52,4801.047,63186788.000,72.016,61.013
18/07/24 12:57:53,10332.125,64505556.000,77.630,64.691
18/07/24 12:57:54,7482.576,63325760.000,80.598,65.350
18/07/24 12:57:55,10731.017,64542904.000,80.691,66.779
18/07/24 12:57:56,7106.210,63146756.000,74.859,61.840
18/07/24 12:57:57,10879.105,64364872.000,74.692,64.138
18/07/24 12:57:58,3784.293,63138444.000,67.623,62.421
18/07/24 12:57:59,7773.428,63625260.000,71.031,57.025
18/07/24 12:58:00,9404.529,64541472.000,88.572,65.682
18/07/24 12:58:01,7557.485,64036260.000,89.444,65.324
18/07/24 12:58:02,9461.295,64548592.000,81.097,65.650
18/07/24 12:58:03,8122.715,63621564.000,78.341,64.940
18/07/24 12:58:04,8821.606,64541816.000,75.441,64.377
18/07/24 12:58:05,9268.749,63624276.000,78.989,62.991
18/07/24 12:58:06,6937.866,64538000.000,77.529,62.620
18/07/24 12:58:07,2686.417,63259224.000,70.430,59.363
18/07/24 12:58:08,10741.386,64547708.000,84.011,68.009
18/07/24 12:58:09,7628.612,63151824.000,75.986,62.989
18/07/24 12:58:10,10333.761,64193412.000,78.028,63.023
18/07/24 12:58:11,7019.902,63158156.000,76.999,64.999
18/07/24 12:58:12,10560.549,64275712.000,83.004,68.004
18/07/24 12:58:13,4439.539,63160796.000,87.392,64.670
18/07/24 12:58:14,10812.188,63900628.000,81.493,59.685
18/07/24 12:58:15,6904.098,63158188.000,75.837,65.003
18/07/24 12:58:16,10705.869,64550740.000,82.920,62.651
18/07/24 12:58:17,6988.183,63156860.000,80.285,63.323
18/07/24 12:58:18,10523.768,64032568.000,80.029,63.023
18/07/24 12:58:19,7618.918,63151744.000,89.987,59.991
18/07/24 12:58:20,9801.588,64271900.000,92.015,64.010
18/07/24 12:58:21,7499.535,63370684.000,73.995,65.996
18/07/24 12:58:22,9131.342,64529264.000,76.011,68.010
18/07/24 12:58:23,7267.379,63512320.000,75.001,63.794
18/07/24 12:58:24,9534.591,64542080.000,78.562,65.468
18/07/24 12:58:25,7518.850,63249448.000,78.988,63.990
18/07/24 12:58:26,9058.560,64544920.000,76.283,62.413
18/07/24 12:58:27,8933.076,63483960.000,77.987,63.808
18/07/24 12:58:28,8919.715,64527948.000,78.997,63.998
18/07/24 12:58:29,8840.955,63510048.000,75.008,64.007
18/07/24 12:58:30,8801.135,64549012.000,73.009,65.008
18/07/24 12:58:31,9419.859,63589448.000,79.999,64.999
18/07/24 12:58:32,6579.414,64538504.000,83.993,62.994
18/07/24 12:58:33,10077.924,63754832.000,86.982,63.987
18/07/24 12:58:34,6001.176,64325116.000,81.016,62.012
18/07/24 12:58:35,9257.514,63740032.000,77.608,65.597
18/07/24 12:58:36,6663.554,64091928.000,75.027,64.168
18/07/24 12:58:37,10623.656,63673304.000,75.173,65.223
18/07/24 12:58:38,7192.788,63147896.000,83.873,67.777
18/07/24 12:58:39,11064.389,63865208.000,78.073,63.434
18/07/24 12:58:40,4347.307,63132144.000,72.455,65.386
18/07/24 12:58:41,5346.485,63137692.000,74.416,62.967
18/07/24 12:58:42,10904.577,64539056.000,75.377,65.327
18/07/24 12:58:43,8062.314,63131600.000,76.022,66.019
18/07/24 12:58:44,10322.240,64536192.000,91.020,67.015
18/07/24 12:58:45,3098.463,63139372.000,84.958,60.970
18/07/24 12:58:46,10142.079,64546080.000,72.853,65.486
18/07/24 12:58:47,6281.076,63136976.000,74.499,62.939
18/07/24 12:58:48,8382.012,64412860.000,77.018,62.015
18/07/24 12:58:49,7848.493,64541528.000,69.987,57.989
18/07/24 12:58:50,10562.168,63989580.000,79.378,67.229
18/07/24 12:58:51,4718.504,64539444.000,79.731,67.967
18/07/24 12:58:52,11198.925,63754144.000,96.991,70.993
18/07/24 12:58:53,6721.230,64434284.000,86.016,71.013
18/07/24 12:58:54,11092.701,64245840.000,78.806,64.840
18/07/24 12:58:55,7079.749,63297896.000,76.893,64.702
18/07/24 12:58:56,10961.468,64563524.000,91.998,69.488
18/07/24 12:58:57,6959.294,63165592.000,90.152,64.865
18/07/24 12:58:58,10649.404,64336088.000,92.995,63.996
18/07/24 12:58:59,3360.336,63159172.000,67.007,57.006
18/07/24 12:59:00,5539.961,63376080.000,68.000,57.000
18/07/24 12:59:01,9466.155,64566488.000,72.254,61.278
18/07/24 12:59:02,9464.015,63373756.000,82.727,66.182
18/07/24 12:59:03,8501.586,64566016.000,94.901,65.245
18/07/24 12:59:04,8650.869,64524192.000,88.026,63.743
18/07/24 12:59:05,10150.639,64551772.000,80.005,64.004
18/07/24 12:59:06,8665.868,64006444.000,75.116,63.208
18/07/24 12:59:07,9863.496,64542952.000,74.857,62.748
18/07/24 12:59:08,9117.320,63957952.000,72.979,62.981
18/07/24 12:59:09,9061.921,64544880.000,74.016,65.014
18/07/24 12:59:10,8989.056,63594816.000,77.992,63.993
18/07/24 12:59:11,7401.098,64557040.000,75.806,62.840
18/07/24 12:59:12,10648.794,63649548.000,81.220,68.184
18/07/24 12:59:13,7215.768,64540292.000,74.745,62.288
18/07/24 12:59:14,9911.393,63924132.000,75.276,67.958
18/07/24 12:59:15,7277.758,64546184.000,79.975,66.979
18/07/24 12:59:16,9515.455,64154056.000,93.086,69.579
18/07/24 12:59:17,7199.009,63288964.000,88.652,69.427
18/07/24 12:59:18,9942.496,64532504.000,75.019,63.016
18/07/24 12:59:19,7710.308,63439924.000,74.003,67.003
18/07/24 12:59:20,10027.403,64545148.000,78.980,67.982
18/07/24 12:59:21,7484.142,63146192.000,76.509,67.681
18/07/24 12:59:22,11290.250,64129432.000,88.731,70.373
18/07/24 12:59:23,6120.373,63146580.000,82.005,68.004
18/07/24 12:59:24,10617.431,64539444.000,66.984,57.986
18/07/24 12:59:25,8380.863,63154956.000,77.008,65.007
18/07/24 12:59:26,11322.280,64456700.000,74.880,64.957
18/07/24 12:59:27,3870.759,63158816.000,72.927,61.708
18/07/24 12:59:28,10577.980,64565164.000,94.982,64.988
18/07/24 12:59:29,5997.157,63152120.000,76.964,59.972
18/07/24 12:59:30,6834.162,63584128.000,69.042,63.038
18/07/24 12:59:31,8287.638,64551552.000,76.978,66.981
18/07/24 12:59:32,8698.773,63513152.000,70.990,60.991
18/07/24 12:59:33,9585.772,64560684.000,89.806,68.330
18/07/24 12:59:34,8387.347,63770368.000,82.549,63.185
18/07/24 12:59:35,7715.211,64554564.000,68.401,62.365
18/07/24 12:59:36,9563.223,64005884.000,73.025,63.021
18/07/24 12:59:37,7592.403,63147232.000,77.253,64.793
18/07/24 12:59:38,10417.276,63973160.000,70.979,61.585
18/07/24 12:59:39,7047.031,64547532.000,70.351,57.235
18/07/24 12:59:40,10202.632,63967644.000,84.287,66.645
18/07/24 12:59:41,7178.099,64002112.000,73.517,62.285
18/07/24 12:59:42,7506.594,63621244.000,71.776,63.801
18/07/24 12:59:43,10136.116,64552112.000,75.119,69.110
18/07/24 12:59:44,8230.922,63613560.000,71.094,61.081
18/07/24 12:59:45,8939.723,64551092.000,74.998,66.998
18/07/24 12:59:46,2595.994,63145556.000,67.304,59.291
18/07/24 12:59:47,10654.982,63780904.000,85.133,66.511
18/07/24 12:59:48,6880.055,63813584.000,73.001,62.000
18/07/24 12:59:49,10600.541,64089516.000,73.004,61.003
18/07/24 12:59:50,6470.136,63169840.000,73.002,60.001
18/07/24 12:59:51,9811.369,64249372.000,72.493,58.590
18/07/24 12:59:52,7231.029,63150604.000,74.526,63.448
18/07/24 12:59:53,11536.487,64279296.000,77.616,67.032
18/07/24 12:59:54,6972.599,63152068.000,77.345,68.110
18/07/24 12:59:55,10865.828,64284156.000,69.973,62.976
18/07/24 12:59:56,7866.436,63156752.000,74.872,69.038
18/07/24 12:59:57,10623.623,64471436.000,72.059,66.912
18/07/24 12:59:58,5738.519,63157680.000,74.981,66.983
18/07/24 12:59:59,10965.779,64408428.000,82.043,67.035
18/07/24 13:00:00,5979.623,63183948.000,70.996,63.996
18/07/24 13:00:01,10058.662,64472340.000,66.991,66.991
18/07/24 13:00:02,6859.293,63200360.000,68.993,62.994
18/07/24 13:00:03,10422.481,64485240.000,72.017,69.016
18/07/24 13:00:04,7605.984,63820724.000,69.963,73.961
18/07/24 13:00:05,9773.802,64573716.000,79.031,83.032
18/07/24 13:00:06,2556.061,63170524.000,71.647,72.615
18/07/24 13:00:07,9699.261,64580604.000,76.519,65.144
18/07/24 13:00:08,7538.726,64578768.000,69.988,63.989
18/07/24 13:00:09,10518.275,63713068.000,75.988,62.990
18/07/24 13:00:10,7650.842,64352732.000,71.008,65.007
18/07/24 13:00:11,2190.504,63187312.000,72.017,58.013
18/07/24 13:00:12,11100.888,64587500.000,93.007,71.006
18/07/24 13:00:13,6166.688,63179832.000,79.957,63.966
18/07/24 13:00:14,8841.945,63413896.000,78.017,63.014
18/07/24 13:00:15,8029.719,64594196.000,75.997,62.998
18/07/24 13:00:16,11322.015,63866992.000,77.014,64.011
18/07/24 13:00:17,7140.664,64010812.000,81.008,65.006
18/07/24 13:00:18,10040.291,63974004.000,83.002,68.002
18/07/24 13:00:19,6728.136,63186812.000,73.980,63.982
18/07/24 13:00:20,2110.308,63186500.000,68.010,57.008
18/07/24 13:00:21,10282.200,63956924.000,78.017,64.014
18/07/24 13:00:22,5600.050,63187912.000,75.001,63.001
18/07/24 13:00:23,4539.419,63186232.000,75.990,62.992
18/07/24 13:00:24,11960.765,64601268.000,89.006,67.004
18/07/24 13:00:25,7100.447,63659052.000,83.005,66.004
18/07/24 13:00:26,8549.921,64606128.000,78.581,65.769
18/07/24 13:00:27,9634.318,63586104.000,74.759,61.496
18/07/24 13:00:28,7089.681,64603676.000,71.724,65.288
18/07/24 13:00:29,2323.715,63195532.000,70.150,58.093
18/07/24 13:00:30,9886.777,64216124.000,76.975,70.977
18/07/24 13:00:31,7850.620,63202520.000,72.006,67.005
18/07/24 13:00:32,10959.737,64139540.000,78.998,67.998
18/07/24 13:00:33,4379.715,63198052.000,72.995,62.996
18/07/24 13:00:34,8600.284,63668016.000,70.002,63.002
18/07/24 13:00:35,9631.724,64598948.000,70.013,69.012
18/07/24 13:00:36,8009.744,63671520.000,75.998,63.998
18/07/24 13:00:37,8508.111,64589524.000,82.982,63.986
18/07/24 13:00:38,9022.507,63835712.000,78.173,62.702
18/07/24 13:00:39,7306.636,64587060.000,66.071,60.889
18/07/24 13:00:40,6319.893,63367336.000,70.999,63.999
18/07/24 13:00:41,9881.110,64590792.000,76.821,66.258
18/07/24 13:00:42,1970.906,63192200.000,79.253,62.568
18/07/24 13:00:43,10686.936,64220160.000,88.057,70.045
18/07/24 13:00:44,8159.869,63208076.000,75.999,65.999
18/07/24 13:00:45,9839.439,64335728.000,68.996,58.997
18/07/24 13:00:46,7017.670,63204508.000,67.977,60.980
18/07/24 13:00:47,10382.762,64574276.000,76.020,66.018
18/07/24 13:00:48,8162.955,63196196.000,85.756,70.384
18/07/24 13:00:49,11060.021,64092780.000,81.150,60.208
18/07/24 13:00:50,3179.796,63188380.000,65.996,55.996
18/07/24 13:00:51,9692.480,63952932.000,75.397,67.460
18/07/24 13:00:52,6260.567,64265372.000,74.603,63.513
18/07/24 13:00:53,10294.259,64030628.000,76.472,64.707
18/07/24 13:00:54,6610.478,63189852.000,86.712,66.309
18/07/24 13:00:55,10752.462,64232752.000,83.019,69.016
18/07/24 13:00:56,5009.584,64587132.000,74.994,65.995
18/07/24 13:00:57,4401.017,64601256.000,76.018,67.015
18/07/24 13:00:58,10617.303,64587452.000,75.981,68.982
18/07/24 13:00:59,3589.397,63191876.000,81.986,61.990
18/07/24 13:01:00,10604.178,64598060.000,92.036,64.025
18/07/24 13:01:01,5628.025,63191792.000,72.974,59.979
18/07/24 13:01:02,11082.915,64270740.000,76.020,71.019
18/07/24 13:01:03,6518.357,63234108.000,73.981,66.983
18/07/24 13:01:04,10901.832,64032580.000,86.014,65.011
18/07/24 13:01:05,5071.379,63187520.000,77.021,65.018
18/07/24 13:01:06,9920.240,64142492.000,73.705,67.729
18/07/24 13:01:07,6434.225,63567940.000,72.272,62.234
18/07/24 13:01:08,9916.384,64598324.000,76.151,62.762
18/07/24 13:01:09,6721.833,63194536.000,83.246,62.124
18/07/24 13:01:10,10040.382,63985664.000,69.003,63.002
18/07/24 13:01:11,7269.564,63196824.000,79.995,67.996
18/07/24 13:01:12,10367.729,64522412.000,88.981,66.985
18/07/24 13:01:13,8193.169,64166196.000,76.534,65.255
18/07/24 13:01:14,11256.037,64589364.000,69.856,64.584
18/07/24 13:01:15,8983.198,63198184.000,77.027,68.024
18/07/24 13:01:16,10067.121,64463400.000,78.977,71.979
18/07/24 13:01:17,7630.435,63792080.000,93.005,65.004
18/07/24 13:01:18,7770.864,64571688.000,92.649,65.940
18/07/24 13:01:19,1720.151,63178604.000,68.557,61.078
18/07/24 13:01:20,8422.325,63599980.000,74.020,67.018
18/07/24 13:01:21,7187.791,64550588.000,?,66.084
18/07/24 13:01:22,9529.129,63694844.000,77.082,67.028
18/07/24 13:01:23,7501.973,63737564.000,89.330,66.781
18/07/24 13:01:24,11073.499,63945044.000,87.121,64.194
18/07/24 13:01:25,10381.851,64597216.000,67.708,61.552
18/07/24 13:01:26,3000.080,63201496.000,69.594,62.071
18/07/24 13:01:27,11039.649,64394964.000,83.278,66.195
18/07/24 13:01:28,4349.717,63203596.000,74.995,62.996
18/07/24 13:01:29,9408.880,63744620.000,70.992,58.993
18/07/24 13:01:30,6991.237,64607684.000,76.013,63.011
18/07/24 13:01:31,9409.351,64145012.000,81.994,66.995
18/07/24 13:01:32,8171.005,64234564.000,80.010,67.008
18/07/24 13:01:33,8711.151,64200136.000,77.748,65.208
18/07/24 13:01:34,8795.337,64614388.000,75.886,62.202
18/07/24 13:01:35,9708.505,63933380.000,88.986,66.990
18/07/24 13:01:36,7330.235,64470452.000,88.003,71.002
18/07/24 13:01:37,6949.757,63414756.000,71.997,62.998
18/07/24 13:01:38,8729.083,64594428.000,75.621,67.219
18/07/24 13:01:39,8506.194,63518604.000,77.525,63.527
18/07/24 13:01:40,8207.620,64598940.000,80.977,67.980
18/07/24 13:01:41,5338.382,63316696.000,69.979,57.982
18/07/24 13:01:42,10024.290,64610652.000,80.034,63.027
18/07/24 13:01:43,7661.410,63222000.000,76.014,64.012
18/07/24 13:01:44,9960.418,64416384.000,71.003,62.003
18/07/24 13:01:45,2889.171,63217416.000,71.979,59.983
18/07/24 13:01:46,8902.893,63998024.000,76.025,65.021
18/07/24 13:01:47,8508.996,64619660.000,71.992,?
18/07/24 13:01:48,9379.841,64011008.000,73.999,64.999
18/07/24 13:01:49,6798.239,63925916.000,71.981,60.984
18/07/24 13:01:50,10384.881,63958880.000,81.038,69.032
18/07/24 13:01:51,5384.802,64611664.000,78.849,66.348
18/07/24 13:01:52,3519.411,63337676.000,72.887,63.516
18/07/24 13:01:53,9900.960,64617796.000,74.007,69.007
18/07/24 13:01:54,4559.603,63214748.000,78.993,59.995
18/07/24 13:01:55,6920.844,63299172.000,87.011,63.008
18/07/24 13:01:56,11367.420,64524816.000,92.979,67.985
18/07/24 13:01:57,7690.361,63316192.000,72.003,64.003
18/07/24 13:01:58,10280.164,64518840.000,79.001,67.001
18/07/24 13:01:59,7531.167,63383548.000,72.011,65.010
18/07/24 13:02:00,9669.768,64624488.000,79.998,64.998
18/07/24 13:02:01,6237.056,64022292.000,86.791,65.519
18/07/24 13:02:02,10898.357,64624720.000,77.586,65.463
18/07/24 13:02:03,7392.595,63866012.000,71.025,64.022
18/07/24 13:02:04,10828.917,64617100.000,68.993,59.994
18/07/24 13:02:05,7303.006,63804884.000,73.124,59.062
18/07/24 13:02:06,10746.789,64620868.000,96.432,68.574
18/07/24 13:02:07,8370.377,64544408.000,92.004,66.003
18/07/24 13:02:08,9987.823,64610432.000,77.983,68.985
18/07/24 13:02:09,8237.883,63460444.000,64.983,54.986
18/07/24 13:02:10,8421.075,64614312.000,73.265,65.321
18/07/24 13:02:11,8799.406,63922400.000,77.269,68.043
18/07/24 13:02:12,9205.599,64621544.000,90.640,70.812
18/07/24 13:02:13,8357.390,63734396.000,90.379,65.923
18/07/24 13:02:14,8978.330,64624448.000,79.985,64.988
18/07/24 13:02:15,7401.177,63388944.000,73.012,64.010
18/07/24 13:02:16,9761.035,64596044.000,75.008,68.007
18/07/24 13:02:17,6448.568,63497856.000,76.983,63.986
18/07/24 13:02:18,9272.411,64622484.000,83.022,69.018
18/07/24 13:02:19,7909.399,63423136.000,81.994,64.995
18/07/24 13:02:20,8887.840,64560496.000,70.983,66.984
18/07/24 13:02:21,8071.106,64585660.000,69.009,65.009
18/07/24 13:02:22,9498.746,64596896.000,72.990,69.991
18/07/24 13:02:23,5231.522,63201212.000,69.020,63.018
18/07/24 13:02:24,11124.026,64335504.000,74.960,66.964
18/07/24 13:02:25,6747.505,63229088.000,68.953,63.042
18/07/24 13:02:26,10627.025,64593004.000,78.421,73.394
18/07/24 13:02:27,2535.707,63213760.000,70.717,60.615
18/07/24 13:02:28,9377.118,64110956.000,73.763,64.543
18/07/24 13:02:29,7995.648,64608012.000,69.907,60.077
18/07/24 13:02:30,780.110,63205740.000,66.009,60.008
18/07/24 13:02:31,9791.106,63797144.000,83.009,58.007
18/07/24 13:02:32,7159.585,63806704.000,81.995,62.996
18/07/24 13:02:33,10569.271,64611568.000,73.501,63.267
18/07/24 13:02:34,7642.367,63235256.000,73.505,63.776
18/07/24 13:02:35,9866.981,64079892.000,65.980,61.981
18/07/24 13:02:36,6903.673,63226708.000,81.103,65.278
18/07/24 13:02:37,11194.109,64211372.000,86.964,67.751
18/07/24 13:02:38,6791.175,63235296.000,78.013,67.012
18/07/24 13:02:39,10765.156,64284164.000,76.965,66.970
18/07/24 13:02:40,6452.601,63230672.000,74.200,61.990
18/07/24 13:02:41,9531.958,64633844.000,74.743,71.226
18/07/24 13:02:42,8474.215,63641052.000,78.976,68.947
18/07/24 13:02:43,8291.320,64615364.000,79.049,70.265
18/07/24 13:02:44,9796.382,63602536.000,86.977,64.088
18/07/24 13:02:45,7803.288,64620408.000,73.883,61.738
18/07/24 13:02:46,2197.721,63226876.000,67.962,56.488
18/07/24 13:02:47,11897.632,64365452.000,80.779,66.931
18/07/24 13:02:48,8329.550,63241192.000,77.829,64.857
18/07/24 13:02:49,10981.587,64172952.000,95.587,65.173
18/07/24 13:02:50,4857.795,63221520.000,86.961,70.968
18/07/24 13:02:51,9023.627,64425296.000,93.037,59.024
18/07/24 13:02:52,6930.818,63991476.000,78.009,62.007
18/07/24 13:02:53,9308.742,63923124.000,89.175,64.606
18/07/24 13:02:54,7476.470,64631924.000,77.649,64.338
18/07/24 13:02:55,9993.588,63928320.000,77.028,65.023
18/07/24 13:02:56,7190.503,63573468.000,78.005,65.005
18/07/24 13:02:57,7119.381,63454772.000,73.994,62.995
18/07/24 13:02:58,9354.451,64636468.000,80.396,68.672
18/07/24 13:02:59,1575.882,63223836.000,70.729,62.043
18/07/24 13:03:00,6580.059,63418340.000,74.001,64.001
18/07/24 13:03:01,8529.872,64630464.000,75.999,64.999
18/07/24 13:03:02,7434.264,63569860.000,83.826,71.125
18/07/24 13:03:03,9157.710,64561572.000,83.030,68.378
18/07/24 13:03:04,7458.329,63379088.000,71.984,61.986
18/07/24 13:03:05,8989.209,64619396.000,76.993,67.994
18/07/24 13:03:06,8312.594,63901464.000,85.027,69.022
18/07/24 13:03:07,8204.614,63232344.000,80.520,66.112
18/07/24 13:03:08,10643.136,63875496.000,85.340,67.053
18/07/24 13:03:09,6609.524,63239436.000,75.995,60.996
18/07/24 13:03:10,9787.680,64006780.000,88.219,62.218
18/07/24 13:03:11,5157.275,63243208.000,80.176,65.008
18/07/24 13:03:12,10757.623,64647192.000,82.982,65.985
18/07/24 13:03:13,8332.710,63447904.000,90.715,63.594
18/07/24 13:03:14,11227.541,64633228.000,96.697,70.911
18/07/24 13:03:15,6998.449,63236564.000,76.546,73.812
18/07/24 13:03:16,10179.172,64630064.000,75.791,68.423
18/07/24 13:03:17,7147.504,63313316.000,76.806,65.963
18/07/24 13:03:18,11916.332,64522396.000,80.011,67.209
18/07/24 13:03:19,7659.445,63469692.000,82.537,71.532
18/07/24 13:03:20,9792.967,64628904.000,92.028,81.025
18/07/24 13:03:21,6560.398,63522332.000,84.769,70.948
18/07/24 13:03:22,8922.086,64623236.000,82.062,64.602
18/07/24 13:03:23,5916.136,63232992.000,75.414,66.313
18/07/24 13:03:24,10633.886,64261176.000,74.957,68.960
18/07/24 13:03:25,5651.939,63222568.000,82.028,66.023
18/07/24 13:03:26,10739.033,64353200.000,90.992,70.994
18/07/24 13:03:27,6796.901,63334104.000,78.964,64.970
18/07/24 13:03:28,10220.025,64625436.000,83.786,69.054
18/07/24 13:03:29,7564.793,63239736.000,77.728,65.686
18/07/24 13:03:30,9164.932,64624880.000,75.674,68.947
18/07/24 13:03:31,6724.203,63266952.000,71.560,62.924
18/07/24 13:03:32,9870.237,64509980.000,78.002,72.002
18/07/24 13:03:33,6439.530,63408160.000,75.994,63.995
18/07/24 13:03:34,9959.880,64636060.000,72.999,63.999
18/07/24 13:03:35,2109.578,63238504.000,69.986,61.988
18/07/24 13:03:36,8100.680,63728092.000,75.006,63.005
18/07/24 13:03:37,8916.781,64649636.000,76.972,62.977
18/07/24 13:03:38,9175.071,63700476.000,82.734,68.790
18/07/24 13:03:39,7910.464,64665700.000,87.777,67.683
18/07/24 13:03:40,6518.441,63540808.000,71.225,58.603
18/07/24 13:03:41,10012.291,64666144.000,74.804,65.598
18/07/24 13:03:42,8194.363,63728100.000,77.401,68.146
18/07/24 13:03:43,8438.694,64667012.000,80.075,66.524
18/07/24 13:03:44,8753.335,63881672.000,90.034,66.025
18/07/24 13:03:45,7558.692,64639800.000,87.985,66.988
18/07/24 13:03:46,7178.813,64184000.000,84.683,63.512
18/07/24 13:03:47,8201.738,64654200.000,71.817,60.368
18/07/24 13:03:48,9280.826,63799084.000,76.007,67.006
18/07/24 13:03:49,8839.417,64652748.000,89.994,65.996
18/07/24 13:03:50,8109.668,63668376.000,87.996,66.997
18/07/24 13:03:51,7888.722,64646192.000,79.987,63.990
18/07/24 13:03:52,8192.484,64539428.000,70.576,61.992
18/07/24 13:03:53,7480.168,63262168.000,74.802,67.504
18/07/24 13:03:54,10840.558,64661160.000,79.521,68.996
18/07/24 13:03:55,6868.681,63262296.000,81.706,65.544
18/07/24 13:03:56,9827.428,64296176.000,90.263,66.569
18/07/24 13:03:57,8762.699,64665420.000,80.025,63.019
18/07/24 13:03:58,8904.916,63677092.000,73.107,65.179
18/07/24 13:03:59,10080.517,64674932.000,73.985,64.737
18/07/24 13:04:00,8641.499,63807040.000,73.524,66.840
18/07/24 13:04:01,6338.832,64041908.000,68.503,62.110
18/07/24 13:04:02,10387.957,64098964.000,73.450,68.787
18/07/24 13:04:03,6924.071,63276436.000,74.680,65.461
18/07/24 13:04:04,1933.482,63269256.000,65.542,56.803
18/07/24 13:04:05,10168.424,64323204.000,72.989,63.990
18/07/24 13:04:06,8301.718,63266436.000,73.015,68.014
18/07/24 13:04:07,10290.206,63991368.000,70.001,68.001
18/07/24 13:04:08,5450.670,63274760.000,75.039,65.969
18/07/24 13:04:09,11681.902,63804276.000,88.788,69.762
18/07/24 13:04:10,7411.283,63274596.000,86.614,66.077
18/07/24 13:04:11,10534.902,64196548.000,73.949,65.985
18/07/24 13:04:12,6375.832,63274512.000,76.543,64.328
18/07/24 13:04:13,10612.105,64002208.000,89.261,68.185
18/07/24 13:04:14,7858.648,64684744.000,81.581,68.156
18/07/24 13:04:15,2095.904,63281916.000,76.215,62.175
18/07/24 13:04:16,10758.171,64685504.000,89.985,62.989
18/07/24 13:04:17,6091.102,63274812.000,74.013,64.012
18/07/24 13:04:18,7640.160,63473304.000,75.002,63.001
18/07/24 13:04:19,9810.824,64682920.000,80.007,69.006
18/07/24 13:04:20,7868.057,63805496.000,79.980,65.984
18/07/24 13:04:21,7691.451,64673684.000,77.274,64.694
18/07/24 13:04:22,2620.372,63284212.000,72.433,61.781
18/07/24 13:04:23,11404.481,64044952.000,80.180,66.465
18/07/24 13:04:24,7140.278,63367472.000,73.003,61.002
18/07/24 13:04:25,10003.233,64156764.000,85.579,67.512
18/07/24 13:04:26,7097.591,63287032.000,84.578,66.267
18/07/24 13:04:27,10752.554,64398804.000,78.586,67.359
18/07/24 13:04:28,5959.392,63294912.000,79.992,65.993
18/07/24 13:04:29,10220.726,64057168.000,79.006,67.005
18/07/24 13:04:30,8170.474,64698828.000,74.004,65.004
18/07/24 13:04:31,8728.507,63988728.000,77.987,63.989
18/07/24 13:04:32,8001.448,64752684.000,79.014,68.012
18/07/24 13:04:33,5359.368,63367204.000,74.991,63.992
18/07/24 13:04:34,10628.852,64470304.000,94.990,65.993
18/07/24 13:04:35,7514.331,63564796.000,90.206,67.229
18/07/24 13:04:36,11552.789,64631044.000,78.797,69.099
18/07/24 13:04:37,7997.706,63740528.000,79.087,70.190
18/07/24 13:04:38,11515.468,64673724.000,93.095,75.893
18/07/24 13:04:39,9020.316,63777544.000,91.003,66.002
18/07/24 13:04:40,10769.558,64756376.000,96.996,68.997
18/07/24 13:04:41,9919.445,63820884.000,101.994,65.996
18/07/24 13:04:42,8078.231,64743816.000,76.983,63.986
18/07/24 13:04:43,9891.543,64750372.000,78.012,67.010
18/07/24 13:04:44,7430.899,63404164.000,76.009,67.008
18/07/24 13:04:45,5657.210,63428816.000,76.708,63.284
18/07/24 13:04:46,10188.609,64587148.000,81.509,66.879
18/07/24 13:04:47,7397.321,63514620.000,76.868,63.890
18/07/24 13:04:48,9978.045,64678240.000,81.664,68.523
18/07/24 13:04:49,7822.043,63857068.000,75.006,63.219
18/07/24 13:04:50,9500.998,64683620.000,84.009,65.007
18/07/24 13:04:51,1870.122,63295100.000,75.005,61.004
18/07/24 13:04:52,9240.407,64140460.000,79.003,66.003
18/07/24 13:04:53,7050.536,64445604.000,83.006,67.005
18/07/24 13:04:54,10317.400,64596000.000,86.978,64.984
18/07/24 13:04:55,6674.100,63877780.000,71.936,63.943
18/07/24 13:04:56,11699.547,64011312.000,78.064,64.052
18/07/24 13:04:57,6572.478,64583620.000,77.029,65.025
18/07/24 13:04:58,9787.181,63877636.000,80.977,62.982
18/07/24 13:04:59,7119.416,64711232.000,89.993,64.995
18/07/24 13:05:00,5551.671,63864676.000,83.025,63.019
18/07/24 13:05:01,10026.872,64706728.000,71.978,60.981
18/07/24 13:05:02,7065.972,63492008.000,74.379,63.889
18/07/24 13:05:03,10316.586,64702736.000,79.925,68.357
18/07/24 13:05:04,7117.310,63442288.000,82.969,63.976
18/07/24 13:05:05,8497.799,64691428.000,86.977,64.983
18/07/24 13:05:06,3791.699,63294936.000,74.033,64.029
18/07/24 13:05:07,10138.611,64208496.000,76.989,63.991
18/07/24 13:05:08,5033.714,63286180.000,75.415,66.329
18/07/24 13:05:09,6961.078,63507308.000,73.392,61.160
18/07/24 13:05:10,9215.085,64690584.000,83.855,66.905
18/07/24 13:05:11,5051.965,63679580.000,86.475,65.994
18/07/24 13:05:12,10912.233,64686828.000,83.790,69.176
18/07/24 13:05:13,4753.213,63272164.000,69.810,60.570
18/07/24 13:05:14,10074.070,64489516.000,77.031,63.025
18/07/24 13:05:15,7665.656,64171588.000,77.540,64.780
18/07/24 13:05:16,9629.021,64103880.000,95.176,62.593
18/07/24 13:05:17,4466.373,64645696.000,84.665,63.805
18/07/24 13:05:18,1840.156,63284192.000,68.006,60.005
18/07/24 13:05:19,10547.363,63983172.000,74.981,56.986
18/07/24 13:05:20,7560.809,64412400.000,74.008,62.007
18/07/24 13:05:21,11030.585,64461300.000,79.004,65.003
18/07/24 13:05:22,8048.760,63290852.000,78.988,66.990
18/07/24 13:05:23,10654.379,64449464.000,86.035,65.027
18/07/24 13:05:24,6526.887,63457308.000,77.963,62.970
18/07/24 13:05:25,9769.073,64669580.000,78.854,63.959
18/07/24 13:05:26,3798.365,63271624.000,73.404,64.083
18/07/24 13:05:27,9445.946,63913672.000,78.963,66.131
18/07/24 13:05:28,8692.529,63290228.000,80.186,66.538
18/07/24 13:05:29,10076.500,64023004.000,95.733,60.140
18/07/24 13:05:30,5860.510,63282460.000,80.007,60.005
18/07/24 13:05:31,10777.985,64292860.000,77.985,64.988
18/07/24 13:05:32,4806.817,63287168.000,75.345,65.808
18/07/24 13:05:33,5548.031,63349440.000,81.960,60.944
18/07/24 13:05:34,10280.216,64704676.000,98.002,66.001
18/07/24 13:05:35,5779.694,63304640.000,82.996,61.997
18/07/24 13:05:36,9634.059,64649760.000,74.174,63.090
18/07/24 13:05:37,7884.664,63488076.000,77.145,64.666
18/07/24 13:05:38,10081.424,64693020.000,75.108,68.761
18/07/24 13:05:39,7936.020,63668796.000,79.360,65.472
18/07/24 13:05:40,8907.211,64696484.000,80.621,66.051
18/07/24 13:05:41,8693.999,63570428.000,75.826,63.361
18/07/24 13:05:42,9416.393,64708808.000,78.946,63.727
18/07/24 13:05:43,5177.643,63314012.000,71.707,57.998
18/07/24 13:05:44,10730.376,64404224.000,82.003,62.002
18/07/24 13:05:45,6789.771,63310524.000,77.541,64.617
18/07/24 13:05:46,9848.995,64359556.000,94.566,64.386
18/07/24 13:05:47,7119.972,64137004.000,92.000,66.000
18/07/24 13:05:48,9919.008,64706740.000,74.993,65.993
18/07/24 13:05:49,2940.388,63300856.000,71.009,60.008
18/07/24 13:05:50,7697.737,63655156.000,74.978,60.982
18/07/24 13:05:51,8687.041,64711824.000,81.411,64.171
18/07/24 13:05:52,2008.608,63304964.000,84.738,63.815
18/07/24 13:05:53,4184.393,63322052.000,85.955,60.452
18/07/24 13:05:54,10725.324,64253384.000,90.964,64.521
18/07/24 13:05:55,3835.384,63310444.000,74.298,62.250
18/07/24 13:05:56,10533.666,64391896.000,81.028,67.023
18/07/24 13:05:57,7055.141,63316944.000,81.443,65.743
18/07/24 13:05:58,10824.783,64478612.000,94.793,68.292
18/07/24 13:05:59,7041.308,63306340.000,80.557,65.639
18/07/24 13:06:00,9831.764,64282368.000,74.392,64.339
18/07/24 13:06:01,7720.139,64016236.000,75.001,67.001
18/07/24 13:06:02,10905.038,64342184.000,80.037,68.031
18/07/24 13:06:03,6977.579,63318184.000,87.969,67.976
18/07/24 13:06:04,10122.561,64505220.000,94.024,68.017
18/07/24 13:06:05,7876.173,63304944.000,84.805,68.234
18/07/24 13:06:06,10757.964,64640716.000,76.989,67.751
18/07/24 13:06:07,3981.512,63297724.000,75.621,64.688
18/07/24 13:06:08,5451.759,63318716.000,74.241,64.269
18/07/24 13:06:09,10502.100,64707048.000,83.017,65.013
18/07/24 13:06:10,6637.847,63375524.000,79.079,63.103
18/07/24 13:06:11,11665.091,64491936.000,76.025,67.710
18/07/24 13:06:12,7192.799,63316456.000,76.256,69.043
18/07/24 13:06:13,11688.684,64398768.000,80.133,68.380
18/07/24 13:06:14,3677.161,63312068.000,75.125,64.251
18/07/24 13:06:15,5888.501,63463172.000,81.953,62.730
18/07/24 13:06:16,9363.296,64705488.000,90.925,64.808
18/07/24 13:06:17,7245.402,63747444.000,87.980,66.244
18/07/24 13:06:18,10549.567,64718844.000,74.997,68.997
18/07/24 13:06:19,6477.934,63489608.000,72.977,63.980
18/07/24 13:06:20,9893.463,64694968.000,76.027,65.023
18/07/24 13:06:21,6889.594,63511252.000,65.996,59.996
18/07/24 13:06:22,11106.579,64707028.000,74.977,71.978
18/07/24 13:06:23,5431.298,63316860.000,74.018,63.015
18/07/24 13:06:24,10955.892,64443216.000,87.967,64.976
18/07/24 13:06:25,6487.351,63350136.000,71.976,59.665
18/07/24 13:06:26,10849.814,64632676.000,83.705,64.633
18/07/24 13:06:27,6716.976,63421424.000,74.413,63.499
18/07/24 13:06:28,10211.385,64695108.000,76.611,66.530
18/07/24 13:06:29,2549.844,63299320.000,75.995,58.996
18/07/24 13:06:30,9969.048,64095912.000,76.685,68.058
18/07/24 13:06:31,6322.896,63519952.000,76.293,65.842
18/07/24 13:06:32,11249.066,64140680.000,71.994,66.994
18/07/24 13:06:33,6432.676,63323924.000,74.031,66.027
18/07/24 13:06:34,10805.937,64194608.000,74.972,61.977
18/07/24 13:06:35,4967.164,63315444.000,73.958,65.962
18/07/24 13:06:36,4172.895,63324056.000,80.286,62.445
18/07/24 13:06:37,10321.992,64533812.000,86.830,66.342
18/07/24 13:06:38,3884.271,63317708.000,69.399,55.934
18/07/24 13:06:39,7221.567,63675860.000,74.016,64.014
18/07/24 13:06:40,8224.390,64715896.000,76.821,67.783
18/07/24 13:06:41,8806.599,63529544.000,89.521,66.022
18/07/24 13:06:42,10408.537,64721728.000,93.154,66.539
18/07/24 13:06:43,7320.915,63539556.000,79.117,63.293
18/07/24 13:06:44,10876.378,64733020.000,77.974,63.979
18/07/24 13:06:45,2619.859,63321616.000,78.695,61.761
18/07/24 13:06:46,8585.053,63803976.000,75.307,65.266
18/07/24 13:06:47,8088.730,64727516.000,74.988,65.990
18/07/24 13:06:48,9623.922,64718008.000,87.925,68.811
18/07/24 13:06:49,7479.290,63440132.000,83.919,68.184
18/07/24 13:06:50,10471.644,64393924.000,77.938,63.949
18/07/24 13:06:51,7564.178,63326784.000,77.648,65.434
18/07/24 13:06:52,11042.897,64218696.000,80.887,67.992
18/07/24 13:06:53,5619.640,63333440.000,78.995,66.996
18/07/24 13:06:54,1779.687,63332772.000,65.988,55.990
18/07/24 13:06:55,10130.030,64476196.000,73.000,65.000
18/07/24 13:06:56,7372.555,63418536.000,71.597,61.922
18/07/24 13:06:57,10439.186,64743984.000,77.102,65.942
18/07/24 13:06:58,8230.134,63381624.000,79.548,65.270
18/07/24 13:06:59,10284.289,64608200.000,84.880,67.114
18/07/24 13:07:00,6596.547,63680208.000,72.957,65.864
18/07/24 13:07:01,9457.149,64722560.000,71.826,68.143
18/07/24 13:07:02,8321.496,63604904.000,71.077,65.610
18/07/24 13:07:03,9875.669,64738760.000,69.040,64.037
18/07/24 13:07:04,8078.812,63646332.000,69.990,62.991
18/07/24 13:07:05,8080.558,64735484.000,73.005,63.004
18/07/24 13:07:06,1769.664,63337852.000,70.987,60.988
18/07/24 13:07:07,7752.287,63766244.000,83.024,67.020
18/07/24 13:07:08,8434.167,64442748.000,73.489,65.798
18/07/24 13:07:09,6736.238,63426092.000,69.893,59.048
18/07/24 13:07:10,8755.340,64629088.000,71.553,64.597
18/07/24 13:07:11,3370.859,63346464.000,70.436,62.386
18/07/24 13:07:12,8530.338,63838936.000,72.640,63.806
18/07/24 13:07:13,9149.513,64754728.000,76.416,66.227
18/07/24 13:07:14,7967.779,63577856.000,71.620,64.657
18/07/24 13:07:15,9037.805,64754144.000,69.290,64.269
18/07/24 13:07:16,8461.745,63616252.000,70.097,67.093
18/07/24 13:07:17,7950.376,64746472.000,71.361,64.042
18/07/24 13:07:18,8193.052,63575576.000,71.675,61.751
18/07/24 13:07:19,10278.417,64736668.000,69.989,60.991
18/07/24 13:07:20,6989.084,63834080.000,73.720,63.189
18/07/24 13:07:21,9452.794,64725508.000,73.131,63.199
18/07/24 13:07:22,9341.517,63789424.000,75.487,68.410
18/07/24 13:07:23,9666.984,64735128.000,72.977,65.979
18/07/24 13:07:24,9082.543,63665484.000,77.022,64.018
18/07/24 13:07:25,8159.918,64736212.000,74.999,66.999
18/07/24 13:07:26,1986.484,63344588.000,73.134,62.263
18/07/24 13:07:27,8054.281,63720684.000,75.173,66.387
18/07/24 13:07:28,9965.902,64751180.000,75.704,64.296
18/07/24 13:07:29,7572.666,63646592.000,75.026,64.023
18/07/24 13:07:30,8861.787,64750724.000,72.683,66.161
18/07/24 13:07:31,7778.105,63669432.000,75.516,66.885
18/07/24 13:07:32,9939.692,64747376.000,79.998,67.998
18/07/24 13:07:33,8138.974,63711680.000,82.990,65.992
18/07/24 13:07:34,9682.808,64749676.000,89.026,67.019
18/07/24 13:07:35,6740.863,63402912.000,78.010,65.008
18/07/24 13:07:36,8858.707,64576976.000,75.989,60.991
18/07/24 13:07:37,7906.377,63763032.000,76.648,64.984
18/07/24 13:07:38,8978.591,64729560.000,72.529,63.776
18/07/24 13:07:39,7700.262,63673956.000,84.003,66.002
18/07/24 13:07:40,7781.675,64731668.000,87.006,67.454
18/07/24 13:07:41,8075.048,63622068.000,78.806,66.524
18/07/24 13:07:42,8967.220,64746136.000,75.118,67.606
18/07/24 13:07:43,1507.923,63347176.000,70.584,59.889
18/07/24 13:07:44,9458.212,64180736.000,77.985,64.988
18/07/24 13:07:45,7556.346,63343628.000,73.642,63.236
18/07/24 13:07:46,9964.299,63797500.000,71.935,69.271
18/07/24 13:07:47,7826.824,63497732.000,75.227,68.825
18/07/24 13:07:48,10847.505,63997284.000,73.294,63.966
18/07/24 13:07:49,6951.127,64612316.000,69.511,63.553
18/07/24 13:07:50,10313.058,64037156.000,75.535,64.457
18/07/24 13:07:51,7426.118,63332640.000,77.088,65.953
18/07/24 13:07:52,11654.283,64734580.000,99.722,76.894
18/07/24 13:07:53,7120.050,63339380.000,89.001,75.001
18/07/24 13:07:54,11549.861,64046224.000,72.999,70.999
18/07/24 13:07:55,6898.379,63417432.000,72.983,68.984
18/07/24 13:07:56,10222.014,64457988.000,76.015,73.014
18/07/24 13:07:57,5049.530,63330688.000,79.993,67.994
18/07/24 13:07:58,3520.345,63342164.000,84.008,61.006
18/07/24 13:07:59,11100.710,64288320.000,91.006,64.004
18/07/24 13:08:00,5829.930,63338240.000,72.999,62.999
18/07/24 13:08:01,10227.392,64271204.000,77.980,60.984
18/07/24 13:08:02,6395.079,63340000.000,77.486,66.697
18/07/24 13:08:03,10497.590,64529112.000,79.574,68.352
18/07/24 13:08:04,7727.182,63338068.000,86.744,64.809
18/07/24 13:08:05,9927.937,64346508.000,81.229,63.178
18/07/24 13:08:06,7628.704,63362532.000,77.492,66.299
18/07/24 13:08:07,10338.204,64621388.000,84.661,64.390
18/07/24 13:08:08,7560.650,63399352.000,76.007,71.006
18/07/24 13:08:09,10137.770,64609640.000,76.983,65.985
18/07/24 13:08:10,7280.808,63519012.000,92.010,67.007
18/07/24 13:08:11,9782.172,64726100.000,88.020,65.014
18/07/24 13:08:12,6510.501,63533300.000,86.004,63.643
18/07/24 13:08:13,9864.842,64537868.000,85.989,65.686
18/07/24 13:08:14,5700.040,63349348.000,77.001,63.000
18/07/24 13:08:15,10657.769,64588752.000,81.444,68.308
18/07/24 13:08:16,6340.585,63355044.000,81.588,66.436
18/07/24 13:08:17,10326.086,64401356.000,77.970,73.972
18/07/24 13:08:18,6549.627,63356552.000,74.996,64.996
18/07/24 13:08:19,11101.632,64525572.000,78.011,64.009
18/07/24 13:08:20,6051.401,63678924.000,75.889,69.975
18/07/24 13:08:21,10417.087,64759492.000,77.649,80.674
18/07/24 13:08:22,8798.720,63811468.000,90.194,77.720
18/07/24 13:08:23,10090.276,64498100.000,84.086,65.166
18/07/24 13:08:24,7358.653,63438096.000,71.987,60.989
18/07/24 13:08:25,8856.078,64748208.000,77.837,68.323
18/07/24 13:08:26,8714.515,63557284.000,78.902,65.948
18/07/24 13:08:27,9537.605,64760940.000,84.241,64.875
18/07/24 13:08:28,9149.189,63865664.000,94.049,64.830
18/07/24 13:08:29,9090.112,64755048.000,89.978,64.600
18/07/24 13:08:30,8347.001,63860908.000,76.285,62.979
18/07/24 13:08:31,7738.430,64759656.000,76.811,59.615
18/07/24 13:08:32,7389.667,63596104.000,78.996,65.997
18/07/24 13:08:33,8759.483,64673204.000,78.995,67.996
18/07/24 13:08:34,2660.372,63359148.000,73.010,61.009
18/07/24 13:08:35,10923.910,64470008.000,80.080,69.634
18/07/24 13:08:36,6238.069,63364512.000,75.186,63.438
18/07/24 13:08:37,10771.325,64312844.000,75.009,62.008
18/07/24 13:08:38,3879.119,63362396.000,73.983,60.986
18/07/24 13:08:39,6689.619,63409400.000,76.996,61.996
18/07/24 13:08:40,9209.778,64763676.000,76.455,66.788
18/07/24 13:08:41,4061.204,63364984.000,76.032,64.905
18/07/24 13:08:42,10592.531,63975572.000,82.954,62.534
18/07/24 13:08:43,7659.663,63371004.000,75.997,66.997
18/07/24 13:08:44,10622.645,64362664.000,72.018,64.016
18/07/24 13:08:45,8140.594,63416740.000,82.550,67.838
18/07/24 13:08:46,9799.112,64751892.000,83.723,66.035
18/07/24 13:08:47,6815.583,63352292.000,80.753,63.526
18/07/24 13:08:48,10701.979,64348136.000,78.075,64.745
18/07/24 13:08:49,4739.696,63354976.000,81.101,62.143
18/07/24 13:08:50,9700.504,64047492.000,81.004,56.003
18/07/24 13:08:51,6520.222,64520652.000,84.003,63.002
18/07/24 13:08:52,9954.386,64614824.000,94.946,65.963
18/07/24 13:08:53,4901.745,63342864.000,86.031,63.022
18/07/24 13:08:54,4589.105,63806852.000,71.986,61.988
18/07/24 13:08:55,10488.930,64743956.000,72.993,65.993
18/07/24 13:08:56,7923.200,63590120.000,77.467,65.700
18/07/24 13:08:57,10757.286,64760252.000,79.608,67.361
18/07/24 13:08:58,5233.930,63362836.000,76.165,63.471
18/07/24 13:08:59,10531.751,64766944.000,78.886,62.494
18/07/24 13:09:00,7551.712,63367060.000,79.993,65.708
18/07/24 13:09:01,9766.225,64418840.000,81.088,62.376
18/07/24 13:09:02,5136.560,63513692.000,76.142,64.056
18/07/24 13:09:03,10945.079,64756948.000,78.761,67.898
18/07/24 13:09:04,5840.202,63359632.000,77.050,61.417
18/07/24 13:09:05,9980.479,64140036.000,97.005,67.003
18/07/24 13:09:06,4859.431,63358516.000,75.991,65.992
18/07/24 13:09:07,10315.966,64764128.000,76.970,69.973
18/07/24 13:09:08,7144.287,64767632.000,76.046,74.044
18/07/24 13:09:09,2999.532,63554088.000,72.989,63.990
18/07/24 13:09:10,10430.073,64762704.000,79.431,65.247
18/07/24 13:09:11,6430.370,63365800.000,74.278,64.728
18/07/24 13:09:12,10583.265,64770204.000,91.144,71.676
18/07/24 13:09:13,6940.909,63375472.000,78.143,63.204
18/07/24 13:09:14,10429.970,64402616.000,80.005,62.443
18/07/24 13:09:15,5457.709,63376880.000,72.838,63.605
18/07/24 13:09:16,11420.411,64474016.000,84.003,65.002
18/07/24 13:09:17,7238.401,64131448.000,94.885,65.064
18/07/24 13:09:18,9857.640,64777716.000,104.059,68.254
18/07/24 13:09:19,1850.237,63373676.000,69.009,58.007
18/07/24 13:09:20,7731.667,64159020.000,76.707,64.503
18/07/24 13:09:21,8774.369,64779128.000,75.075,60.998
18/07/24 13:09:22,8675.027,64122916.000,76.867,66.801
18/07/24 13:09:23,8177.886,63483308.000,80.456,65.026
18/07/24 13:09:24,10499.027,64115008.000,79.613,67.671
18/07/24 13:09:25,5675.363,63547500.000,83.373,68.305
18/07/24 13:09:26,11312.723,64175460.000,75.101,71.299
18/07/24 13:09:27,5887.262,63456556.000,75.965,66.469
18/07/24 13:09:28,10781.671,64783924.000,75.763,66.050
18/07/24 13:09:29,6398.097,63385568.000,70.635,62.445
18/07/24 13:09:30,5361.399,63387164.000,83.742,65.453
18/07/24 13:09:31,9042.200,64760468.000,77.754,61.155
18/07/24 13:09:32,5641.439,63769992.000,72.833,62.957
18/07/24 13:09:33,11102.273,64781632.000,79.944,68.952
18/07/24 13:09:34,8154.534,63380120.000,73.041,67.037
18/07/24 13:09:35,10241.454,64514692.000,68.010,69.010
18/07/24 13:09:36,6969.355,63653536.000,72.064,68.271
18/07/24 13:09:37,10883.568,64772564.000,74.038,66.634
18/07/24 13:09:38,7361.826,63381212.000,75.019,61.015
18/07/24 13:09:39,10293.781,64773668.000,71.678,56.745
18/07/24 13:09:40,6187.870,63880728.000,73.330,74.335
18/07/24 13:09:41,10568.754,64776612.000,80.478,84.356
18/07/24 13:09:42,4573.054,64452116.000,82.583,76.390
18/07/24 13:09:43,10500.801,64770628.000,84.875,69.084
18/07/24 13:09:44,6250.836,63381908.000,72.943,62.812
18/07/24 13:09:45,9973.461,64132368.000,75.026,65.023
18/07/24 13:09:46,6903.282,63383620.000,74.581,66.395
18/07/24 13:09:47,11103.363,64716492.000,88.827,74.393
18/07/24 13:09:48,6900.918,63392244.000,89.012,71.009
18/07/24 13:09:49,10426.392,64625200.000,72.975,61.979
18/07/24 13:09:50,3870.108,63386388.000,73.002,64.002
18/07/24 13:09:51,6180.358,63508628.000,69.004,64.004
18/07/24 13:09:52,10251.681,64659780.000,75.012,70.011
18/07/24 13:09:53,3179.107,63379684.000,72.979,62.982
18/07/24 13:09:54,9592.129,63923228.000,73.016,64.014
18/07/24 13:09:55,6379.311,63377200.000,82.165,66.470
18/07/24 13:09:56,11180.619,64058280.000,68.720,64.357
18/07/24 13:09:57,7539.668,64783816.000,70.997,64.997
18/07/24 13:09:58,6583.714,63850280.000,72.833,72.833
18/07/24 13:09:59,10903.005,64786812.000,67.948,78.401
18/07/24 13:10:00,7759.767,64788060.000,81.998,76.998
18/07/24 13:10:01,9504.168,64645436.000,84.700,68.942
18/07/24 13:10:02,6828.116,63512604.000,74.760,65.789
18/07/24 13:10:03,10475.259,64747828.000,78.463,66.235
18/07/24 13:10:04,7560.015,63609588.000,76.000,64.000
18/07/24 13:10:05,8578.679,64785124.000,77.988,67.990
18/07/24 13:10:06,7571.643,63740928.000,74.016,67.015
18/07/24 13:10:07,10776.218,64781716.000,78.972,68.976
18/07/24 13:10:08,8680.855,63811516.000,75.957,66.093
18/07/24 13:10:09,8142.464,64780760.000,81.120,67.938
18/07/24 13:10:10,8751.182,64095228.000,75.798,68.046
18/07/24 13:10:11,8978.352,64779312.000,75.118,67.964
18/07/24 13:10:12,9448.554,63886852.000,89.986,67.990
18/07/24 13:10:13,6439.602,64781068.000,90.016,69.243
18/07/24 13:10:14,10627.229,64036428.000,79.881,61.680
18/07/24 13:10:15,6658.355,63392912.000,76.981,66.983
18/07/24 13:10:16,10969.122,64584552.000,82.993,62.995
18/07/24 13:10:17,7572.772,63395224.000,84.031,63.023
18/07/24 13:10:18,11388.645,64504348.000,80.990,64.992
18/07/24 13:10:19,6740.667,63397428.000,87.009,62.006
18/07/24 13:10:20,10280.308,64299008.000,83.002,60.002
18/07/24 13:10:21,3736.403,63389148.000,72.497,60.414
18/07/24 13:10:22,6827.098,63564456.000,77.900,64.917
18/07/24 13:10:23,10547.581,64800092.000,79.060,69.759
18/07/24 13:10:24,7635.338,63496524.000,81.112,63.808
18/07/24 13:10:25,9279.510,64793068.000,78.077,66.410
18/07/24 13:10:26,8307.448,63584788.000,80.140,64.338
18/07/24 13:10:27,9526.054,64782688.000,75.932,62.126
18/07/24 13:10:28,8338.524,64352876.000,76.081,67.966
18/07/24 13:10:29,9006.154,64785804.000,72.969,64.972
18/07/24 13:10:30,8013.298,64195072.000,97.576,63.036
18/07/24 13:10:31,7147.759,64797752.000,96.174,66.491
18/07/24 13:10:32,9058.551,64073824.000,85.689,64.031
18/07/24 13:10:33,7798.423,64790896.000,76.811,65.076
18/07/24 13:10:34,9580.192,64087384.000,79.002,67.001
18/07/24 13:10:35,7190.417,64789568.000,75.004,63.004
18/07/24 13:10:36,9107.113,63951652.000,94.970,62.980
18/07/24 13:10:37,6399.790,63385284.000,88.186,62.990
18/07/24 13:10:38,11270.697,64724156.000,92.687,63.027
18/07/24 13:10:39,7620.236,64352120.000,75.002,60.002
18/07/24 13:10:40,9650.724,64783788.000,75.006,66.005
18/07/24 13:10:41,7006.908,63650196.000,77.523,61.621
18/07/24 13:10:42,10432.480,64795588.000,96.578,68.410
18/07/24 13:10:43,9802.848,63674860.000,95.271,71.035
18/07/24 13:10:44,8214.933,64649644.000,79.660,67.213
18/07/24 13:10:45,5930.144,63478932.000,73.402,62.778
18/07/24 13:10:46,10140.042,64791156.000,76.724,65.319
18/07/24 13:10:47,7248.173,63745740.000,74.981,65.983
18/07/24 13:10:48,10072.387,64790844.000,94.022,69.016
18/07/24 13:10:49,3279.305,63398940.000,72.985,62.987
18/07/24 13:10:50,864.992,63398896.000,60.733,52.452
18/07/24 13:10:51,1117.161,63397760.000,66.811,58.049
18/07/24 13:10:52,1830.051,63394156.000,68.002,60.002
18/07/24 13:10:53,1159.717,63397072.000,68.983,59.985
18/07/24 13:10:54,2969.754,63399828.000,68.994,58.995
18/07/24 13:10:55,1040.177,63398548.000,70.012,61.010
18/07/24 13:10:56,1220.101,63396868.000,68.006,58.005
18/07/24 13:10:57,1959.794,63395064.000,67.993,55.994
18/07/24 13:10:58,2500.588,63393392.000,68.016,61.014
18/07/24 13:10:59,2279.820,63399320.000,65.995,55.996
18/07/24 13:11:00,1869.794,63402300.000,66.993,57.994
18/07/24 13:11:01,1200.250,63401372.000,66.014,58.012
18/07/24 13:11:02,1925.376,63403780.000,75.137,61.988
18/07/24 13:11:03,2052.389,63410432.000,79.103,60.930
18/07/24 13:11:04,1690.375,63411472.000,69.015,59.013
18/07/24 13:11:05,844.412,63412196.000,65.290,56.584
18/07/24 13:11:06,1396.279,63413348.000,66.881,56.321
18/07/24 13:11:07,1211.149,63414280.000,66.063,56.053
18/07/24 13:11:08,1720.395,63415692.000,76.462,60.077
