25/07/24 07:42:51,?,14064808.000,?,?
25/07/24 07:42:52,559.571,14065116.000,60.953,50.961
25/07/24 07:42:53,220.077,14069352.000,53.019,45.016
25/07/24 07:42:54,44698.684,15173848.000,90.038,80.033
25/07/24 07:42:55,51582.218,23184796.000,91.004,93.004
25/07/24 07:42:56,38698.670,14899204.000,114.877,108.884
25/07/24 07:42:57,88139.694,16579908.000,168.228,149.203
25/07/24 07:42:58,80192.278,30806376.000,180.960,175.961
25/07/24 07:42:59,51285.995,14176712.000,140.163,146.976
25/07/24 07:43:00,89118.945,14623016.000,172.508,172.508
25/07/24 07:43:01,86682.677,22838044.000,179.700,?
25/07/24 07:43:02,83826.172,41122580.000,182.296,176.254
25/07/24 07:43:03,50124.359,24801900.000,155.261,151.255
25/07/24 07:43:04,83139.774,16061232.000,179.978,174.978
25/07/24 07:43:05,83801.535,20853340.000,179.917,172.921
25/07/24 07:43:06,85166.742,32614508.000,180.057,175.055
25/07/24 07:43:07,85528.809,42988896.000,180.019,173.018
25/07/24 07:43:08,87132.644,54507964.000,179.776,174.891
25/07/24 07:43:09,78800.399,36310172.000,179.231,172.062
25/07/24 07:43:10,47801.491,14190104.000,156.808,151.814
25/07/24 07:43:11,86665.993,15973288.000,184.225,178.218
25/07/24 07:43:12,84617.800,21751464.000,179.995,173.995
25/07/24 07:43:13,82158.498,35683756.000,178.975,173.976
25/07/24 07:43:14,85093.404,49360412.000,180.007,175.007
25/07/24 07:43:15,85088.683,60000852.000,179.976,174.977
25/07/24 07:43:16,67414.427,16429164.000,179.038,166.036
25/07/24 07:43:17,60049.742,15273716.000,162.810,149.825
25/07/24 07:43:18,86363.195,23464348.000,181.007,176.007
25/07/24 07:43:19,82676.560,41155200.000,178.712,174.718
25/07/24 07:43:20,82282.536,48947532.000,180.466,175.453
25/07/24 07:43:21,43722.242,14173400.000,166.046,146.041
25/07/24 07:43:22,79379.027,19602012.000,179.456,167.368
25/07/24 07:43:23,71675.363,29225468.000,175.187,169.780
25/07/24 07:43:24,8681.241,15345444.000,93.013,89.013
25/07/24 07:43:25,8575.789,14383252.000,76.962,73.964
25/07/24 07:43:26,7889.713,15574220.000,69.934,56.144
25/07/24 07:43:27,9493.378,14524740.000,70.058,59.905
25/07/24 07:43:28,8073.819,15491608.000,65.031,48.023
25/07/24 07:43:29,8119.537,14831136.000,63.996,56.997
25/07/24 07:43:30,9008.811,16022348.000,71.990,58.992
25/07/24 07:43:31,6759.148,14128024.000,64.992,53.993
25/07/24 07:43:32,9408.974,15119936.000,66.993,62.993
25/07/24 07:43:33,6910.525,14127304.000,61.005,51.004
25/07/24 07:43:34,9601.191,15193120.000,81.010,58.007
25/07/24 07:43:35,6919.619,14122960.000,68.996,57.997
25/07/24 07:43:36,9899.693,14638400.000,65.998,52.998
25/07/24 07:43:37,7139.357,15698964.000,59.995,49.996
25/07/24 07:43:38,9713.869,14678832.000,63.972,65.940
25/07/24 07:43:39,6997.228,15930480.000,64.422,58.475
25/07/24 07:43:40,10690.030,14576676.000,70.788,58.477
25/07/24 07:43:41,6968.920,16003612.000,64.990,54.991
25/07/24 07:43:42,9779.531,14395756.000,85.996,59.997
25/07/24 07:43:43,6082.561,15748584.000,73.031,56.024
25/07/24 07:43:44,8288.583,14464700.000,63.989,52.991
25/07/24 07:43:45,7829.280,15916992.000,74.993,52.995
25/07/24 07:43:46,7310.102,14107588.000,72.001,57.001
25/07/24 07:43:47,9373.271,15222588.000,70.024,58.020
25/07/24 07:43:48,7266.970,14091756.000,67.972,51.978
25/07/24 07:43:49,8951.128,15441508.000,75.009,53.007
25/07/24 07:43:50,7120.548,14325176.000,67.005,60.005
25/07/24 07:43:51,9380.141,15215500.000,58.001,70.001
25/07/24 07:43:52,7729.443,14381328.000,70.995,59.996
25/07/24 07:43:53,9831.701,15470740.000,64.011,53.009
25/07/24 07:43:54,6906.222,15260316.000,76.958,59.967
25/07/24 07:43:55,9653.581,15155992.000,67.025,47.017
25/07/24 07:43:56,6678.951,15982900.000,73.988,58.991
25/07/24 07:43:57,9909.643,14876960.000,70.997,53.998
25/07/24 07:43:58,7000.406,15978196.000,65.004,53.003
25/07/24 07:43:59,9750.614,14757712.000,77.005,55.003
25/07/24 07:44:00,8328.976,15690456.000,72.991,52.993
25/07/24 07:44:01,9951.015,14468328.000,65.007,53.005
25/07/24 07:44:02,7052.663,15948528.000,67.651,54.121
25/07/24 07:44:03,9587.471,15071752.000,65.237,64.072
25/07/24 07:44:04,5609.367,15976628.000,65.686,53.174
25/07/24 07:44:05,7951.503,14375760.000,68.013,57.011
25/07/24 07:44:06,8440.076,15454060.000,64.001,51.000
25/07/24 07:44:07,7508.446,14354980.000,68.986,54.989
25/07/24 07:44:08,10158.250,15833612.000,72.244,54.624
25/07/24 07:44:09,8246.397,14083212.000,72.864,55.516
25/07/24 07:44:10,10281.024,14983752.000,67.787,57.431
25/07/24 07:44:11,8118.689,14086228.000,75.828,63.696
25/07/24 07:44:12,9653.150,15586600.000,66.392,69.553
25/07/24 07:44:13,6398.931,14082292.000,64.989,58.990
25/07/24 07:44:14,9505.931,15075616.000,65.972,53.977
25/07/24 07:44:15,6464.363,14829620.000,63.043,51.034
25/07/24 07:44:16,9649.546,14651484.000,63.997,58.997
25/07/24 07:44:17,7741.270,15671172.000,63.010,59.010
25/07/24 07:44:18,9838.937,15406704.000,61.993,55.994
25/07/24 07:44:19,7363.849,15977116.000,64.458,51.762
25/07/24 07:44:20,9565.115,14347560.000,68.615,59.398
25/07/24 07:44:21,8633.678,15496824.000,61.026,53.023
25/07/24 07:44:22,7878.125,14380404.000,66.984,60.985
25/07/24 07:44:23,9508.830,15794664.000,66.992,53.993
25/07/24 07:44:24,6990.210,14082836.000,71.002,50.002
25/07/24 07:44:25,9330.373,15015980.000,65.003,53.002
25/07/24 07:44:26,6329.778,14506188.000,65.998,53.998
25/07/24 07:44:27,10241.721,14979792.000,72.012,66.011
25/07/24 07:44:28,5330.277,15280916.000,63.003,49.003
25/07/24 07:44:29,9459.291,14977000.000,70.995,57.996
25/07/24 07:44:30,6678.898,15979516.000,62.990,49.992
25/07/24 07:44:31,8401.311,14335044.000,70.011,56.009
25/07/24 07:44:32,7959.570,15409464.000,66.996,52.997
25/07/24 07:44:33,8454.319,14328972.000,69.953,57.961
25/07/24 07:44:34,7123.562,15986424.000,72.036,55.028
25/07/24 07:44:35,7180.438,14362204.000,69.004,57.003
25/07/24 07:44:36,8890.756,15737004.000,70.006,62.005
25/07/24 07:44:37,6920.242,14087216.000,62.002,51.002
25/07/24 07:44:38,10274.461,15217128.000,71.362,61.045
25/07/24 07:44:39,7623.317,15441648.000,63.328,53.769
25/07/24 07:44:40,10821.104,15215360.000,74.008,74.008
25/07/24 07:44:41,5719.428,14903072.000,69.993,51.995
25/07/24 07:44:42,10682.019,14511764.000,78.015,63.012
25/07/24 07:44:43,6259.581,15557636.000,66.996,53.996
25/07/24 07:44:44,10060.624,14434988.000,72.004,60.004
25/07/24 07:44:45,8038.320,15592964.000,57.988,50.989
25/07/24 07:44:46,8468.882,14339824.000,64.991,59.992
25/07/24 07:44:47,7830.329,15463644.000,70.003,55.002
25/07/24 07:44:48,7290.831,14304292.000,66.008,57.006
25/07/24 07:44:49,9458.846,15660620.000,60.993,54.993
25/07/24 07:44:50,6490.214,14747464.000,59.002,56.002
25/07/24 07:44:51,9690.233,15978956.000,69.002,62.001
25/07/24 07:44:52,6329.791,14089804.000,69.998,58.998
25/07/24 07:44:53,9318.425,14727212.000,61.990,51.991
25/07/24 07:44:54,6881.851,15954184.000,61.016,57.015
25/07/24 07:44:55,9478.559,14801228.000,67.990,65.990
25/07/24 07:44:56,5860.176,15958636.000,72.002,60.002
25/07/24 07:44:57,9540.420,14596892.000,73.003,60.003
25/07/24 07:44:58,8081.455,15993812.000,78.014,60.011
25/07/24 07:44:59,8920.419,14408164.000,67.003,51.002
25/07/24 07:45:00,9439.217,15635568.000,76.994,63.995
25/07/24 07:45:01,8437.072,14452932.000,72.975,56.980
25/07/24 07:45:02,8453.880,15810780.000,75.034,63.029
25/07/24 07:45:03,7317.563,14095824.000,68.977,57.981
25/07/24 07:45:04,9669.062,15265528.000,73.993,58.994
25/07/24 07:45:05,6120.514,14094424.000,63.005,58.005
25/07/24 07:45:06,9907.448,15090216.000,68.870,55.096
25/07/24 07:45:07,7950.605,14800004.000,78.286,55.919
25/07/24 07:45:08,10842.128,15293596.000,73.281,61.804
25/07/24 07:45:09,8455.006,15996548.000,78.437,64.595
25/07/24 07:45:10,9758.614,14899052.000,65.991,54.992
25/07/24 07:45:11,6791.053,15811660.000,78.550,57.669
25/07/24 07:45:12,10322.983,14583404.000,72.561,56.114
25/07/24 07:45:13,6775.829,15602580.000,82.226,56.205
25/07/24 07:45:14,10048.322,14841124.000,72.988,59.990
25/07/24 07:45:15,6360.089,16005776.000,67.001,56.001
25/07/24 07:45:16,9399.972,15497148.000,69.000,54.000
25/07/24 07:45:17,8249.414,15997004.000,70.995,55.996
25/07/24 07:45:18,8199.729,14316620.000,67.998,57.998
25/07/24 07:45:19,8937.169,15426056.000,65.299,55.553
25/07/24 07:45:20,8144.585,14104612.000,65.732,59.569
25/07/24 07:45:21,9863.307,15147180.000,66.684,53.746
25/07/24 07:45:22,7783.907,14104216.000,73.319,63.276
25/07/24 07:45:23,9411.675,15233112.000,73.013,52.009
25/07/24 07:45:24,5390.410,14089476.000,69.005,57.004
25/07/24 07:45:25,9319.497,14914108.000,60.997,45.998
25/07/24 07:45:26,7140.778,14358828.000,78.009,54.006
25/07/24 07:45:27,9870.701,14546860.000,77.005,55.004
25/07/24 07:45:28,6138.674,15699572.000,61.987,53.988
25/07/24 07:45:29,9399.342,14342152.000,66.995,56.996
25/07/24 07:45:30,8401.420,15411484.000,66.011,50.008
25/07/24 07:45:31,7620.320,14178012.000,74.003,60.003
25/07/24 07:45:32,10578.572,15306120.000,68.991,51.993
25/07/24 07:45:33,6931.518,14166816.000,69.015,56.012
25/07/24 07:45:34,9479.223,14936256.000,59.995,47.996
25/07/24 07:45:35,7370.295,14096992.000,69.003,57.002
25/07/24 07:45:36,9078.266,15196372.000,80.985,57.989
25/07/24 07:45:37,5600.168,16024884.000,73.002,55.002
25/07/24 07:45:38,9785.011,15522628.000,69.755,54.254
25/07/24 07:45:39,7126.209,15654180.000,71.059,59.893
25/07/24 07:45:40,10891.350,15162360.000,73.288,62.091
25/07/24 07:45:41,8641.452,14094584.000,71.012,56.009
25/07/24 07:45:42,9952.885,14668592.000,72.349,60.617
25/07/24 07:45:43,5728.617,15692268.000,64.871,50.899
25/07/24 07:45:44,9245.043,14430924.000,75.846,57.397
25/07/24 07:45:45,7908.932,15625100.000,69.991,49.993
25/07/24 07:45:46,7799.961,15183052.000,76.000,65.000
25/07/24 07:45:47,7030.809,15980496.000,73.008,58.007
25/07/24 07:45:48,6970.202,14124424.000,72.002,56.002
25/07/24 07:45:49,9830.079,15161500.000,69.001,57.000
25/07/24 07:45:50,7229.740,14091672.000,71.997,53.998
25/07/24 07:45:51,8583.682,15216440.000,84.036,57.024
25/07/24 07:45:52,6807.862,14190896.000,65.979,50.984
25/07/24 07:45:53,9308.604,15359124.000,68.990,53.992
25/07/24 07:45:54,6931.130,14153004.000,67.011,54.009
25/07/24 07:45:55,9298.791,15553488.000,69.991,53.993
25/07/24 07:45:56,6100.885,14090664.000,80.012,58.008
25/07/24 07:45:57,10449.540,14891220.000,80.996,59.997
25/07/24 07:45:58,6177.461,14088204.000,70.469,59.487
25/07/24 07:45:59,10286.478,15070544.000,71.664,55.126
25/07/24 07:46:00,7729.451,15986032.000,73.995,54.996
25/07/24 07:46:01,9716.453,14850360.000,65.976,55.980
25/07/24 07:46:02,7647.836,15978188.000,77.978,57.984
25/07/24 07:46:03,8850.041,14620900.000,76.342,52.780
25/07/24 07:46:04,6584.232,15910080.000,76.710,60.728
25/07/24 07:46:05,6691.064,14145808.000,62.010,53.008
25/07/24 07:46:06,9510.162,15301332.000,69.001,54.001
25/07/24 07:46:07,6688.535,14092124.000,69.985,51.989
25/07/24 07:46:08,9815.603,15256676.000,72.675,52.039
25/07/24 07:46:09,6568.097,14089720.000,70.492,55.946
25/07/24 07:46:10,10365.860,14807788.000,73.610,62.518
25/07/24 07:46:11,8377.528,14710332.000,67.131,57.015
25/07/24 07:46:12,10574.242,15223988.000,82.183,63.555
25/07/24 07:46:13,6471.540,14082588.000,71.017,59.014
25/07/24 07:46:14,9290.158,14720780.000,63.001,48.001
25/07/24 07:46:15,6788.255,15789676.000,68.982,55.986
25/07/24 07:46:16,9790.235,15076832.000,63.002,47.001
25/07/24 07:46:17,6699.732,14650132.000,69.997,56.998
25/07/24 07:46:18,9409.718,15450060.000,70.998,50.998
25/07/24 07:46:19,6348.718,15092856.000,77.984,55.989
25/07/24 07:46:20,11095.614,14965676.000,71.036,59.030
25/07/24 07:46:21,6810.402,15283964.000,74.004,61.004
25/07/24 07:46:22,10230.123,14522432.000,74.001,54.001
25/07/24 07:46:23,9010.252,15574360.000,74.002,58.002
25/07/24 07:46:24,10047.699,14852516.000,67.984,54.987
25/07/24 07:46:25,6829.734,15143704.000,72.997,59.998
25/07/24 07:46:26,9218.663,14770536.000,66.990,47.993
25/07/24 07:46:27,6560.433,15699936.000,70.005,59.004
25/07/24 07:46:28,9639.345,14884752.000,76.995,54.996
25/07/24 07:46:29,5869.530,15849488.000,70.994,56.995
25/07/24 07:46:30,9490.835,14718480.000,66.006,53.005
25/07/24 07:46:31,6830.417,15969752.000,68.004,58.004
25/07/24 07:46:32,9429.642,14535348.000,61.998,48.998
25/07/24 07:46:33,7809.750,15688688.000,65.998,55.998
25/07/24 07:46:34,8310.440,14314528.000,63.003,52.003
25/07/24 07:46:35,7841.372,15454256.000,61.011,46.008
25/07/24 07:46:36,8319.825,14477520.000,65.999,50.999
25/07/24 07:46:37,8029.944,15970748.000,79.999,53.000
25/07/24 07:46:38,7590.197,14081312.000,80.002,53.001
25/07/24 07:46:39,10240.102,15137692.000,68.001,48.000
25/07/24 07:46:40,8960.511,14079332.000,68.004,60.003
25/07/24 07:46:41,9719.757,15143224.000,69.427,53.999
25/07/24 07:46:42,7096.054,14110432.000,67.090,57.629
25/07/24 07:46:43,10282.616,14945324.000,68.717,52.475
25/07/24 07:46:44,5939.252,14078588.000,71.991,54.993
25/07/24 07:46:45,9680.223,14769628.000,67.002,52.001
25/07/24 07:46:46,7407.304,15010444.000,74.973,55.980
25/07/24 07:46:47,10478.805,14642844.000,71.992,55.994
25/07/24 07:46:48,6934.036,15856232.000,68.040,55.032
25/07/24 07:46:49,9556.464,14516444.000,71.973,58.978
25/07/24 07:46:50,7133.256,15634236.000,77.641,57.260
25/07/24 07:46:51,10252.041,14610960.000,80.449,60.852
25/07/24 07:46:52,6511.107,15672460.000,71.012,52.009
25/07/24 07:46:53,9540.076,14553204.000,68.001,50.000
25/07/24 07:46:54,7180.675,15968900.000,68.006,50.005
25/07/24 07:46:55,9258.861,14465952.000,73.991,49.994
25/07/24 07:46:56,7441.831,15565840.000,65.016,47.012
25/07/24 07:46:57,8471.965,15160964.000,73.017,59.014
25/07/24 07:46:58,7946.075,15959416.000,74.963,55.972
25/07/24 07:46:59,7452.082,14133860.000,78.237,52.810
25/07/24 07:47:00,9084.492,15182500.000,79.796,54.221
25/07/24 07:47:01,7080.864,14573748.000,70.009,58.007
25/07/24 07:47:02,9792.429,15966708.000,78.019,62.015
25/07/24 07:47:03,6978.256,14069888.000,68.378,53.391
25/07/24 07:47:04,9177.971,15179484.000,90.064,53.610
25/07/24 07:47:05,5629.831,14074036.000,68.998,52.998
25/07/24 07:47:06,9490.104,14774264.000,76.001,52.001
25/07/24 07:47:07,5920.320,15681044.000,67.004,51.003
25/07/24 07:47:08,10525.421,14789528.000,69.627,61.489
25/07/24 07:47:09,7874.447,15841004.000,64.875,54.808
25/07/24 07:47:10,9082.163,14466260.000,76.765,56.826
25/07/24 07:47:11,7629.729,15650660.000,76.584,59.353
25/07/24 07:47:12,10574.643,14380920.000,79.809,61.957
25/07/24 07:47:13,7959.737,15522148.000,68.998,52.998
25/07/24 07:47:14,8382.936,14308204.000,63.914,51.872
25/07/24 07:47:15,8276.941,15435664.000,72.776,57.569
25/07/24 07:47:16,7159.950,14088740.000,64.000,48.000
25/07/24 07:47:17,9460.028,15218532.000,69.000,54.000
25/07/24 07:47:18,6290.000,14074264.000,66.000,50.000
25/07/24 07:47:19,9494.148,15259832.000,73.942,53.238
25/07/24 07:47:20,7508.475,14079528.000,75.085,51.748
25/07/24 07:47:21,10721.469,14933200.000,68.009,55.008
25/07/24 07:47:22,6752.990,14897220.000,77.919,58.939
25/07/24 07:47:23,9680.717,15167368.000,78.086,45.050
25/07/24 07:47:24,5667.971,15975844.000,72.974,60.978
25/07/24 07:47:25,9430.632,14560052.000,73.005,47.003
25/07/24 07:47:26,6000.006,15747020.000,75.000,58.000
25/07/24 07:47:27,9879.615,15115180.000,70.997,48.998
25/07/24 07:47:28,6550.832,15979548.000,74.009,53.007
25/07/24 07:47:29,9519.162,14812824.000,67.994,49.996
25/07/24 07:47:30,6630.683,15971000.000,71.007,51.005
25/07/24 07:47:31,8439.190,14316692.000,68.993,52.995
25/07/24 07:47:32,8823.017,15524108.000,75.026,50.017
25/07/24 07:47:33,6387.432,14082540.000,63.974,53.978
25/07/24 07:47:34,9370.262,15113668.000,68.002,46.001
25/07/24 07:47:35,6909.855,14073964.000,68.999,49.999
25/07/24 07:47:36,9092.491,15016400.000,74.020,46.013
25/07/24 07:47:37,7608.144,15050648.000,66.984,52.987
25/07/24 07:47:38,9953.245,15158572.000,75.024,52.017
25/07/24 07:47:39,7444.090,14083548.000,70.051,57.909
25/07/24 07:47:40,10426.149,14801288.000,67.786,52.723
25/07/24 07:47:41,6871.491,14090824.000,71.179,53.840
25/07/24 07:47:42,10816.921,15003920.000,77.422,58.619
25/07/24 07:47:43,6490.610,15987052.000,73.007,59.006
25/07/24 07:47:44,9588.389,14877412.000,76.987,51.991
25/07/24 07:47:45,5658.427,15982868.000,67.981,49.986
25/07/24 07:47:46,9378.349,14264364.000,83.985,52.991
25/07/24 07:47:47,7021.762,15271052.000,71.018,50.013
25/07/24 07:47:48,9649.884,14546992.000,68.999,45.999
25/07/24 07:47:49,6370.344,15780112.000,69.004,50.003
25/07/24 07:47:50,9348.719,14480812.000,76.989,53.993
25/07/24 07:47:51,6049.927,15575968.000,66.999,47.999
25/07/24 07:47:52,8881.856,14329240.000,69.014,70.015
25/07/24 07:47:53,7500.690,15517712.000,57.005,61.006
25/07/24 07:47:54,7758.076,14217612.000,67.983,55.986
25/07/24 07:47:55,9067.688,15293244.000,65.983,56.985
25/07/24 07:47:56,7661.931,14286188.000,66.017,49.012
25/07/24 07:47:57,8978.752,15317564.000,71.990,50.993
25/07/24 07:47:58,6190.675,14065760.000,67.007,55.006
25/07/24 07:47:59,9649.125,14972220.000,65.634,48.980
25/07/24 07:48:00,6404.691,15779540.000,65.375,54.139
25/07/24 07:48:01,10079.708,14901208.000,62.998,52.998
25/07/24 07:48:02,8880.552,15404808.000,72.807,63.227
25/07/24 07:48:03,10021.822,14447596.000,77.413,54.398
25/07/24 07:48:04,6767.990,15548208.000,?,48.985
25/07/24 07:48:05,9999.570,15267672.000,74.833,56.125
25/07/24 07:48:06,6206.831,15974668.000,65.505,42.954
25/07/24 07:48:07,9090.427,15002216.000,67.003,51.002
25/07/24 07:48:08,8373.358,15974988.000,71.620,55.704
25/07/24 07:48:09,9254.250,14205316.000,73.666,61.004
25/07/24 07:48:10,9286.579,15978524.000,73.265,59.944
25/07/24 07:48:11,7936.232,14115792.000,67.453,67.453
25/07/24 07:48:12,10167.600,15384244.000,71.983,60.986
25/07/24 07:48:13,6471.100,14092048.000,72.012,50.009
25/07/24 07:48:14,9369.653,15464084.000,71.997,51.998
25/07/24 07:48:15,6050.224,14077508.000,63.002,56.002
25/07/24 07:48:16,9641.089,14728916.000,67.008,53.006
25/07/24 07:48:17,6507.384,16151016.000,63.974,49.980
25/07/24 07:48:18,9300.419,15627908.000,90.004,56.003
25/07/24 07:48:19,4579.149,14598728.000,59.469,49.558
25/07/24 07:48:20,10435.685,14878800.000,72.666,58.537
25/07/24 07:48:21,7219.459,15986376.000,64.995,50.996
25/07/24 07:48:22,9685.323,14619600.000,71.637,58.265
25/07/24 07:48:23,6619.668,15669508.000,65.043,53.503
25/07/24 07:48:24,9159.863,15382384.000,68.999,54.999
25/07/24 07:48:25,7839.937,15986616.000,63.999,49.000
25/07/24 07:48:26,7536.729,14909940.000,64.972,47.979
25/07/24 07:48:27,10125.812,15983620.000,70.040,57.033
25/07/24 07:48:28,7742.346,14079912.000,65.020,57.017
25/07/24 07:48:29,9077.567,15122668.000,70.981,60.984
25/07/24 07:48:30,6508.964,14085232.000,63.336,54.566
25/07/24 07:48:31,9293.862,14933928.000,62.644,54.428
25/07/24 07:48:32,6160.517,14389516.000,69.006,61.005
25/07/24 07:48:33,9500.342,14692156.000,68.002,57.002
25/07/24 07:48:34,5979.127,15944124.000,64.991,56.992
25/07/24 07:48:35,9269.027,14588276.000,64.993,50.995
25/07/24 07:48:36,7029.993,15732500.000,65.000,57.000
25/07/24 07:48:37,8880.231,15387600.000,67.002,49.001
25/07/24 07:48:38,6988.880,15973156.000,68.518,50.532
25/07/24 07:48:39,9659.816,14159456.000,67.282,48.059
25/07/24 07:48:40,10590.275,15300392.000,76.002,60.002
25/07/24 07:48:41,8100.737,14153944.000,69.006,53.005
25/07/24 07:48:42,9988.512,15683340.000,74.989,53.992
25/07/24 07:48:43,7497.986,14137104.000,81.679,55.983
25/07/24 07:48:44,9687.538,15155776.000,72.492,53.820
25/07/24 07:48:45,6231.296,14086172.000,67.014,52.011
25/07/24 07:48:46,8918.528,14934644.000,69.988,53.991
25/07/24 07:48:47,6689.799,14395540.000,72.998,57.998
25/07/24 07:48:48,9169.982,15155844.000,77.000,48.000
25/07/24 07:48:49,5160.093,15971596.000,69.001,55.001
25/07/24 07:48:50,9619.481,14631624.000,67.996,52.997
25/07/24 07:48:51,6167.792,15846640.000,64.977,50.982
25/07/24 07:48:52,10072.558,14507276.000,68.017,62.016
25/07/24 07:48:53,8436.022,15758276.000,77.638,65.329
25/07/24 07:48:54,9676.868,14828532.000,77.334,51.895
25/07/24 07:48:55,5536.442,16198160.000,77.011,61.400
25/07/24 07:48:56,9310.056,15974608.000,78.000,49.000
25/07/24 07:48:57,6251.294,14074876.000,77.016,52.011
25/07/24 07:48:58,9569.952,14892572.000,65.000,50.000
25/07/24 07:48:59,5838.551,15974676.000,61.358,51.770
25/07/24 07:49:00,10249.830,14203536.000,74.183,61.645
25/07/24 07:49:01,7441.942,15267388.000,62.016,47.012
25/07/24 07:49:02,9144.584,14376036.000,71.125,60.964
25/07/24 07:49:03,7738.824,15630632.000,66.488,49.049
25/07/24 07:49:04,8759.334,14990932.000,78.994,69.995
25/07/24 07:49:05,6819.782,15974460.000,70.998,60.998
25/07/24 07:49:06,8476.245,15223540.000,69.969,50.977
25/07/24 07:49:07,7972.097,15977872.000,65.017,50.013
25/07/24 07:49:08,9171.808,14383060.000,73.149,60.020
25/07/24 07:49:09,9834.106,15466268.000,74.988,57.848
25/07/24 07:49:10,8291.816,14785980.000,75.561,60.648
25/07/24 07:49:11,8849.180,15969544.000,79.181,60.039
25/07/24 07:49:12,6389.224,14077448.000,67.442,49.694
25/07/24 07:49:13,9560.880,15383808.000,70.006,54.005
25/07/24 07:49:14,6410.737,14197900.000,75.009,53.006
25/07/24 07:49:15,9578.515,15210744.000,66.990,52.992
25/07/24 07:49:16,6993.640,15972804.000,63.936,49.182
25/07/24 07:49:17,10434.443,14734740.000,84.411,56.952
25/07/24 07:49:18,7830.157,15967728.000,73.001,58.001
25/07/24 07:49:19,7699.245,15035204.000,66.993,52.995
25/07/24 07:49:20,9810.216,15971184.000,72.002,54.001
25/07/24 07:49:21,8372.286,14074224.000,70.019,55.015
25/07/24 07:49:22,9229.040,15284144.000,73.992,55.994
25/07/24 07:49:23,6819.748,14075040.000,67.997,49.998
25/07/24 07:49:24,9928.203,15085072.000,76.986,54.990
25/07/24 07:49:25,5940.511,15531724.000,63.005,51.004
25/07/24 07:49:26,9389.577,15002340.000,66.997,54.998
25/07/24 07:49:27,7269.833,14068376.000,69.998,53.999
25/07/24 07:49:28,9310.447,14884408.000,65.003,53.003
25/07/24 07:49:29,6529.373,14723920.000,67.993,53.995
25/07/24 07:49:30,9370.909,14842388.000,64.006,46.004
25/07/24 07:49:31,7119.295,15933884.000,71.993,56.994
25/07/24 07:49:32,9370.534,14481644.000,67.004,51.003
25/07/24 07:49:33,6390.256,15424740.000,76.003,57.002
25/07/24 07:49:34,9339.440,14169460.000,71.996,54.997
25/07/24 07:49:35,8840.159,15152816.000,66.001,49.001
25/07/24 07:49:36,7629.718,14939820.000,63.998,47.998
25/07/24 07:49:37,8959.946,15174584.000,76.000,48.000
25/07/24 07:49:38,7957.892,14192752.000,67.745,50.594
25/07/24 07:49:39,10530.922,15085056.000,77.365,55.426
25/07/24 07:49:40,8093.232,14070480.000,72.353,59.950
25/07/24 07:49:41,9034.059,15077852.000,77.265,48.538
25/07/24 07:49:42,7978.293,14215008.000,73.533,56.988
25/07/24 07:49:43,9616.674,15372924.000,84.201,50.964
25/07/24 07:49:44,7930.642,14078352.000,76.006,62.005
25/07/24 07:49:45,9460.123,15061096.000,67.001,48.001
25/07/24 07:49:46,6408.436,14074044.000,72.982,56.986
25/07/24 07:49:47,9298.773,14769208.000,64.991,46.994
25/07/24 07:49:48,7142.829,15377652.000,70.028,54.021
25/07/24 07:49:49,9408.645,14888224.000,71.990,48.993
25/07/24 07:49:50,6671.748,15251840.000,70.018,59.015
25/07/24 07:49:51,9397.078,14621052.000,77.976,49.984
25/07/24 07:49:52,7137.780,15828676.000,64.980,50.984
25/07/24 07:49:53,9391.099,14802384.000,72.008,47.005
25/07/24 07:49:54,6259.718,15980728.000,63.997,47.998
25/07/24 07:49:55,9522.485,14508524.000,70.018,56.015
25/07/24 07:49:56,8288.375,15665152.000,65.987,53.989
25/07/24 07:49:57,8411.346,14525976.000,77.012,55.009
25/07/24 07:49:58,6689.967,15851924.000,72.000,49.000
25/07/24 07:49:59,6511.463,14083048.000,70.907,51.932
25/07/24 07:50:00,10412.318,15391288.000,66.078,52.062
25/07/24 07:50:01,7358.762,14666560.000,70.700,64.725
25/07/24 07:50:02,9390.596,15977764.000,74.321,52.226
25/07/24 07:50:03,7118.743,14082128.000,73.740,53.887
25/07/24 07:50:04,9390.907,14858696.000,68.973,54.117
25/07/24 07:50:05,7180.022,15167996.000,72.000,55.000
25/07/24 07:50:06,9920.258,15180448.000,68.002,51.001
25/07/24 07:50:07,7261.089,15987792.000,65.010,51.008
25/07/24 07:50:08,10449.699,14766384.000,71.412,54.237
25/07/24 07:50:09,7005.599,15807000.000,67.146,54.836
25/07/24 07:50:10,10220.480,14715180.000,79.004,56.003
25/07/24 07:50:11,6347.042,15992236.000,79.963,54.974
25/07/24 07:50:12,10050.935,14636264.000,76.007,59.005
25/07/24 07:50:13,6890.076,15991352.000,73.001,57.001
25/07/24 07:50:14,9600.192,14476364.000,75.002,61.001
25/07/24 07:50:15,8222.500,15703004.000,73.022,59.018
25/07/24 07:50:16,8501.377,14318740.000,67.011,58.009
25/07/24 07:50:17,7476.419,15375644.000,62.970,51.975
25/07/24 07:50:18,8581.605,14167164.000,71.013,58.011
25/07/24 07:50:19,9792.321,15359016.000,73.017,54.013
25/07/24 07:50:20,8228.132,14224140.000,72.983,56.987
25/07/24 07:50:21,10269.045,15348628.000,71.993,54.995
25/07/24 07:50:22,7651.614,14329884.000,78.016,58.012
25/07/24 07:50:23,8589.802,15686020.000,78.998,56.999
25/07/24 07:50:24,8358.420,14295400.000,64.988,52.990
25/07/24 07:50:25,8542.409,15395616.000,69.019,57.016
25/07/24 07:50:26,7357.256,14722028.000,70.974,52.980
25/07/24 07:50:27,9170.651,15993300.000,83.006,51.004
25/07/24 07:50:28,6711.114,14097168.000,66.011,50.008
25/07/24 07:50:29,9478.569,15107636.000,58.991,52.992
25/07/24 07:50:30,6441.076,14866680.000,66.011,58.010
25/07/24 07:50:31,9850.266,15527744.000,59.002,53.001
25/07/24 07:50:32,7799.649,16124168.000,69.997,60.997
25/07/24 07:50:33,9930.844,15474576.000,73.006,66.006
25/07/24 07:50:34,6797.933,15988332.000,71.978,65.980
25/07/24 07:50:35,9741.130,14557040.000,70.008,55.006
25/07/24 07:50:36,7549.011,15732172.000,74.990,54.993
25/07/24 07:50:37,8460.863,14343676.000,70.007,52.005
25/07/24 07:50:38,6999.350,15669484.000,70.761,52.005
25/07/24 07:50:39,9334.149,14165900.000,66.506,56.005
25/07/24 07:50:40,10247.602,15159660.000,71.135,53.609
25/07/24 07:50:41,7198.863,14410456.000,75.988,62.990
25/07/24 07:50:42,10580.984,14918164.000,69.006,56.005
25/07/24 07:50:43,7680.914,15929804.000,70.008,53.006
25/07/24 07:50:44,9666.095,14913752.000,66.973,51.979
25/07/24 07:50:45,6591.167,15837512.000,65.012,50.009
25/07/24 07:50:46,9919.841,15184524.000,73.999,49.999
25/07/24 07:50:47,4760.062,15995720.000,65.001,50.001
25/07/24 07:50:48,9259.380,14533180.000,67.995,48.997
25/07/24 07:50:49,6990.350,15626700.000,62.003,49.002
25/07/24 07:50:50,8489.525,14317664.000,70.996,52.997
25/07/24 07:50:51,8030.739,15391484.000,63.006,46.004
25/07/24 07:50:52,7796.234,14145772.000,67.967,53.974
25/07/24 07:50:53,8883.216,15358432.000,64.023,49.018
25/07/24 07:50:54,6627.250,14098224.000,67.972,57.976
25/07/24 07:50:55,9289.935,15023908.000,69.000,47.000
25/07/24 07:50:56,7532.087,15839644.000,64.062,49.502
25/07/24 07:50:57,10760.687,14938504.000,75.314,54.680
25/07/24 07:50:58,6972.991,15900232.000,62.027,49.021
25/07/24 07:50:59,9468.570,14826140.000,75.989,50.992
25/07/24 07:51:00,7539.261,15708224.000,70.993,54.995
25/07/24 07:51:01,9953.185,14809776.000,66.021,52.017
25/07/24 07:51:02,7398.054,15738212.000,67.982,53.986
25/07/24 07:51:03,9667.361,15159168.000,63.983,50.986
25/07/24 07:51:04,7241.079,14101632.000,74.011,52.008
25/07/24 07:51:05,9410.998,14743052.000,59.006,51.005
25/07/24 07:51:06,7028.925,15971428.000,69.989,59.991
25/07/24 07:51:07,9339.598,14779428.000,59.997,58.997
25/07/24 07:51:08,7433.453,16001532.000,68.466,55.751
25/07/24 07:51:09,10919.902,14590036.000,66.522,57.312
25/07/24 07:51:10,8029.406,15996616.000,72.642,72.642
25/07/24 07:51:11,10011.447,14534428.000,67.334,62.018
25/07/24 07:51:12,8102.781,15484560.000,69.112,59.579
25/07/24 07:51:13,8470.856,14383752.000,67.007,56.006
25/07/24 07:51:14,8331.266,15527212.000,69.010,57.009
25/07/24 07:51:15,8248.796,14240556.000,66.990,54.992
25/07/24 07:51:16,8251.353,15328340.000,66.011,53.009
25/07/24 07:51:17,7037.467,14097472.000,60.978,56.979
25/07/24 07:51:18,9623.012,15098652.000,59.018,57.018
25/07/24 07:51:19,6750.358,14096528.000,66.003,55.003
25/07/24 07:51:20,10069.658,14727800.000,71.998,56.998
25/07/24 07:51:21,6861.050,15802524.000,62.009,54.008
25/07/24 07:51:22,9986.418,14786772.000,59.919,59.919
25/07/24 07:51:23,6418.537,15779188.000,68.091,56.075
25/07/24 07:51:24,9608.914,14777708.000,62.993,48.994
25/07/24 07:51:25,7100.483,14689748.000,72.005,55.004
25/07/24 07:51:26,9289.090,14720024.000,63.994,50.995
25/07/24 07:51:27,6108.357,15925892.000,68.981,59.984
25/07/24 07:51:28,9561.367,15027168.000,65.009,56.008
25/07/24 07:51:29,8249.464,16003740.000,57.996,57.996
25/07/24 07:51:30,8030.104,14469976.000,64.001,53.001
25/07/24 07:51:31,8901.095,15868564.000,67.008,48.006
25/07/24 07:51:32,8268.536,14217484.000,79.986,59.989
25/07/24 07:51:33,9160.513,15308616.000,65.004,46.003
25/07/24 07:51:34,6099.713,14106232.000,65.997,51.998
25/07/24 07:51:35,9310.196,14944060.000,63.001,44.001
25/07/24 07:51:36,6090.274,15992180.000,59.003,48.002
25/07/24 07:51:37,10189.399,14845448.000,63.996,54.997
25/07/24 07:51:38,6561.714,14135356.000,74.842,56.567
25/07/24 07:51:39,10282.695,14662976.000,66.668,54.238
25/07/24 07:51:40,7539.213,14714500.000,79.742,59.030
25/07/24 07:51:41,9861.330,14632684.000,72.974,56.210
25/07/24 07:51:42,7033.135,15811508.000,69.645,56.893
25/07/24 07:51:43,9673.992,14476708.000,69.322,57.940
25/07/24 07:51:44,7937.103,15894424.000,62.977,47.982
25/07/24 07:51:45,7959.857,14263916.000,71.999,58.999
25/07/24 07:51:46,7899.818,15324824.000,68.998,56.999
25/07/24 07:51:47,9319.609,14961876.000,70.997,58.998
25/07/24 07:51:48,9044.902,15992400.000,69.037,57.031
25/07/24 07:51:49,7558.526,14089980.000,72.986,53.989
25/07/24 07:51:50,9870.247,15780684.000,81.002,56.001
25/07/24 07:51:51,6109.481,14093480.000,78.993,51.996
25/07/24 07:51:52,9819.048,14789176.000,71.993,54.995
25/07/24 07:51:53,6349.994,15719912.000,63.000,47.000
25/07/24 07:51:54,9530.686,14657440.000,72.005,52.004
25/07/24 07:51:55,7059.456,15686620.000,73.994,48.996
25/07/24 07:51:56,9380.403,14789452.000,79.003,62.003
25/07/24 07:51:57,5930.433,15956636.000,74.005,62.005
25/07/24 07:51:58,9451.002,14748244.000,70.007,58.006
25/07/24 07:51:59,8340.509,15429372.000,68.004,53.003
25/07/24 07:52:00,10376.939,14794308.000,69.979,49.985
25/07/24 07:52:01,6440.309,15982584.000,70.003,48.002
25/07/24 07:52:02,9599.299,14786824.000,72.995,53.996
25/07/24 07:52:03,7285.822,15976348.000,79.845,62.878
25/07/24 07:52:04,9319.721,15560780.000,82.174,63.134
25/07/24 07:52:05,7060.099,15978308.000,71.001,56.001
25/07/24 07:52:06,8109.457,14492496.000,65.996,51.997
25/07/24 07:52:07,8339.850,15840736.000,64.999,50.999
25/07/24 07:52:08,9094.901,15020488.000,74.921,60.696
25/07/24 07:52:09,9657.686,15986516.000,76.161,53.948
25/07/24 07:52:10,7117.623,14652608.000,69.977,58.980
25/07/24 07:52:11,9781.171,15992124.000,79.691,52.179
25/07/24 07:52:12,6852.190,14733344.000,70.848,60.274
25/07/24 07:52:13,9828.398,14832168.000,63.990,52.991
25/07/24 07:52:14,6691.010,14909532.000,75.011,58.009
25/07/24 07:52:15,9028.402,14876928.000,75.987,54.990
25/07/24 07:52:16,6111.155,14910048.000,80.015,55.010
25/07/24 07:52:17,9339.879,14427956.000,60.999,46.999
25/07/24 07:52:18,6247.951,15640704.000,66.978,53.982
25/07/24 07:52:19,9689.588,14806376.000,68.084,55.256
25/07/24 07:52:20,8859.219,15848136.000,65.887,51.696
25/07/24 07:52:21,9698.652,14580748.000,77.989,60.992
25/07/24 07:52:22,7807.403,15994040.000,69.643,54.065
25/07/24 07:52:23,10230.004,14673688.000,79.285,66.071
25/07/24 07:52:24,7447.773,15879020.000,68.979,51.984
25/07/24 07:52:25,8490.195,14552188.000,86.002,60.001
25/07/24 07:52:26,7971.451,15987856.000,69.013,47.009
25/07/24 07:52:27,7850.000,14385864.000,73.000,56.000
25/07/24 07:52:28,9299.712,15781684.000,62.998,55.998
25/07/24 07:52:29,6620.079,14103244.000,70.001,54.001
25/07/24 07:52:30,9269.842,15212460.000,63.999,49.999
25/07/24 07:52:31,6948.777,14100632.000,61.989,54.990
25/07/24 07:52:32,9880.306,15139792.000,75.002,57.002
25/07/24 07:52:33,5495.516,14139724.000,70.942,48.960
25/07/24 07:52:34,9357.065,14998028.000,71.054,55.042
25/07/24 07:52:35,5851.199,15561536.000,61.013,47.010
25/07/24 07:52:36,9722.197,14946948.000,70.016,63.014
25/07/24 07:52:37,7478.706,15499440.000,69.988,50.991
25/07/24 07:52:38,10539.926,15615644.000,76.999,57.000
25/07/24 07:52:39,7499.115,15955992.000,80.990,53.994
25/07/24 07:52:40,10420.118,14555220.000,73.312,54.740
25/07/24 07:52:41,7513.986,15719572.000,66.541,51.185
25/07/24 07:52:42,8596.409,14435948.000,67.893,52.916
25/07/24 07:52:43,8898.427,15820432.000,68.064,56.053
25/07/24 07:52:44,8147.955,14265948.000,66.475,53.180
25/07/24 07:52:45,8947.331,15491488.000,76.058,54.930
25/07/24 07:52:46,6600.145,14109536.000,69.002,47.001
25/07/24 07:52:47,9772.013,15220284.000,73.015,53.011
25/07/24 07:52:48,6859.527,14779148.000,68.995,51.996
25/07/24 07:52:49,9379.118,15281048.000,77.993,53.995
25/07/24 07:52:50,5950.720,14108168.000,74.009,53.006
25/07/24 07:52:51,9569.483,15264572.000,77.996,56.997
25/07/24 07:52:52,6519.498,14094676.000,73.994,47.996
25/07/24 07:52:53,9390.263,14637316.000,62.002,46.001
25/07/24 07:52:54,6161.886,15836980.000,71.022,53.016
25/07/24 07:52:55,9676.507,14571324.000,68.975,47.983
25/07/24 07:52:56,7930.872,15756616.000,68.007,52.006
25/07/24 07:52:57,8140.952,14882448.000,72.008,50.006
25/07/24 07:52:58,9119.973,15986724.000,71.000,51.000
25/07/24 07:52:59,7285.417,14131712.000,71.955,49.969
25/07/24 07:53:00,10275.302,15241000.000,70.036,55.028
25/07/24 07:53:01,5180.306,14091616.000,63.004,48.003
25/07/24 07:53:02,10836.857,15052916.000,72.979,53.984
25/07/24 07:53:03,7593.128,15093972.000,70.029,55.023
25/07/24 07:53:04,9339.552,14722188.000,74.996,44.998
25/07/24 07:53:05,5671.004,15894528.000,67.012,55.010
25/07/24 07:53:06,9416.271,14565504.000,65.974,50.980
25/07/24 07:53:07,7130.193,15724740.000,65.002,50.001
25/07/24 07:53:08,9279.601,14496360.000,64.807,57.293
25/07/24 07:53:09,9516.854,15569600.000,73.782,57.743
25/07/24 07:53:10,8878.553,14453852.000,72.988,65.989
25/07/24 07:53:11,7787.057,15813964.000,66.042,56.185
25/07/24 07:53:12,8414.023,14187428.000,71.047,58.868
25/07/24 07:53:13,9369.897,15251628.000,63.999,51.999
25/07/24 07:53:14,7350.625,14189636.000,70.006,57.005
25/07/24 07:53:15,9338.114,15511468.000,55.989,55.989
25/07/24 07:53:16,6140.921,14099364.000,65.010,62.009
25/07/24 07:53:17,9337.964,15052980.000,58.987,49.989
25/07/24 07:53:18,6860.467,14797276.000,67.005,56.004
25/07/24 07:53:19,9680.407,15795068.000,82.003,58.002
25/07/24 07:53:20,8510.196,15189772.000,78.002,53.001
25/07/24 07:53:21,10380.166,14508456.000,71.001,54.001
25/07/24 07:53:22,6991.084,16000240.000,65.010,56.009
25/07/24 07:53:23,8689.557,14605284.000,61.997,55.997
25/07/24 07:53:24,7468.693,15973088.000,73.987,52.991
25/07/24 07:53:25,8150.750,14516880.000,64.006,53.005
25/07/24 07:53:26,8046.452,15809204.000,59.974,49.978
25/07/24 07:53:27,8544.762,14223292.000,71.956,67.958
25/07/24 07:53:28,9437.078,15605848.000,63.047,51.038
25/07/24 07:53:29,7803.371,14087028.000,68.029,61.026
25/07/24 07:53:30,9168.744,14949988.000,63.991,62.991
25/07/24 07:53:31,5620.371,14086224.000,68.004,54.004
25/07/24 07:53:32,9648.176,15154788.000,64.988,52.990
25/07/24 07:53:33,6379.368,14083080.000,73.993,51.995
25/07/24 07:53:34,9290.204,15010072.000,76.002,56.001
25/07/24 07:53:35,5928.536,14203096.000,64.984,48.988
25/07/24 07:53:36,9762.284,15282536.000,70.016,55.013
25/07/24 07:53:37,6430.148,15387992.000,63.001,50.001
25/07/24 07:53:38,9721.021,14632512.000,73.008,56.006
25/07/24 07:53:39,7960.955,15634872.000,67.008,51.006
25/07/24 07:53:40,10627.715,14419752.000,73.984,66.986
25/07/24 07:53:41,6781.051,15494508.000,67.010,53.008
25/07/24 07:53:42,9408.843,14358880.000,73.991,62.992
25/07/24 07:53:43,7922.139,15452200.000,63.017,52.014
25/07/24 07:53:44,8007.149,14276292.000,71.974,60.978
25/07/24 07:53:45,8590.455,15247104.000,61.003,50.003
25/07/24 07:53:46,7789.969,14361408.000,69.000,53.000
25/07/24 07:53:47,8441.950,15132496.000,71.016,58.013
25/07/24 07:53:48,6258.404,14081696.000,58.985,50.987
25/07/24 07:53:49,9579.444,15053264.000,71.996,54.997
25/07/24 07:53:50,5960.083,14956324.000,71.001,55.001
25/07/24 07:53:51,9729.611,14766408.000,69.997,52.998
25/07/24 07:53:52,7592.171,15923736.000,73.021,56.016
25/07/24 07:53:53,9451.541,14587616.000,69.011,55.009
25/07/24 07:53:54,7118.256,15976772.000,68.983,56.986
25/07/24 07:53:55,9520.600,14656404.000,71.004,55.003
25/07/24 07:53:56,7708.481,15980836.000,69.986,52.990
25/07/24 07:53:57,8130.065,14284052.000,69.001,50.000
25/07/24 07:53:58,8420.345,15361164.000,67.003,53.002
25/07/24 07:53:59,6720.364,14086792.000,61.274,50.403
25/07/24 07:54:00,11184.675,15172652.000,74.902,56.683
25/07/24 07:54:01,7198.683,14084324.000,68.987,54.990
25/07/24 07:54:02,9631.223,15048516.000,70.009,55.007
25/07/24 07:54:03,5771.033,14085444.000,68.012,50.009
25/07/24 07:54:04,9807.323,14837576.000,64.982,45.987
25/07/24 07:54:05,6830.458,14913028.000,75.005,57.004
25/07/24 07:54:06,9258.704,14694828.000,62.991,42.994
25/07/24 07:54:07,5600.241,15911508.000,67.003,52.002
25/07/24 07:54:08,10666.853,14714080.000,85.405,56.646
25/07/24 07:54:09,6052.779,15814668.000,63.343,52.786
25/07/24 07:54:10,10440.438,14468304.000,77.003,58.002
25/07/24 07:54:11,7261.663,15988744.000,79.018,59.014
25/07/24 07:54:12,9506.815,14431208.000,71.976,52.982
25/07/24 07:54:13,7040.268,15519232.000,67.003,45.002
25/07/24 07:54:14,8309.452,14256004.000,66.996,54.996
25/07/24 07:54:15,8092.484,15311128.000,63.019,47.014
25/07/24 07:54:16,7739.211,14740064.000,73.992,54.994
25/07/24 07:54:17,9709.515,15791668.000,70.996,45.998
25/07/24 07:54:18,7241.622,14143660.000,71.016,57.013
25/07/24 07:54:19,9140.973,15229004.000,71.292,47.853
25/07/24 07:54:20,7929.274,14694452.000,71.736,61.215
25/07/24 07:54:21,9992.679,15981520.000,65.215,56.800
25/07/24 07:54:22,7347.411,14088080.000,69.392,52.044
25/07/24 07:54:23,9788.502,15305596.000,78.988,54.992
25/07/24 07:54:24,7289.964,14765644.000,68.000,50.000
25/07/24 07:54:25,9430.349,15981068.000,74.003,52.002
25/07/24 07:54:26,6689.331,14086952.000,74.993,43.996
25/07/24 07:54:27,10240.891,14891748.000,80.007,55.005
25/07/24 07:54:28,6089.294,15951168.000,60.993,44.995
25/07/24 07:54:29,10060.624,15253180.000,71.004,53.003
25/07/24 07:54:30,7195.654,14469200.000,71.957,50.969
25/07/24 07:54:31,9623.955,15933712.000,76.031,57.023
25/07/24 07:54:32,6982.039,14080720.000,69.020,57.017
25/07/24 07:54:33,9139.653,14732692.000,80.997,43.998
25/07/24 07:54:34,4900.064,15916712.000,64.001,49.001
25/07/24 07:54:35,9788.003,14448264.000,71.985,49.990
25/07/24 07:54:36,7210.728,15559072.000,72.007,50.005
25/07/24 07:54:37,7821.510,14228012.000,63.012,53.010
25/07/24 07:54:38,8441.212,15385096.000,72.326,55.196
25/07/24 07:54:39,7852.933,14097320.000,64.127,55.717
25/07/24 07:54:40,10561.228,15071700.000,59.119,55.111
25/07/24 07:54:41,7376.719,14094808.000,69.875,53.954
25/07/24 07:54:42,10844.278,15219460.000,75.898,55.199
25/07/24 07:54:43,6793.566,14099136.000,76.143,60.321
25/07/24 07:54:44,9733.758,14837352.000,71.840,59.698
25/07/24 07:54:45,6019.055,15909736.000,72.989,65.990
25/07/24 07:54:46,9689.506,14636368.000,73.996,51.997
25/07/24 07:54:47,5539.524,15805580.000,65.994,53.995
25/07/24 07:54:48,9228.763,15602388.000,61.992,43.994
25/07/24 07:54:49,7470.254,15994384.000,67.002,52.002
25/07/24 07:54:50,8649.152,14365664.000,68.993,56.994
25/07/24 07:54:51,7832.318,15484620.000,69.020,55.016
25/07/24 07:54:52,8169.975,14193028.000,65.000,53.000
25/07/24 07:54:53,8429.444,15415420.000,65.996,48.997
25/07/24 07:54:54,6888.781,14095552.000,78.986,57.990
25/07/24 07:54:55,9389.953,15033120.000,63.000,48.000
25/07/24 07:54:56,6041.275,14096832.000,65.014,49.010
25/07/24 07:54:57,9569.789,14872784.000,75.998,52.999
25/07/24 07:54:58,4908.881,14489644.000,62.986,51.988
25/07/24 07:54:59,9496.410,14635456.000,63.825,50.286
25/07/24 07:55:00,7466.450,15666740.000,69.383,56.956
25/07/24 07:55:01,10745.522,14584804.000,85.178,61.777
25/07/24 07:55:02,6889.507,16004092.000,67.700,60.731
25/07/24 07:55:03,9531.655,14324884.000,71.164,62.538
25/07/24 07:55:04,7338.921,15430376.000,67.990,52.992
25/07/24 07:55:05,7149.914,14373260.000,69.999,57.999
25/07/24 07:55:06,9009.853,16003320.000,69.003,48.302
25/07/24 07:55:07,8282.027,15156800.000,83.226,57.852
25/07/24 07:55:08,9726.061,15994796.000,76.969,58.976
25/07/24 07:55:09,7885.315,14104828.000,70.047,60.040
25/07/24 07:55:10,10098.293,15175360.000,77.987,56.990
25/07/24 07:55:11,7202.200,14105360.000,74.573,59.855
25/07/24 07:55:12,10682.900,15246876.000,72.375,59.123
25/07/24 07:55:13,5998.261,16006316.000,72.979,54.984
25/07/24 07:55:14,9551.423,14848980.000,85.013,61.009
25/07/24 07:55:15,6441.540,15370576.000,67.016,57.014
25/07/24 07:55:16,9247.790,14722060.000,68.984,49.988
25/07/24 07:55:17,5111.994,15938084.000,59.023,49.019
25/07/24 07:55:18,9416.403,14487580.000,64.975,51.980
25/07/24 07:55:19,8187.350,15606128.000,60.172,47.349
25/07/24 07:55:20,9258.358,14264568.000,65.914,59.829
25/07/24 07:55:21,9311.583,15367876.000,63.011,59.010
25/07/24 07:55:22,8117.086,14244752.000,71.974,58.979
25/07/24 07:55:23,8400.412,15347492.000,73.004,52.003
25/07/24 07:55:24,7278.559,14100964.000,70.986,53.989
25/07/24 07:55:25,9172.706,15167700.000,71.021,53.016
25/07/24 07:55:26,6141.271,14103784.000,63.013,49.010
25/07/24 07:55:27,9670.145,15171456.000,66.001,55.001
25/07/24 07:55:28,6278.368,14091964.000,63.983,49.987
25/07/24 07:55:29,9479.299,14787976.000,63.995,46.997
25/07/24 07:55:30,6412.610,15680996.000,63.026,50.020
25/07/24 07:55:31,9595.903,14617376.000,81.965,53.977
25/07/24 07:55:32,6741.395,15702768.000,71.015,55.011
25/07/24 07:55:33,9258.387,15057872.000,71.891,63.147
25/07/24 07:55:34,8104.736,15994524.000,66.854,56.569
25/07/24 07:55:35,8622.408,14548688.000,71.102,54.078
25/07/24 07:55:36,8070.274,15618712.000,63.002,45.002
25/07/24 07:55:37,8159.918,14276480.000,63.999,50.000
25/07/24 07:55:38,8956.965,15496220.000,70.955,53.447
25/07/24 07:55:39,8987.260,14157428.000,71.067,54.667
25/07/24 07:55:40,10511.903,15599508.000,74.013,59.011
25/07/24 07:55:41,7869.158,14305368.000,78.992,56.994
25/07/24 07:55:42,10158.250,15825840.000,73.677,58.021
25/07/24 07:55:43,6431.368,14084960.000,67.814,54.688
25/07/24 07:55:44,9833.186,14823860.000,68.022,65.021
25/07/24 07:55:45,5387.850,15403856.000,63.974,55.978
25/07/24 07:55:46,9461.798,14691836.000,65.012,49.009
25/07/24 07:55:47,5968.693,15924272.000,67.985,52.988
25/07/24 07:55:48,9189.908,14522856.000,68.999,50.000
25/07/24 07:55:49,7019.775,15629960.000,71.998,52.998
25/07/24 07:55:50,8720.105,14353896.000,66.001,53.001
25/07/24 07:55:51,7089.950,15326784.000,69.000,47.000
25/07/24 07:55:52,7609.901,14226928.000,64.999,47.999
25/07/24 07:55:53,8960.278,15814792.000,83.003,54.002
25/07/24 07:55:54,7100.043,14133204.000,80.000,55.000
25/07/24 07:55:55,7851.013,15384260.000,76.010,53.007
25/07/24 07:55:56,6391.636,14100412.000,73.019,52.013
25/07/24 07:55:57,10698.919,15159904.000,67.993,52.995
25/07/24 07:55:58,6609.432,14084356.000,71.994,56.995
25/07/24 07:55:59,9631.146,14799724.000,61.007,56.007
25/07/24 07:56:00,7307.910,15907596.000,67.981,54.984
25/07/24 07:56:01,9498.200,15936792.000,69.015,51.761
25/07/24 07:56:02,5917.095,14092984.000,72.186,56.874
25/07/24 07:56:03,9995.412,14997260.000,60.447,50.733
25/07/24 07:56:04,6861.455,15995872.000,67.014,59.013
25/07/24 07:56:05,9556.044,14490796.000,68.971,52.978
25/07/24 07:56:06,6930.326,15599236.000,70.003,52.002
25/07/24 07:56:07,9039.557,14396584.000,66.997,49.998
25/07/24 07:56:08,8710.375,15554296.000,69.565,55.848
25/07/24 07:56:09,9752.511,14550044.000,72.506,57.187
25/07/24 07:56:10,8239.885,15922748.000,73.999,52.999
25/07/24 07:56:11,8350.234,14431456.000,76.002,65.002
25/07/24 07:56:12,9048.462,15580080.000,67.988,50.991
25/07/24 07:56:13,7090.482,14104160.000,73.005,60.004
25/07/24 07:56:14,9501.026,15198996.000,64.007,48.005
25/07/24 07:56:15,6778.732,14095260.000,69.987,51.990
25/07/24 07:56:16,9150.695,15237592.000,77.006,48.004
25/07/24 07:56:17,6510.592,14310040.000,74.007,60.005
25/07/24 07:56:18,9509.239,15412144.000,74.994,49.996
25/07/24 07:56:19,6658.183,15141716.000,64.934,50.397
25/07/24 07:56:20,10347.915,15694648.000,69.193,57.833
25/07/24 07:56:21,7361.715,15481976.000,69.016,52.012
25/07/24 07:56:22,10449.933,14536028.000,68.540,62.580
25/07/24 07:56:23,7733.173,15583104.000,64.443,56.388
25/07/24 07:56:24,9619.625,14463224.000,83.997,53.998
