25/07/24 03:24:38,?,9186768.000,?,?
25/07/24 03:24:39,2239.619,9190652.000,64.989,50.991
25/07/24 03:24:40,3230.788,9204964.000,70.017,57.014
25/07/24 03:24:41,1499.655,9199252.000,62.986,50.988
25/07/24 03:24:42,4007.224,9534460.000,76.284,65.255
25/07/24 03:24:43,4484.743,9626380.000,76.756,62.501
25/07/24 03:24:44,1680.066,9623908.000,67.003,55.002
25/07/24 03:24:45,1330.278,9624300.000,62.013,49.010
25/07/24 03:24:46,1379.774,9390988.000,67.989,55.991
25/07/24 03:24:47,1340.016,9393852.000,65.001,53.001
25/07/24 03:24:48,1139.932,9395192.000,61.996,48.997
25/07/24 03:24:49,699.771,9383328.000,59.980,49.984
25/07/24 03:24:50,3050.159,9374236.000,65.003,56.003
25/07/24 03:24:51,4240.891,9374656.000,65.014,49.010
25/07/24 03:24:52,9800.745,10767448.000,75.006,55.004
25/07/24 03:24:53,7629.916,10396012.000,69.999,54.999
25/07/24 03:24:54,9508.260,11626668.000,80.985,63.988
25/07/24 03:24:55,11023.009,10393712.000,81.022,67.018
25/07/24 03:24:56,18388.878,12553752.000,87.995,78.995
25/07/24 03:24:57,24057.017,11373164.000,115.986,79.990
25/07/24 03:24:58,24484.540,15459328.000,102.977,88.980
25/07/24 03:24:59,24055.316,14465844.000,119.026,101.022
25/07/24 03:25:00,22677.847,12715288.000,107.037,103.036
25/07/24 03:25:01,25939.040,12677256.000,112.996,100.996
25/07/24 03:25:02,22394.070,11056452.000,111.829,83.637
25/07/24 03:25:03,23313.884,14260824.000,107.915,82.272
25/07/24 03:25:04,26496.333,11858164.000,114.027,100.024
25/07/24 03:25:05,20395.615,12492712.000,91.980,88.981
25/07/24 03:25:06,24221.889,14784744.000,110.009,95.007
25/07/24 03:25:07,22399.530,10325308.000,110.998,84.998
25/07/24 03:25:08,22556.188,14438016.000,112.981,79.986
25/07/24 03:25:09,28167.352,12785032.000,103.027,103.027
25/07/24 03:25:10,20906.146,11535000.000,103.733,83.784
25/07/24 03:25:11,25110.994,13337528.000,118.869,95.095
25/07/24 03:25:12,24906.562,10731492.000,116.386,87.036
25/07/24 03:25:13,23351.354,12675532.000,106.006,96.006
25/07/24 03:25:14,25165.914,11651476.000,114.027,105.025
25/07/24 03:25:15,24382.466,11696648.000,110.966,100.969
25/07/24 03:25:16,22031.322,11632028.000,106.006,88.005
25/07/24 03:25:17,23612.479,13052756.000,119.012,97.010
25/07/24 03:25:18,23536.540,13419076.000,106.984,90.987
25/07/24 03:25:19,20981.301,12008572.000,121.008,88.005
25/07/24 03:25:20,24559.902,14145772.000,112.000,82.000
25/07/24 03:25:21,24361.963,12541680.000,121.632,96.773
25/07/24 03:25:22,18461.905,11806820.000,93.855,96.144
25/07/24 03:25:23,16410.181,11781276.000,89.001,89.001
25/07/24 03:25:24,14588.789,10919184.000,75.994,66.994
25/07/24 03:25:25,15987.538,12710332.000,78.988,66.990
25/07/24 03:25:26,16908.580,11462112.000,86.993,80.993
25/07/24 03:25:27,13212.775,11818004.000,82.017,67.014
25/07/24 03:25:28,19752.094,12972092.000,83.009,81.009
25/07/24 03:25:29,13989.902,9574620.000,77.999,69.000
25/07/24 03:25:30,17009.745,12109948.000,76.999,72.999
25/07/24 03:25:31,17079.915,10271836.000,85.000,73.000
25/07/24 03:25:32,15377.324,12862048.000,85.985,73.987
25/07/24 03:25:33,18977.439,11359032.000,86.034,73.029
25/07/24 03:25:34,13516.691,11397840.000,86.033,65.958
25/07/24 03:25:35,17173.579,12908496.000,88.016,82.777
25/07/24 03:25:36,13751.939,9773464.000,75.011,81.011
25/07/24 03:25:37,15052.815,11944612.000,83.016,68.013
25/07/24 03:25:38,17110.168,10962320.000,83.805,71.833
25/07/24 03:25:39,16169.291,11261656.000,91.222,65.158
25/07/24 03:25:40,18178.237,11641876.000,78.992,81.992
25/07/24 03:25:41,15781.626,11781564.000,84.009,73.008
25/07/24 03:25:42,18718.852,11157624.000,97.736,72.888
25/07/24 03:25:43,16607.154,11213728.000,81.180,85.819
25/07/24 03:25:44,15699.903,13272188.000,88.117,77.371
25/07/24 03:25:45,18178.927,10426480.000,77.995,65.996
25/07/24 03:25:46,14940.837,12581956.000,77.004,68.004
25/07/24 03:25:47,18197.653,13412364.000,102.987,73.990
25/07/24 03:25:48,15001.845,10512804.000,84.010,69.008
25/07/24 03:25:49,16201.458,13328096.000,77.007,76.007
25/07/24 03:25:50,17563.232,10752392.000,83.015,77.014
25/07/24 03:25:51,14886.189,10897536.000,81.979,88.977
25/07/24 03:25:52,17071.110,12770396.000,94.006,87.006
25/07/24 03:25:53,15193.206,9666228.000,86.018,67.014
25/07/24 03:25:54,14995.187,13339304.000,92.970,70.977
25/07/24 03:25:55,18241.897,10522388.000,88.009,82.009
25/07/24 03:25:56,13388.541,13209684.000,79.991,67.993
25/07/24 03:25:57,20228.665,11086976.000,83.994,72.995
25/07/24 03:25:58,15976.031,9746712.000,83.613,70.673
25/07/24 03:25:59,16104.605,12556388.000,90.020,78.149
25/07/24 03:26:00,16497.996,10928540.000,82.287,74.160
25/07/24 03:26:01,17642.435,12277520.000,87.012,83.011
25/07/24 03:26:02,18665.961,10820584.000,93.613,73.756
25/07/24 03:26:03,14279.285,11899544.000,76.759,79.914
25/07/24 03:26:04,17397.812,11055924.000,80.686,82.703
25/07/24 03:26:05,15539.751,12295340.000,80.999,71.999
25/07/24 03:26:06,16223.423,13165216.000,89.019,76.016
25/07/24 03:26:07,17115.790,10734096.000,85.979,67.983
25/07/24 03:26:08,13600.422,11327424.000,83.003,79.002
25/07/24 03:26:09,20010.460,11235796.000,83.002,69.002
25/07/24 03:26:10,16014.732,10092916.000,84.677,73.990
25/07/24 03:26:11,15260.182,12166500.000,98.247,68.900
25/07/24 03:26:12,18083.960,10095068.000,85.019,78.017
25/07/24 03:26:13,14799.512,11278896.000,72.998,68.998
25/07/24 03:26:14,18458.173,12201624.000,81.992,82.992
25/07/24 03:26:15,13659.235,9527896.000,82.995,73.996
25/07/24 03:26:16,18231.823,11306120.000,81.008,69.007
25/07/24 03:26:17,15428.642,9719428.000,94.992,68.994
25/07/24 03:26:18,13379.973,12492996.000,86.000,74.000
25/07/24 03:26:19,8409.420,9760668.000,71.995,59.996
25/07/24 03:26:20,7809.289,11005684.000,69.994,63.994
25/07/24 03:26:21,10990.835,10353184.000,78.006,65.005
25/07/24 03:26:22,9144.406,9522048.000,76.063,64.231
25/07/24 03:26:23,12659.328,10499812.000,77.131,73.458
25/07/24 03:26:24,9191.167,9446892.000,83.011,74.009
25/07/24 03:26:25,10480.891,10331900.000,66.006,59.005
25/07/24 03:26:26,7928.509,9457988.000,69.987,65.988
25/07/24 03:26:27,9409.607,10632208.000,69.775,58.810
25/07/24 03:26:28,9060.516,9736392.000,70.237,64.216
25/07/24 03:26:29,7049.154,10971492.000,66.992,58.993
25/07/24 03:26:30,9790.078,10180128.000,75.001,62.000
25/07/24 03:26:31,8341.118,11560192.000,68.009,59.008
25/07/24 03:26:32,10199.429,10837764.000,75.996,69.996
25/07/24 03:26:33,7200.497,9439536.000,72.005,56.004
25/07/24 03:26:34,9428.275,10790456.000,72.987,58.989
25/07/24 03:26:35,8029.767,9570652.000,69.998,54.998
25/07/24 03:26:36,8350.317,10704276.000,71.003,57.002
25/07/24 03:26:37,9120.666,9789864.000,75.005,66.005
25/07/24 03:26:38,7940.056,10998212.000,70.000,58.000
25/07/24 03:26:39,10520.400,10114940.000,70.003,60.002
25/07/24 03:26:40,8270.141,9440244.000,77.001,58.001
25/07/24 03:26:41,10764.835,10456836.000,76.408,63.835
25/07/24 03:26:42,9291.949,9341764.000,78.640,63.119
25/07/24 03:26:43,11319.257,10285016.000,80.781,67.816
25/07/24 03:26:44,7683.978,9602644.000,73.695,57.974
25/07/24 03:26:45,8882.219,11021336.000,63.299,53.089
25/07/24 03:26:46,8641.512,9621224.000,69.012,59.010
25/07/24 03:26:47,8420.093,10786608.000,67.001,63.001
25/07/24 03:26:48,9140.914,9619532.000,71.007,59.006
25/07/24 03:26:49,7997.769,10819804.000,69.980,59.983
25/07/24 03:26:50,10079.254,9930548.000,71.995,54.996
25/07/24 03:26:51,7651.905,11405540.000,68.017,53.013
25/07/24 03:26:52,9669.739,11161384.000,85.998,56.998
25/07/24 03:26:53,7470.381,9335824.000,72.004,51.003
25/07/24 03:26:54,9570.096,11104216.000,90.001,58.001
25/07/24 03:26:55,7225.686,9729208.000,73.956,54.967
25/07/24 03:26:56,9634.846,11265324.000,67.034,55.028
25/07/24 03:26:57,10239.959,9614208.000,75.000,66.000
25/07/24 03:26:58,7430.409,10736080.000,75.004,58.003
25/07/24 03:26:59,10189.348,9867800.000,71.995,55.996
25/07/24 03:27:00,9189.890,11049860.000,72.999,56.999
25/07/24 03:27:01,9811.168,10112580.000,91.011,61.007
25/07/24 03:27:02,7186.987,10027492.000,74.246,60.387
25/07/24 03:27:03,9616.958,10965856.000,80.815,56.570
25/07/24 03:27:04,10141.146,9406404.000,84.009,64.007
25/07/24 03:27:05,8695.522,10568804.000,78.959,53.972
25/07/24 03:27:06,8273.955,9540024.000,78.037,55.026
25/07/24 03:27:07,8258.167,10854972.000,79.982,57.987
25/07/24 03:27:08,9373.328,10825300.000,85.030,52.018
25/07/24 03:27:09,8399.294,9338484.000,76.994,59.995
25/07/24 03:27:10,10930.437,10233656.000,76.003,59.002
25/07/24 03:27:11,7929.407,9369072.000,79.793,62.837
25/07/24 03:27:12,11105.409,10619932.000,85.195,64.147
25/07/24 03:27:13,9963.425,10177036.000,85.174,63.386
25/07/24 03:27:14,9574.703,10669292.000,75.749,59.589
25/07/24 03:27:15,10210.184,10139008.000,76.001,58.001
25/07/24 03:27:16,8030.402,9936828.000,73.004,57.003
25/07/24 03:27:17,9581.159,10240748.000,70.008,53.006
25/07/24 03:27:18,8266.478,9329664.000,70.970,55.976
25/07/24 03:27:19,8411.001,10365984.000,69.008,50.006
25/07/24 03:27:20,8749.799,9687496.000,69.998,54.999
25/07/24 03:27:21,9700.010,10523724.000,68.000,53.000
25/07/24 03:27:22,9225.238,10152148.000,72.854,57.932
25/07/24 03:27:23,8320.628,11282832.000,77.861,60.429
25/07/24 03:27:24,9737.858,10203196.000,74.984,54.988
25/07/24 03:27:25,7860.550,9601324.000,78.005,60.004
25/07/24 03:27:26,9741.393,10023724.000,75.011,53.008
25/07/24 03:27:27,8210.452,10665412.000,72.004,59.003
25/07/24 03:27:28,9270.538,10740772.000,73.004,54.003
25/07/24 03:27:29,7587.648,10013004.000,71.978,53.983
25/07/24 03:27:30,8041.061,11274352.000,83.011,53.007
25/07/24 03:27:31,8159.364,9513612.000,72.994,51.996
25/07/24 03:27:32,7928.906,10708924.000,69.990,51.993
25/07/24 03:27:33,9660.686,10904412.000,87.006,56.004
25/07/24 03:27:34,6621.417,10812352.000,69.015,50.011
25/07/24 03:27:35,10938.698,10087564.000,85.990,59.993
25/07/24 03:27:36,7720.811,11044284.000,73.008,55.006
25/07/24 03:27:37,9938.887,10181968.000,85.990,55.994
25/07/24 03:27:38,6880.901,10826388.000,74.010,59.008
25/07/24 03:27:39,9769.382,10839436.000,69.502,49.924
25/07/24 03:27:40,10883.328,9495332.000,80.731,61.315
25/07/24 03:27:41,8738.777,10974760.000,68.990,57.992
25/07/24 03:27:42,10450.878,10316748.000,76.006,62.005
25/07/24 03:27:43,8741.109,9522176.000,75.696,62.179
25/07/24 03:27:44,10290.898,9994988.000,93.247,55.050
25/07/24 03:27:45,9909.871,11311560.000,79.999,58.999
25/07/24 03:27:46,7298.073,10627208.000,82.978,58.984
25/07/24 03:27:47,9591.947,9647328.000,67.014,51.010
25/07/24 03:27:48,7808.915,10754540.000,67.991,50.993
25/07/24 03:27:49,9979.381,9962492.000,65.996,50.997
25/07/24 03:27:50,8262.504,10571656.000,69.021,54.016
25/07/24 03:27:51,9347.140,10529996.000,76.976,50.984
25/07/24 03:27:52,7660.008,9359656.000,72.000,54.000
25/07/24 03:27:53,8620.810,10748136.000,72.007,47.004
25/07/24 03:27:54,9001.044,9515784.000,69.008,60.007
25/07/24 03:27:55,7739.528,10673132.000,61.996,53.997
25/07/24 03:27:56,10160.356,9980964.000,77.003,56.002
25/07/24 03:27:57,7250.522,11287548.000,78.006,58.004
25/07/24 03:27:58,10239.836,9821536.000,74.999,59.999
25/07/24 03:27:59,7538.304,10908052.000,70.984,54.988
25/07/24 03:28:00,10550.665,10054632.000,84.005,59.004
25/07/24 03:28:01,7750.504,10363120.000,76.005,55.004
25/07/24 03:28:02,10112.543,10343924.000,86.652,59.037
25/07/24 03:28:03,8818.902,9598764.000,79.360,59.520
25/07/24 03:28:04,9632.696,11037036.000,73.612,54.683
25/07/24 03:28:05,9165.015,9475888.000,75.702,59.552
25/07/24 03:28:06,8940.116,10720220.000,76.001,58.001
25/07/24 03:28:07,9799.245,9913964.000,75.994,56.996
25/07/24 03:28:08,7600.448,9429176.000,74.004,53.003
25/07/24 03:28:09,10678.825,10321236.000,74.992,53.994
25/07/24 03:28:10,7520.150,10396964.000,70.001,56.001
25/07/24 03:28:11,9327.185,10264628.000,80.202,58.419
25/07/24 03:28:12,8625.731,10395380.000,80.803,60.602
25/07/24 03:28:13,8788.989,10596852.000,84.990,64.993
25/07/24 03:28:14,8732.716,9484828.000,72.022,57.018
25/07/24 03:28:15,7048.287,10613456.000,71.983,49.988
25/07/24 03:28:16,10351.563,9874472.000,94.014,60.009
25/07/24 03:28:17,8158.858,11151524.000,75.989,54.992
25/07/24 03:28:18,9059.855,10756072.000,75.999,54.999
25/07/24 03:28:19,7409.081,9348244.000,75.991,53.993
25/07/24 03:28:20,9211.907,10491164.000,77.016,55.011
25/07/24 03:28:21,9231.412,9716060.000,73.011,56.009
25/07/24 03:28:22,7388.995,11207752.000,75.990,57.992
25/07/24 03:28:23,10060.795,9847052.000,69.005,54.004
25/07/24 03:28:24,7959.920,11218268.000,69.999,53.999
25/07/24 03:28:25,9769.932,10525172.000,73.999,56.000
25/07/24 03:28:26,7570.008,9322044.000,75.000,60.000
25/07/24 03:28:27,11361.875,10410624.000,93.015,62.010
25/07/24 03:28:28,7648.455,9445892.000,70.986,57.988
25/07/24 03:28:29,8880.995,10607360.000,66.007,54.006
25/07/24 03:28:30,9598.810,9820136.000,77.990,62.992
25/07/24 03:28:31,6950.271,11009436.000,74.003,58.002
25/07/24 03:28:32,10040.110,10110052.000,74.001,55.001
25/07/24 03:28:33,7338.077,10470056.000,72.981,54.986
25/07/24 03:28:34,9349.804,10260432.000,81.998,57.999
25/07/24 03:28:35,6431.679,10046152.000,69.018,53.014
25/07/24 03:28:36,8980.359,10896676.000,82.003,56.002
25/07/24 03:28:37,9438.160,10075072.000,74.985,57.989
25/07/24 03:28:38,8329.883,10467348.000,85.999,55.999
25/07/24 03:28:39,10744.609,10140808.000,77.033,55.024
25/07/24 03:28:40,8244.971,9334940.000,74.954,54.966
25/07/24 03:28:41,10161.524,10063412.000,75.011,63.009
25/07/24 03:28:42,8374.054,9356620.000,78.448,63.325
25/07/24 03:28:43,9119.215,10422140.000,75.374,56.265
25/07/24 03:28:44,8712.100,9563392.000,74.018,58.014
25/07/24 03:28:45,6869.856,10913720.000,71.998,50.999
25/07/24 03:28:46,10208.601,9801748.000,71.990,55.992
25/07/24 03:28:47,8450.085,11204456.000,76.001,62.001
25/07/24 03:28:48,9792.135,10758508.000,80.017,55.012
25/07/24 03:28:49,6678.838,9316624.000,73.987,61.989
25/07/24 03:28:50,9151.245,10386468.000,69.009,48.007
25/07/24 03:28:51,8379.615,9659628.000,76.996,60.997
25/07/24 03:28:52,9027.969,11107256.000,67.985,49.989
25/07/24 03:28:53,9642.584,9723868.000,73.020,56.015
25/07/24 03:28:54,7393.310,11246136.000,82.790,52.947
25/07/24 03:28:55,10338.272,9843852.000,75.925,54.084
25/07/24 03:28:56,7991.910,11102744.000,70.017,55.013
25/07/24 03:28:57,10419.667,10018472.000,86.997,60.998
25/07/24 03:28:58,7460.470,10543028.000,76.005,60.004
25/07/24 03:28:59,9549.580,10960308.000,75.997,59.997
25/07/24 03:29:00,8918.502,9425840.000,78.987,59.990
25/07/24 03:29:01,8731.406,10618536.000,80.013,57.009
25/07/24 03:29:02,10270.010,10185596.000,85.000,60.000
25/07/24 03:29:03,6718.979,9302396.000,67.990,54.992
25/07/24 03:29:04,10119.615,10628512.000,74.997,62.998
25/07/24 03:29:05,8060.379,9409916.000,68.003,59.003
25/07/24 03:29:06,8278.973,10862820.000,66.992,63.992
25/07/24 03:29:07,8403.639,9495204.000,77.033,58.025
25/07/24 03:29:08,8378.123,10687628.000,85.981,61.986
25/07/24 03:29:09,11361.477,11258352.000,74.010,66.009
25/07/24 03:29:10,9090.491,9305212.000,75.004,63.003
25/07/24 03:29:11,10674.537,10375816.000,74.909,59.927
25/07/24 03:29:12,8335.291,9311752.000,80.456,56.856
25/07/24 03:29:13,10039.247,10744488.000,74.994,62.995
25/07/24 03:29:14,7190.525,9649476.000,67.005,56.004
25/07/24 03:29:15,8568.595,11261016.000,70.988,70.988
25/07/24 03:29:16,9421.837,9765296.000,69.013,58.011
25/07/24 03:29:17,8769.114,10869272.000,69.993,55.994
25/07/24 03:29:18,11386.819,10098756.000,81.784,57.518
25/07/24 03:29:19,7033.157,9323808.000,73.262,58.610
25/07/24 03:29:20,10530.969,10111444.000,78.007,54.005
25/07/24 03:29:21,8468.323,9327044.000,71.986,59.988
25/07/24 03:29:22,8749.685,10461868.000,74.997,64.998
25/07/24 03:29:23,8602.151,9569008.000,74.019,58.015
25/07/24 03:29:24,6806.753,10766668.000,81.961,58.972
25/07/24 03:29:25,8920.348,9657044.000,68.003,58.002
25/07/24 03:29:26,8982.812,10778112.000,67.021,56.018
25/07/24 03:29:27,10876.683,10216216.000,72.978,60.981
25/07/24 03:29:28,9088.300,10497672.000,69.987,62.988
25/07/24 03:29:29,9691.153,11270464.000,72.009,59.007
25/07/24 03:29:30,8579.803,9330472.000,71.998,60.999
25/07/24 03:29:31,9820.157,10275780.000,72.001,62.001
25/07/24 03:29:32,8080.347,9334984.000,68.003,57.002
25/07/24 03:29:33,8930.313,11277836.000,68.002,70.002
25/07/24 03:29:34,8940.966,9630188.000,73.008,59.006
25/07/24 03:29:35,8999.856,10856472.000,79.999,59.999
25/07/24 03:29:36,8651.064,10238784.000,84.010,63.008
25/07/24 03:29:37,6798.029,9330864.000,65.981,56.983
25/07/24 03:29:38,9870.721,10357508.000,71.005,56.004
25/07/24 03:29:39,9391.089,9868140.000,76.009,58.007
25/07/24 03:29:40,8621.854,10714340.000,82.018,56.012
25/07/24 03:29:41,10053.692,9922360.000,82.530,57.209
25/07/24 03:29:42,8482.436,11097984.000,73.987,61.482
25/07/24 03:29:43,11126.782,10125244.000,70.825,55.429
25/07/24 03:29:44,8697.959,9360980.000,76.921,69.031
25/07/24 03:29:45,10166.551,10520800.000,80.117,63.541
25/07/24 03:29:46,8829.270,9730404.000,78.247,62.386
25/07/24 03:29:47,8848.886,11262736.000,87.983,58.655
25/07/24 03:29:48,9291.235,10325904.000,87.008,66.292
25/07/24 03:29:49,9160.284,11392516.000,83.003,66.002
25/07/24 03:29:50,10809.341,9983196.000,84.995,64.996
25/07/24 03:29:51,9780.068,9607280.000,81.001,69.000
25/07/24 03:29:52,9340.009,11202476.000,75.000,61.000
25/07/24 03:29:53,8959.767,9812560.000,73.998,59.998
25/07/24 03:29:54,8298.415,11239176.000,69.987,56.989
25/07/24 03:29:55,9242.385,9827388.000,74.019,60.015
25/07/24 03:29:56,7758.797,10981376.000,70.989,53.992
25/07/24 03:29:57,10902.475,9894192.000,79.018,63.014
25/07/24 03:29:58,7899.905,11148408.000,72.999,60.999
25/07/24 03:29:59,11616.213,10254488.000,82.973,62.979
25/07/24 03:30:00,8413.340,9431072.000,80.032,63.025
25/07/24 03:30:01,10854.779,10324280.000,82.960,59.971
25/07/24 03:30:02,8072.010,9467804.000,82.020,58.014
25/07/24 03:30:03,7650.757,10654012.000,76.008,59.006
25/07/24 03:30:04,10170.051,9765592.000,81.000,61.000
25/07/24 03:30:05,6699.015,10985892.000,75.989,54.992
25/07/24 03:30:06,10460.711,10009372.000,83.006,60.004
25/07/24 03:30:07,7940.738,10884840.000,72.007,56.005
25/07/24 03:30:08,10678.900,10217936.000,79.992,56.994
25/07/24 03:30:09,8406.024,9419144.000,80.962,58.972
25/07/24 03:30:10,10514.774,10383668.000,90.041,61.028
25/07/24 03:30:11,10100.140,9860144.000,83.189,57.743
25/07/24 03:30:12,8238.992,11102172.000,75.643,58.266
25/07/24 03:30:13,10151.340,10594908.000,74.010,59.008
25/07/24 03:30:14,7660.529,9353368.000,71.005,54.004
25/07/24 03:30:15,8760.315,10463760.000,75.003,58.002
25/07/24 03:30:16,7928.834,9509424.000,78.988,57.991
25/07/24 03:30:17,9270.667,10696400.000,75.005,56.004
25/07/24 03:30:18,9527.694,9938028.000,78.981,56.986
25/07/24 03:30:19,6881.376,11200476.000,76.015,54.011
25/07/24 03:30:20,12519.474,10181096.000,82.997,63.997
25/07/24 03:30:21,8720.279,11006488.000,74.002,54.002
25/07/24 03:30:22,10500.630,10707240.000,82.005,59.004
25/07/24 03:30:23,8032.206,11608384.000,100.403,61.786
25/07/24 03:30:24,6751.242,11136320.000,82.965,62.223
25/07/24 03:30:25,8838.047,9698812.000,64.986,52.988
25/07/24 03:30:26,7841.937,10939196.000,71.018,55.014
25/07/24 03:30:27,10148.630,10012844.000,73.990,55.992
25/07/24 03:30:28,7601.756,11101380.000,71.016,56.013
25/07/24 03:30:29,9009.739,9957468.000,72.998,47.999
25/07/24 03:30:30,8450.541,11180568.000,73.005,57.004
25/07/24 03:30:31,9377.018,10915760.000,65.979,55.982
25/07/24 03:30:32,9061.486,10399404.000,79.013,61.010
25/07/24 03:30:33,7709.391,11265500.000,79.994,51.996
25/07/24 03:30:34,9985.897,11223368.000,81.402,55.845
25/07/24 03:30:35,6741.216,9969104.000,68.896,58.297
25/07/24 03:30:36,9977.885,9919660.000,68.985,51.989
25/07/24 03:30:37,8152.038,11150104.000,67.017,57.014
25/07/24 03:30:38,9303.823,10593476.000,64.773,54.959
25/07/24 03:30:39,8287.251,9328668.000,68.296,56.064
25/07/24 03:30:40,10287.675,10436164.000,74.983,56.987
25/07/24 03:30:41,10681.085,10155976.000,76.989,65.485
25/07/24 03:30:42,8644.463,10962160.000,75.869,71.271
25/07/24 03:30:43,10380.187,10088216.000,76.001,64.001
25/07/24 03:30:44,7282.134,9320156.000,70.021,54.016
25/07/24 03:30:45,9776.725,10258876.000,82.972,56.981
25/07/24 03:30:46,6830.376,10081544.000,72.004,59.003
25/07/24 03:30:47,8628.990,11267796.000,73.991,57.993
25/07/24 03:30:48,8831.351,10491796.000,71.011,58.009
25/07/24 03:30:49,8731.380,11261320.000,78.012,46.007
25/07/24 03:30:50,9168.368,9684544.000,70.987,58.989
25/07/24 03:30:51,9760.059,10904624.000,75.000,62.000
25/07/24 03:30:52,9919.712,10088340.000,69.998,57.998
25/07/24 03:30:53,7749.334,9314964.000,77.993,52.995
25/07/24 03:30:54,9209.733,10479280.000,74.998,53.998
25/07/24 03:30:55,7582.093,9313272.000,74.020,58.016
25/07/24 03:30:56,9270.816,10396368.000,68.006,50.004
25/07/24 03:30:57,9039.105,9332408.000,74.993,61.994
25/07/24 03:30:58,9668.289,10443128.000,72.987,60.989
25/07/24 03:30:59,8208.719,9637400.000,66.990,56.991
25/07/24 03:31:00,8670.555,10920400.000,70.799,58.846
25/07/24 03:31:01,12015.978,9695680.000,74.213,63.299
25/07/24 03:31:02,9149.069,10885764.000,71.719,65.904
25/07/24 03:31:03,10146.586,10184140.000,74.699,64.324
25/07/24 03:31:04,6578.244,9316208.000,72.981,59.984
25/07/24 03:31:05,9579.837,10102332.000,66.999,52.999
25/07/24 03:31:06,8229.235,9318768.000,67.994,57.995
25/07/24 03:31:07,10291.070,10302212.000,70.007,56.006
25/07/24 03:31:08,8840.592,9478384.000,73.005,63.004
25/07/24 03:31:09,10610.117,10786584.000,71.001,71.001
25/07/24 03:31:10,9089.346,9722340.000,67.995,60.996
25/07/24 03:31:11,9452.308,11268144.000,77.977,59.909
25/07/24 03:31:12,10659.621,10796076.000,82.240,66.425
25/07/24 03:31:13,6849.336,10333156.000,79.992,69.993
25/07/24 03:31:14,10070.242,9877304.000,68.002,57.001
25/07/24 03:31:15,8690.687,11132544.000,67.005,56.004
25/07/24 03:31:16,9699.040,10085016.000,73.993,55.994
25/07/24 03:31:17,7481.863,10032524.000,72.018,55.014
25/07/24 03:31:18,9518.448,10282600.000,75.988,49.992
25/07/24 03:31:19,7399.408,9356208.000,66.995,52.996
25/07/24 03:31:20,9620.596,11270852.000,73.005,62.004
25/07/24 03:31:21,9361.517,9538320.000,76.012,65.011
25/07/24 03:31:22,9439.358,11281840.000,84.994,67.995
25/07/24 03:31:23,9520.809,9891732.000,74.006,64.005
25/07/24 03:31:24,8629.004,10178072.000,70.619,58.043
25/07/24 03:31:25,10049.409,10275620.000,79.692,55.888
25/07/24 03:31:26,8179.885,9954836.000,76.999,59.999
25/07/24 03:31:27,10541.602,11277436.000,70.011,57.009
25/07/24 03:31:28,8458.613,10362516.000,72.988,56.991
25/07/24 03:31:29,8896.646,11282252.000,70.973,53.980
25/07/24 03:31:30,8561.079,9599956.000,74.009,57.007
25/07/24 03:31:31,7330.594,10803592.000,68.006,53.004
25/07/24 03:31:32,11282.166,9833220.000,78.015,69.013
25/07/24 03:31:33,6469.554,11245488.000,70.995,55.996
25/07/24 03:31:34,9860.513,11235932.000,74.004,56.003
25/07/24 03:31:35,7740.046,9345896.000,72.000,53.000
25/07/24 03:31:36,9712.331,10264364.000,72.017,56.013
25/07/24 03:31:37,7176.268,10152964.000,72.962,58.969
25/07/24 03:31:38,9453.337,10349944.000,67.024,52.018
25/07/24 03:31:39,9218.212,9568972.000,68.987,57.989
25/07/24 03:31:40,9699.137,11019288.000,76.993,61.994
25/07/24 03:31:41,9189.449,9646120.000,70.996,54.997
25/07/24 03:31:42,10003.351,11037260.000,80.027,60.020
25/07/24 03:31:43,9778.787,9963288.000,76.990,59.993
25/07/24 03:31:44,7411.141,10344124.000,76.012,58.009
25/07/24 03:31:45,9677.406,10075196.000,68.982,58.984
25/07/24 03:31:46,6992.286,9729768.000,68.022,55.018
25/07/24 03:31:47,10756.730,10614416.000,72.978,60.981
25/07/24 03:31:48,8232.504,9337680.000,71.501,60.577
25/07/24 03:31:49,9296.320,10390300.000,70.503,56.402
25/07/24 03:31:50,8306.403,9496588.000,73.686,60.288
25/07/24 03:31:51,8458.173,10637092.000,68.042,52.340
25/07/24 03:31:52,8250.363,9535708.000,71.003,58.003
25/07/24 03:31:53,10050.744,10739452.000,71.005,59.004
25/07/24 03:31:54,9370.843,10103064.000,73.007,53.005
25/07/24 03:31:55,6189.808,10479496.000,70.998,56.998
25/07/24 03:31:56,9680.029,10310484.000,72.000,55.000
25/07/24 03:31:57,9090.973,9631812.000,75.008,56.006
25/07/24 03:31:58,9410.141,10848452.000,74.001,56.001
25/07/24 03:31:59,7119.601,9326732.000,76.996,57.997
25/07/24 03:32:00,9799.628,10349760.000,74.997,63.998
25/07/24 03:32:01,8718.474,9331168.000,67.988,56.990
25/07/24 03:32:02,8852.231,10471216.000,72.018,62.016
25/07/24 03:32:03,10512.523,9953576.000,85.020,64.015
25/07/24 03:32:04,7606.813,10621796.000,71.970,53.977
25/07/24 03:32:05,9830.531,10055760.000,75.004,55.003
25/07/24 03:32:06,6810.736,10504972.000,68.007,56.006
25/07/24 03:32:07,10321.146,10456884.000,69.008,56.006
25/07/24 03:32:08,8667.686,9331216.000,69.981,52.986
25/07/24 03:32:09,10370.332,10484656.000,74.002,56.002
25/07/24 03:32:10,9522.628,9497588.000,79.022,63.017
25/07/24 03:32:11,8337.276,10749180.000,74.406,58.189
25/07/24 03:32:12,11167.538,10142628.000,79.843,66.186
25/07/24 03:32:13,9267.887,9526300.000,77.814,59.857
25/07/24 03:32:14,9744.437,11182672.000,71.324,57.830
25/07/24 03:32:15,7957.737,9351360.000,81.244,58.329
25/07/24 03:32:16,9479.175,10366592.000,69.994,52.995
25/07/24 03:32:17,8099.789,9353248.000,69.998,54.999
25/07/24 03:32:18,8330.700,10568272.000,73.006,56.005
25/07/24 03:32:19,8680.217,9695904.000,82.002,54.001
25/07/24 03:32:20,7258.084,10941812.000,74.980,?
25/07/24 03:32:21,10791.737,9780176.000,79.013,58.009
25/07/24 03:32:22,7461.694,10827628.000,75.017,56.013
25/07/24 03:32:23,10860.087,10030892.000,84.001,66.001
25/07/24 03:32:24,8207.620,11681412.000,77.977,60.982
25/07/24 03:32:25,10110.708,11285496.000,74.005,58.004
25/07/24 03:32:26,8170.662,9338784.000,70.006,59.005
25/07/24 03:32:27,10658.423,10870136.000,72.989,60.991
25/07/24 03:32:28,8141.294,9529408.000,74.012,60.010
25/07/24 03:32:29,8667.781,10711204.000,67.983,51.987
25/07/24 03:32:30,9251.786,9728984.000,76.015,48.009
25/07/24 03:32:31,6769.743,10958256.000,73.997,54.998
25/07/24 03:32:32,9702.037,10297292.000,83.017,55.012
25/07/24 03:32:33,6589.736,9346908.000,76.997,54.998
25/07/24 03:32:34,10619.596,10159680.000,79.997,55.998
25/07/24 03:32:35,6869.444,10408124.000,65.995,51.996
25/07/24 03:32:36,9679.613,11281700.000,71.997,51.998
25/07/24 03:32:37,9200.718,9362848.000,70.005,56.004
25/07/24 03:32:38,9109.217,10521036.000,76.993,56.995
25/07/24 03:32:39,9480.321,9912980.000,65.933,52.946
25/07/24 03:32:40,8719.932,11247800.000,73.083,58.066
25/07/24 03:32:41,10587.882,9899888.000,71.986,53.989
25/07/24 03:32:42,10111.837,11080240.000,74.644,60.711
25/07/24 03:32:43,10141.839,10326264.000,79.003,55.119
25/07/24 03:32:44,9278.765,9401508.000,81.393,57.454
25/07/24 03:32:45,8731.720,10400012.000,74.214,49.862
25/07/24 03:32:46,8330.450,10527296.000,72.004,61.003
25/07/24 03:32:47,9220.277,11286224.000,71.002,60.002
25/07/24 03:32:48,9178.596,9570616.000,70.989,60.991
25/07/24 03:32:49,7040.570,10811384.000,68.006,59.005
25/07/24 03:32:50,9551.891,9852380.000,76.015,49.010
25/07/24 03:32:51,7799.532,11103504.000,72.996,54.997
25/07/24 03:32:52,8791.152,10234880.000,76.010,55.007
25/07/24 03:32:53,7688.293,9431024.000,70.984,56.987
25/07/24 03:32:54,9962.251,10513852.000,74.017,55.012
25/07/24 03:32:55,9471.478,9835448.000,74.012,57.009
25/07/24 03:32:56,6618.352,11150352.000,68.983,54.986
25/07/24 03:32:57,10930.022,9872848.000,72.000,55.000
25/07/24 03:32:58,6940.291,11196184.000,74.003,55.002
25/07/24 03:32:59,9919.325,10447260.000,70.995,55.996
25/07/24 03:33:00,8598.341,9320960.000,71.986,58.989
25/07/24 03:33:01,10778.804,10181220.000,73.992,54.994
25/07/24 03:33:02,9407.834,9326944.000,74.396,58.387
25/07/24 03:33:03,9564.970,10423300.000,70.378,66.112
25/07/24 03:33:04,8952.941,9739636.000,75.102,66.208
25/07/24 03:33:05,10033.773,11245052.000,74.965,60.549
25/07/24 03:33:06,10226.255,9597576.000,70.708,64.376
25/07/24 03:33:07,6790.068,10917472.000,68.001,64.001
25/07/24 03:33:08,10820.454,9890680.000,75.003,57.002
25/07/24 03:33:09,8118.888,9415616.000,73.990,57.992
25/07/24 03:33:10,10492.497,10477492.000,79.019,57.014
25/07/24 03:33:11,7679.240,9326464.000,74.993,59.994
25/07/24 03:33:12,10230.286,10331268.000,84.002,59.002
25/07/24 03:33:13,8058.719,10208236.000,70.989,54.991
25/07/24 03:33:14,7019.628,11271972.000,74.996,47.997
25/07/24 03:33:15,9603.217,10180736.000,75.025,60.020
25/07/24 03:33:16,7858.185,11265076.000,73.983,54.987
25/07/24 03:33:17,9648.119,10794808.000,69.986,55.989
25/07/24 03:33:18,7772.137,9951968.000,73.020,60.017
25/07/24 03:33:19,9259.926,11085768.000,77.999,46.000
25/07/24 03:33:20,7478.788,9322252.000,68.989,50.992
25/07/24 03:33:21,10272.671,10263748.000,68.018,52.014
25/07/24 03:33:22,7358.705,10561056.000,70.988,54.990
25/07/24 03:33:23,9771.163,11037604.000,83.010,61.007
25/07/24 03:33:24,8118.717,9462796.000,84.987,56.991
25/07/24 03:33:25,7980.535,10809688.000,75.005,52.003
25/07/24 03:33:26,9113.384,9949120.000,80.469,53.323
25/07/24 03:33:27,8466.544,10536500.000,79.503,53.690
25/07/24 03:33:28,9760.468,10093352.000,73.576,54.949
25/07/24 03:33:29,7297.852,10757080.000,73.410,57.217
25/07/24 03:33:30,10362.062,10180564.000,73.015,53.011
25/07/24 03:33:31,7236.932,9318240.000,74.968,49.979
25/07/24 03:33:32,9160.421,10453200.000,71.003,55.003
25/07/24 03:33:33,7802.700,9319888.000,75.026,53.018
25/07/24 03:33:34,8036.697,10425588.000,72.970,48.980
25/07/24 03:33:35,8560.077,9625880.000,70.001,54.000
25/07/24 03:33:36,8851.460,10898732.000,80.013,57.009
25/07/24 03:33:37,9430.858,9756856.000,70.006,54.005
25/07/24 03:33:38,8009.672,10957356.000,66.997,51.998
25/07/24 03:33:39,10881.055,11245516.000,71.007,52.005
25/07/24 03:33:40,8949.812,9322356.000,78.998,54.999
25/07/24 03:33:41,10490.476,10105776.000,71.504,51.914
25/07/24 03:33:42,9163.428,9690488.000,76.037,59.465
25/07/24 03:33:43,10447.984,10255848.000,73.430,53.499
25/07/24 03:33:44,7170.100,9321908.000,68.001,54.001
25/07/24 03:33:45,8807.842,10446532.000,73.982,49.988
25/07/24 03:33:46,8811.234,9419900.000,75.011,63.009
25/07/24 03:33:47,8368.552,10543828.000,70.988,47.992
25/07/24 03:33:48,9009.838,9572096.000,74.999,57.999
25/07/24 03:33:49,7319.429,10697088.000,67.995,48.996
25/07/24 03:33:50,9712.185,10091740.000,76.017,55.012
25/07/24 03:33:51,7441.101,9609600.000,72.011,54.008
25/07/24 03:33:52,10319.123,10675164.000,69.994,48.996
25/07/24 03:33:53,8760.683,9319804.000,70.005,56.004
25/07/24 03:33:54,9529.933,10360324.000,67.000,51.000
25/07/24 03:33:55,8027.921,9463684.000,71.981,56.985
25/07/24 03:33:56,10300.206,10987100.000,71.001,59.001
25/07/24 03:33:57,9080.663,9516392.000,68.005,55.004
25/07/24 03:33:58,8230.897,10674512.000,71.008,58.006
25/07/24 03:33:59,9057.690,9693608.000,69.982,51.987
25/07/24 03:34:00,7141.971,10907096.000,74.020,55.015
25/07/24 03:34:01,10869.100,10463432.000,74.719,57.783
25/07/24 03:34:02,7334.132,10373016.000,71.961,58.160
25/07/24 03:34:03,10136.336,11260456.000,79.091,55.454
25/07/24 03:34:04,7994.947,9318132.000,75.980,64.640
25/07/24 03:34:05,9639.769,10205520.000,74.998,51.999
25/07/24 03:34:06,7419.228,9494236.000,71.993,57.994
25/07/24 03:34:07,9511.931,11043012.000,75.015,59.012
25/07/24 03:34:08,9568.995,9757612.000,75.992,57.994
25/07/24 03:34:09,8378.107,11314680.000,77.982,53.988
25/07/24 03:34:10,10875.884,11050712.000,83.045,62.034
25/07/24 03:34:11,9151.539,9340036.000,77.364,61.325
25/07/24 03:34:12,10075.217,10283168.000,84.763,54.903
25/07/24 03:34:13,7458.510,9487020.000,67.603,53.196
25/07/24 03:34:14,8763.269,10952428.000,77.029,47.018
25/07/24 03:34:15,8187.175,9487904.000,76.973,56.980
25/07/24 03:34:16,6711.859,10624244.000,70.019,51.014
25/07/24 03:34:17,11528.271,9736912.000,81.988,60.991
25/07/24 03:34:18,7730.773,10962256.000,75.008,53.005
25/07/24 03:34:19,10128.977,9972908.000,73.993,53.995
25/07/24 03:34:20,8480.246,11140056.000,78.002,57.002
25/07/24 03:34:21,10469.937,10020516.000,83.000,56.000
25/07/24 03:34:22,7890.608,10469652.000,73.006,56.004
25/07/24 03:34:23,8659.896,10374132.000,80.999,52.999
25/07/24 03:34:24,9379.494,10495732.000,84.995,58.997
25/07/24 03:34:25,6809.244,11248452.000,75.992,51.994
25/07/24 03:34:26,10448.412,10281380.000,77.988,52.992
25/07/24 03:34:27,8839.691,9346024.000,70.998,56.998
25/07/24 03:34:28,10079.365,10508264.000,81.995,55.996
25/07/24 03:34:29,7050.571,9330716.000,67.005,51.004
25/07/24 03:34:30,9201.113,10508332.000,68.008,53.006
25/07/24 03:34:31,8240.272,9510056.000,66.002,50.002
25/07/24 03:34:32,8588.737,10684692.000,72.989,53.992
25/07/24 03:34:33,9041.908,9666032.000,74.016,54.011
25/07/24 03:34:34,7928.414,10841632.000,76.985,55.989
25/07/24 03:34:35,9882.401,9849936.000,72.018,53.013
25/07/24 03:34:36,7878.464,11343804.000,68.987,48.990
25/07/24 03:34:37,9832.576,11281148.000,82.937,51.961
25/07/24 03:34:38,6892.742,9334152.000,69.423,56.530
25/07/24 03:34:39,11244.813,10612028.000,72.677,55.517
25/07/24 03:34:40,9008.631,9336628.000,72.989,51.992
25/07/24 03:34:41,8677.440,10468048.000,87.974,54.984
25/07/24 03:34:42,10233.002,9670124.000,83.195,60.085
25/07/24 03:34:43,7802.674,10790444.000,71.867,55.440
25/07/24 03:34:44,10787.189,9786356.000,81.593,60.400
25/07/24 03:34:45,7742.479,11000132.000,68.844,50.885
25/07/24 03:34:46,10855.216,10020756.000,81.675,57.932
25/07/24 03:34:47,7387.760,11259916.000,69.856,52.921
25/07/24 03:34:48,10628.746,10173756.000,93.989,59.993
25/07/24 03:34:49,6259.562,11145532.000,71.995,54.996
25/07/24 03:34:50,9659.536,10268000.000,71.997,52.997
25/07/24 03:34:51,6819.509,10431140.000,65.995,49.996
25/07/24 03:34:52,9842.461,10567652.000,77.019,60.015
25/07/24 03:34:53,8278.286,9529396.000,66.986,50.989
25/07/24 03:34:54,8441.283,10730244.000,77.012,55.008
25/07/24 03:34:55,9070.082,9694088.000,71.001,53.000
25/07/24 03:34:56,7709.221,10836108.000,74.992,53.995
25/07/24 03:34:57,10501.407,9828380.000,76.010,55.007
25/07/24 03:34:58,9840.561,11109036.000,81.005,59.003
25/07/24 03:34:59,9429.104,10038620.000,79.992,53.995
25/07/24 03:35:00,7921.608,10468172.000,76.015,57.012
25/07/24 03:35:01,9259.306,10478648.000,71.995,51.996
25/07/24 03:35:02,9185.304,9522644.000,77.729,61.615
25/07/24 03:35:03,10051.336,10602440.000,70.888,52.902
25/07/24 03:35:04,10139.899,9925416.000,86.999,58.999
25/07/24 03:35:05,6299.887,10124456.000,82.999,57.999
25/07/24 03:35:06,10890.632,10401824.000,89.005,56.003
25/07/24 03:35:07,8938.758,9686284.000,80.989,59.992
25/07/24 03:35:08,10420.646,10204112.000,73.005,58.004
25/07/24 03:35:09,11001.507,9340340.000,82.011,62.008
25/07/24 03:35:10,10359.275,10371412.000,71.995,54.996
25/07/24 03:35:11,9616.927,9440668.000,77.009,58.673
25/07/24 03:35:12,10294.131,10500328.000,78.086,53.890
25/07/24 03:35:13,8559.803,9858260.000,69.998,52.999
25/07/24 03:35:14,7717.908,10988860.000,70.981,56.985
25/07/24 03:35:15,9582.769,11178108.000,73.021,51.015
25/07/24 03:35:16,6959.603,11289040.000,78.995,62.996
25/07/24 03:35:17,10099.576,12210756.000,83.996,62.997
25/07/24 03:35:18,7361.104,12355764.000,77.012,66.010
25/07/24 03:35:19,11280.451,10741404.000,88.004,62.002
25/07/24 03:35:20,7660.636,9347584.000,73.006,54.004
25/07/24 03:35:21,10124.108,10295116.000,75.956,54.968
25/07/24 03:35:22,8374.722,9723572.000,75.954,59.185
25/07/24 03:35:23,9605.115,10526680.000,70.999,55.785
25/07/24 03:35:24,9121.085,9485404.000,74.009,56.007
25/07/24 03:35:25,7918.955,10669292.000,76.990,55.993
25/07/24 03:35:26,9583.057,10006912.000,67.021,54.017
25/07/24 03:35:27,7454.402,10196728.000,74.944,60.954
25/07/24 03:35:28,10154.072,10250520.000,67.027,54.022
25/07/24 03:35:29,9691.444,10440284.000,72.011,55.008
25/07/24 03:35:30,10009.510,10523336.000,85.996,56.997
25/07/24 03:35:31,6200.019,9341292.000,68.000,51.000
25/07/24 03:35:32,10580.656,10379396.000,77.005,60.004
25/07/24 03:35:33,8420.817,9426296.000,75.007,59.006
25/07/24 03:35:34,8319.651,10630028.000,81.997,59.997
25/07/24 03:35:35,9390.028,9628168.000,77.000,56.000
25/07/24 03:35:36,7089.610,10786464.000,72.996,52.997
25/07/24 03:35:37,9789.041,9923152.000,73.993,53.995
25/07/24 03:35:38,7771.096,10356056.000,75.011,55.008
25/07/24 03:35:39,11690.362,10549940.000,87.003,61.002
25/07/24 03:35:40,7300.277,9779152.000,77.003,60.002
25/07/24 03:35:41,10588.994,10980664.000,74.993,54.995
25/07/24 03:35:42,9886.145,9831324.000,81.319,61.217
25/07/24 03:35:43,8461.780,11280744.000,78.157,57.315
25/07/24 03:35:44,9829.287,9840928.000,76.098,57.073
25/07/24 03:35:45,7489.843,10984368.000,69.999,55.999
25/07/24 03:35:46,1440.004,11284432.000,75.000,60.000
25/07/24 03:35:47,2600.055,11284212.000,70.001,60.001
25/07/24 03:35:48,3020.124,11285480.000,72.003,64.003
25/07/24 03:35:49,5481.047,9336536.000,78.015,60.011
25/07/24 03:35:50,9647.752,10775236.000,78.982,56.987
25/07/24 03:35:51,7791.901,9339384.000,74.018,57.014
25/07/24 03:35:52,8378.584,10461676.000,75.987,51.991
25/07/24 03:35:53,8651.523,10535160.000,75.013,56.010
25/07/24 03:35:54,7209.863,11278584.000,74.999,57.999
25/07/24 03:35:55,9330.037,12100252.000,86.000,61.000
25/07/24 03:35:56,7350.051,11082880.000,80.001,61.000
25/07/24 03:35:57,11089.113,10403452.000,74.994,57.995
25/07/24 03:35:58,9111.394,9345632.000,85.013,56.009
25/07/24 03:35:59,9039.349,10296776.000,84.994,52.996
25/07/24 03:36:00,9529.390,10367676.000,78.995,64.996
25/07/24 03:36:01,8759.580,11051064.000,76.996,58.997
25/07/24 03:36:02,9298.791,10250376.000,78.990,59.992
25/07/24 03:36:03,7810.547,9801976.000,74.005,63.004
25/07/24 03:36:04,9990.010,10982960.000,74.000,56.000
25/07/24 03:36:05,9310.391,9332504.000,77.003,67.003
25/07/24 03:36:06,9550.735,10458640.000,68.005,53.004
25/07/24 03:36:07,9180.487,9330272.000,75.004,57.003
25/07/24 03:36:08,9291.173,10296612.000,82.921,55.947
25/07/24 03:36:09,8969.669,9494108.000,75.081,58.063
25/07/24 03:36:10,10527.126,10635608.000,77.979,58.984
25/07/24 03:36:11,8890.596,10849240.000,83.006,57.004
25/07/24 03:36:12,8700.009,10375512.000,74.000,60.000
25/07/24 03:36:13,10098.223,10209040.000,71.987,54.990
25/07/24 03:36:14,7580.008,10630140.000,73.000,57.000
25/07/24 03:36:15,10359.969,10980816.000,77.000,54.000
25/07/24 03:36:16,7291.932,9827432.000,77.020,57.015
25/07/24 03:36:17,9578.467,10370284.000,72.988,52.992
25/07/24 03:36:18,7820.946,9326612.000,71.009,54.007
25/07/24 03:36:19,8867.943,10457368.000,74.983,51.988
25/07/24 03:36:20,8819.797,9336036.000,74.998,59.999
25/07/24 03:36:21,11053.493,10418524.000,75.024,56.018
25/07/24 03:36:22,9677.726,9582500.000,77.982,57.986
25/07/24 03:36:23,8711.803,10788544.000,?,54.011
25/07/24 03:36:24,9810.029,9868464.000,83.000,60.000
25/07/24 03:36:25,7420.920,11025516.000,73.009,59.007
25/07/24 03:36:26,9806.460,10114384.000,75.973,57.979
25/07/24 03:36:27,8938.284,9774372.000,68.987,54.989
25/07/24 03:36:28,10531.411,10753568.000,76.010,57.008
25/07/24 03:36:29,7372.654,9340176.000,72.026,56.020
25/07/24 03:36:30,9795.641,10343508.000,73.967,52.976
25/07/24 03:36:31,9241.229,9401608.000,78.010,62.008
25/07/24 03:36:32,8279.528,10584664.000,77.996,55.997
25/07/24 03:36:33,8383.831,9573088.000,70.032,53.024
25/07/24 03:36:34,7897.244,10654816.000,76.973,52.982
25/07/24 03:36:35,9671.712,10706612.000,79.014,52.009
25/07/24 03:36:36,7098.318,9897184.000,72.983,59.986
25/07/24 03:36:37,9793.310,9873204.000,70.024,50.017
25/07/24 03:36:38,8115.747,11051572.000,73.961,54.971
25/07/24 03:36:39,10651.747,10154372.000,76.012,55.009
25/07/24 03:36:40,8762.191,9439956.000,79.020,56.014
25/07/24 03:36:41,10389.484,10547840.000,89.207,60.373
25/07/24 03:36:42,9769.321,9340800.000,79.727,62.883
25/07/24 03:36:43,9710.775,10449244.000,73.252,57.413
25/07/24 03:36:44,9619.261,9604504.000,76.792,59.615
25/07/24 03:36:45,7629.847,10782992.000,67.999,56.999
25/07/24 03:36:46,10172.462,9786028.000,74.018,55.013
25/07/24 03:36:47,7809.641,10967304.000,75.997,53.998
25/07/24 03:36:48,10641.309,10236184.000,76.009,61.008
25/07/24 03:36:49,7607.870,9338228.000,69.980,54.985
25/07/24 03:36:50,10582.011,10048476.000,76.014,55.010
25/07/24 03:36:51,7517.820,10276136.000,70.979,54.984
25/07/24 03:36:52,10841.127,10505856.000,75.008,56.006
25/07/24 03:36:53,7262.222,9337284.000,73.022,53.016
25/07/24 03:36:54,8257.572,10409404.000,79.976,54.984
25/07/24 03:36:55,8528.832,9512936.000,76.989,57.992
25/07/24 03:36:56,7691.015,10649932.000,76.010,52.007
25/07/24 03:36:57,9760.332,9892640.000,79.003,60.002
25/07/24 03:36:58,8147.727,11294916.000,68.981,53.985
25/07/24 03:36:59,9825.374,9840760.000,81.044,57.031
25/07/24 03:37:00,7958.217,11063476.000,76.983,53.988
25/07/24 03:37:01,10492.350,10455808.000,89.020,57.013
25/07/24 03:37:02,7740.379,9353768.000,77.004,62.003
25/07/24 03:37:03,10198.725,10213476.000,76.990,56.993
25/07/24 03:37:04,7809.938,9355740.000,71.999,59.000
25/07/24 03:37:05,9830.344,10631988.000,78.003,59.002
25/07/24 03:37:06,8348.723,10097668.000,71.989,56.991
25/07/24 03:37:07,8499.125,11294812.000,70.993,56.994
25/07/24 03:37:08,9794.172,9557956.000,75.955,55.967
25/07/24 03:37:09,8416.666,10692536.000,86.068,57.045
25/07/24 03:37:10,10088.305,9751312.000,77.987,58.990
25/07/24 03:37:11,8361.380,10971832.000,72.012,53.009
25/07/24 03:37:12,12931.358,9971608.000,86.009,62.007
25/07/24 03:37:13,8525.581,11252352.000,79.400,57.565
25/07/24 03:37:14,9731.340,10541896.000,73.539,54.399
25/07/24 03:37:15,8968.760,9351888.000,76.290,59.544
25/07/24 03:37:16,9943.559,10425944.000,73.496,55.122
25/07/24 03:37:17,8109.505,9587800.000,67.996,52.997
25/07/24 03:37:18,8771.544,11085088.000,74.013,54.010
25/07/24 03:37:19,7629.146,9509816.000,69.992,52.994
25/07/24 03:37:20,9081.353,10724192.000,70.010,53.008
25/07/24 03:37:21,10169.227,9773492.000,82.994,58.996
25/07/24 03:37:22,7305.905,11029696.000,79.737,59.803
25/07/24 03:37:23,11369.886,10329188.000,72.253,60.211
25/07/24 03:37:24,8138.893,9682292.000,71.990,53.993
25/07/24 03:37:25,9870.424,10022928.000,83.004,56.002
25/07/24 03:37:26,6420.475,11194156.000,67.005,51.004
25/07/24 03:37:27,10165.903,10451736.000,75.969,57.977
25/07/24 03:37:28,8062.741,9440428.000,72.024,54.018
25/07/24 03:37:29,8019.976,10514804.000,70.000,49.000
25/07/24 03:37:30,9519.191,10507488.000,89.992,54.995
25/07/24 03:37:31,5018.866,10056564.000,72.984,53.988
25/07/24 03:37:32,9814.868,9868144.000,74.037,56.028
25/07/24 03:37:33,8506.640,11163964.000,74.970,57.977
25/07/24 03:37:34,10158.527,10377116.000,79.988,61.991
25/07/24 03:37:35,7101.697,9330540.000,65.016,52.012
25/07/24 03:37:36,9809.127,10139964.000,68.994,52.995
25/07/24 03:37:37,9230.074,10792508.000,78.001,61.000
25/07/24 03:37:38,10672.113,10738716.000,67.013,52.010
25/07/24 03:37:39,9064.566,9400684.000,75.778,58.512
25/07/24 03:37:40,9010.712,10522100.000,92.926,56.382
25/07/24 03:37:41,10032.849,10262668.000,78.022,62.018
25/07/24 03:37:42,9379.803,11294752.000,74.998,62.999
25/07/24 03:37:43,10488.522,9950788.000,81.600,63.687
25/07/24 03:37:44,5628.135,9328476.000,81.407,60.301
25/07/24 03:37:45,2249.238,9334708.000,72.975,60.979
25/07/24 03:37:46,939.936,9330304.000,57.996,47.997
25/07/24 03:37:47,1060.135,9327512.000,63.008,55.007
25/07/24 03:37:48,479.998,9327112.000,59.000,46.000
25/07/24 03:37:49,929.888,9325020.000,60.993,50.994
25/07/24 03:37:50,1239.922,9324396.000,59.996,48.997
25/07/24 03:37:51,640.047,9325032.000,58.004,47.003
25/07/24 03:37:52,1069.990,9323552.000,65.999,55.999
25/07/24 03:37:53,1130.009,9320384.000,57.000,46.000
25/07/24 03:37:54,1669.985,9329212.000,63.999,51.000
25/07/24 03:37:55,1310.219,9329876.000,60.010,49.008
25/07/24 03:37:56,779.836,9324276.000,61.987,51.989
25/07/24 03:37:57,1400.176,9323652.000,61.008,54.007
25/07/24 03:37:58,1939.566,9328920.000,64.985,54.988
25/07/24 03:37:59,500.129,9331164.000,61.016,51.013
25/07/24 03:38:00,1590.192,9331128.000,64.008,52.006
25/07/24 03:38:01,1609.496,9333968.000,63.980,51.984
25/07/24 03:38:02,1950.534,9327756.000,68.019,56.015
25/07/24 03:38:03,2130.339,9328764.000,67.011,55.009
25/07/24 03:38:04,3019.423,9339760.000,70.986,56.989
25/07/24 03:38:05,1727.588,9346520.000,69.479,57.273
